ISO-10303-21;
HEADER;
/* Generated by software containing ST-Developer
 * from STEP Tools, Inc. (www.steptools.com) 
 */

FILE_DESCRIPTION(
/* description */ (''),
/* implementation_level */ '2;1');

FILE_NAME(
/* name */ 'SeedPlacer.step',
/* time_stamp */ '2026-06-02T12:05:14+02:00',
/* author */ (''),
/* organization */ (''),
/* preprocessor_version */ 'ST-DEVELOPER v20.1',
/* originating_system */ 'Autodesk Translation Framework v15.8.0.0',
/* authorisation */ '');

FILE_SCHEMA (('AUTOMOTIVE_DESIGN { 1 0 10303 214 3 1 1 }'));
ENDSEC;

DATA;
#10=MECHANICAL_DESIGN_GEOMETRIC_PRESENTATION_REPRESENTATION('',(#9248,#9249,
#9250,#9251,#9252,#9253,#9254,#9255,#9256,#9257,#9258,#9259,#9260,#9261,
#9262,#9263,#9264,#9265,#9266,#9267,#9268,#9269,#9270,#9271,#9272,#9273,
#9274,#9275,#9276,#9277,#9278,#9279,#9280,#9281,#9282,#9283,#9284,#9285,
#9286,#9287,#9288,#9289,#9290,#9291,#9292,#9293,#9294,#9295,#9296,#9297,
#9298,#9299,#9300,#9301,#9302,#9303,#9304,#9305,#9306,#9307,#9308,#9309,
#9310,#9311,#9312,#9313,#9314,#9315,#9316,#9317,#9318,#9319,#9320,#9321,
#9322,#9323,#9324,#9325,#9326,#9327,#9328,#9329,#9330,#9331,#9332,#9333,
#9334,#9335,#9336,#9337,#9338,#9339,#9340,#9341,#9342,#9343,#9344,#9345,
#9346,#9347,#9348,#9349,#9350,#9351,#9352,#9353,#9354,#9355,#9356,#9357,
#9358,#9359,#9360,#9361,#9362,#9363,#9364,#9365,#9366,#9367,#9368,#9369,
#9370,#9371,#9372,#9373,#9374,#9375,#9376,#9377,#9378,#9379,#9380,#9381,
#9382,#9383,#9384,#9385,#9386,#9387,#9388,#9389,#9390,#9391,#9392,#9393,
#9394,#9395,#9396,#9397,#9398,#9399,#9400,#9401,#9402,#9403,#9404,#9405,
#9406,#9407,#9408,#9409,#9410,#9411,#9412,#9413,#9414,#9415,#9416,#9417,
#9418,#9419,#9420,#9421,#9422,#9423,#9424,#9425,#9426,#9427,#9428,#9429,
#9430,#9431,#9432,#9433,#9434,#9435,#9436,#9437,#9438,#9439,#9440,#9441,
#9442,#9443,#9444,#9445,#9446,#9447,#9448,#9449,#9450,#9451,#9452,#9453,
#9454,#9455,#9456,#9457,#9458,#9459,#9460,#9461,#9462,#9463,#9464,#9465,
#9466,#9467,#9468,#9469,#9470,#9471,#9472,#9473,#9474,#9475,#9476,#9477,
#9478,#9479,#9480,#9481,#9482,#9483,#9484,#9485,#9486,#9487,#9488,#9489,
#9490,#9491,#9492,#9493,#9494,#9495,#9496,#9497,#9498,#9499,#9500,#9501,
#9502,#9503,#9504,#9505,#9506,#9507,#9508,#9509,#9510,#9511,#9512,#9513,
#9514,#9515,#9516,#9517,#9518,#9519,#9520,#9521,#9522,#9523,#9524,#9525),
#17656);
#11=CONTEXT_DEPENDENT_OVER_RIDING_STYLED_ITEM('',(#17793),#17717,#9525,
(#59));
#12=MAPPED_ITEM('',#13,#11328);
#13=REPRESENTATION_MAP(#11328,#17708);
#14=OPEN_SHELL('',(#9878,#9879));
#15=OPEN_SHELL('',(#9880,#9881));
#16=OPEN_SHELL('',(#9882,#9883));
#17=OPEN_SHELL('',(#9884,#9885));
#18=OPEN_SHELL('',(#9886,#9887));
#19=OPEN_SHELL('',(#9888,#9889));
#20=SHELL_BASED_SURFACE_MODEL('Body5',(#14));
#21=SHELL_BASED_SURFACE_MODEL('Body6',(#15));
#22=SHELL_BASED_SURFACE_MODEL('Body7',(#16));
#23=SHELL_BASED_SURFACE_MODEL('Body8',(#17));
#24=SHELL_BASED_SURFACE_MODEL('Body9',(#18));
#25=SHELL_BASED_SURFACE_MODEL('Body10',(#19));
#26=(
BOUNDED_SURFACE()
B_SPLINE_SURFACE(2,1,((#16360,#16361),(#16362,#16363),(#16364,#16365),(#16366,
#16367),(#16368,#16369),(#16370,#16371),(#16372,#16373),(#16374,#16375),
(#16376,#16377)),.UNSPECIFIED.,.T.,.F.,.F.)
B_SPLINE_SURFACE_WITH_KNOTS((3,2,2,2,3),(2,2),(-3.14159265358979,-1.5707963267949,
0.,1.5707963267949,3.14159265358979),(-0.00499999999999959,0.505000000000003),
 .UNSPECIFIED.)
GEOMETRIC_REPRESENTATION_ITEM()
RATIONAL_B_SPLINE_SURFACE(((1.,1.),(0.707106781186539,0.707106781186539),
(1.,1.),(0.707106781186539,0.707106781186539),(1.,1.),(0.707106781186539,
0.707106781186539),(1.,1.),(0.707106781186539,0.707106781186539),(1.,1.)))
REPRESENTATION_ITEM('')
SURFACE()
);
#27=(
BOUNDED_SURFACE()
B_SPLINE_SURFACE(2,1,((#16383,#16384),(#16385,#16386),(#16387,#16388),(#16389,
#16390),(#16391,#16392),(#16393,#16394),(#16395,#16396),(#16397,#16398),
(#16399,#16400)),.UNSPECIFIED.,.T.,.F.,.F.)
B_SPLINE_SURFACE_WITH_KNOTS((3,2,2,2,3),(2,2),(-3.14159265358979,-1.5707963267949,
0.,1.5707963267949,3.14159265358979),(-0.00499999999999959,0.505000000000004),
 .UNSPECIFIED.)
GEOMETRIC_REPRESENTATION_ITEM()
RATIONAL_B_SPLINE_SURFACE(((1.,1.),(0.707106781186539,0.707106781186539),
(1.,1.),(0.707106781186539,0.707106781186539),(1.,1.),(0.707106781186539,
0.707106781186539),(1.,1.),(0.707106781186539,0.707106781186539),(1.,1.)))
REPRESENTATION_ITEM('')
SURFACE()
);
#28=(
BOUNDED_SURFACE()
B_SPLINE_SURFACE(2,1,((#16480,#16481),(#16482,#16483),(#16484,#16485),(#16486,
#16487),(#16488,#16489),(#16490,#16491),(#16492,#16493),(#16494,#16495),
(#16496,#16497)),.UNSPECIFIED.,.T.,.F.,.F.)
B_SPLINE_SURFACE_WITH_KNOTS((3,2,2,2,3),(2,2),(-3.14159265358979,-1.5707963267949,
0.,1.5707963267949,3.14159265358979),(-0.505000000000004,0.00500000000000089),
 .UNSPECIFIED.)
GEOMETRIC_REPRESENTATION_ITEM()
RATIONAL_B_SPLINE_SURFACE(((1.,1.),(0.707106781186539,0.707106781186539),
(1.,1.),(0.707106781186539,0.707106781186539),(1.,1.),(0.707106781186539,
0.707106781186539),(1.,1.),(0.707106781186539,0.707106781186539),(1.,1.)))
REPRESENTATION_ITEM('')
SURFACE()
);
#29=(
BOUNDED_SURFACE()
B_SPLINE_SURFACE(2,1,((#16503,#16504),(#16505,#16506),(#16507,#16508),(#16509,
#16510),(#16511,#16512),(#16513,#16514),(#16515,#16516),(#16517,#16518),
(#16519,#16520)),.UNSPECIFIED.,.T.,.F.,.F.)
B_SPLINE_SURFACE_WITH_KNOTS((3,2,2,2,3),(2,2),(-3.14159265358979,-1.5707963267949,
0.,1.5707963267949,3.14159265358979),(-0.505000000000004,0.00500000000000089),
 .UNSPECIFIED.)
GEOMETRIC_REPRESENTATION_ITEM()
RATIONAL_B_SPLINE_SURFACE(((1.,1.),(0.707106781186539,0.707106781186539),
(1.,1.),(0.707106781186539,0.707106781186539),(1.,1.),(0.707106781186539,
0.707106781186539),(1.,1.),(0.707106781186539,0.707106781186539),(1.,1.)))
REPRESENTATION_ITEM('')
SURFACE()
);
#30=ORIENTED_CLOSED_SHELL('',*,#10096,.F.);
#31=ORIENTED_CLOSED_SHELL('',*,#10097,.F.);
#32=ORIENTED_CLOSED_SHELL('',*,#10098,.F.);
#33=ORIENTED_CLOSED_SHELL('',*,#10099,.F.);
#34=ORIENTED_CLOSED_SHELL('',*,#10100,.F.);
#35=BREP_WITH_VOIDS('Body1',#10101,(#30,#31,#32,#33,#34));
#36=ITEM_DEFINED_TRANSFORMATION($,$,#10273,#10410);
#37=ITEM_DEFINED_TRANSFORMATION($,$,#10272,#11314);
#38=ITEM_DEFINED_TRANSFORMATION($,$,#10411,#11315);
#39=ITEM_DEFINED_TRANSFORMATION($,$,#10915,#11316);
#40=ITEM_DEFINED_TRANSFORMATION($,$,#10948,#11317);
#41=ITEM_DEFINED_TRANSFORMATION($,$,#10957,#11318);
#42=ITEM_DEFINED_TRANSFORMATION($,$,#10966,#11319);
#43=ITEM_DEFINED_TRANSFORMATION($,$,#11132,#11320);
#44=ITEM_DEFINED_TRANSFORMATION($,$,#11141,#11321);
#45=ITEM_DEFINED_TRANSFORMATION($,$,#11228,#11322);
#46=ITEM_DEFINED_TRANSFORMATION($,$,#11237,#11323);
#47=ITEM_DEFINED_TRANSFORMATION($,$,#11246,#11324);
#48=ITEM_DEFINED_TRANSFORMATION($,$,#11255,#11325);
#49=ITEM_DEFINED_TRANSFORMATION($,$,#11288,#11326);
#50=ITEM_DEFINED_TRANSFORMATION($,$,#11289,#11327);
#51=(
REPRESENTATION_RELATIONSHIP($,$,#17710,#17709)
REPRESENTATION_RELATIONSHIP_WITH_TRANSFORMATION(#36)
SHAPE_REPRESENTATION_RELATIONSHIP()
);
#52=(
REPRESENTATION_RELATIONSHIP($,$,#17709,#17708)
REPRESENTATION_RELATIONSHIP_WITH_TRANSFORMATION(#37)
SHAPE_REPRESENTATION_RELATIONSHIP()
);
#53=(
REPRESENTATION_RELATIONSHIP($,$,#17711,#17708)
REPRESENTATION_RELATIONSHIP_WITH_TRANSFORMATION(#38)
SHAPE_REPRESENTATION_RELATIONSHIP()
);
#54=(
REPRESENTATION_RELATIONSHIP($,$,#17712,#17708)
REPRESENTATION_RELATIONSHIP_WITH_TRANSFORMATION(#39)
SHAPE_REPRESENTATION_RELATIONSHIP()
);
#55=(
REPRESENTATION_RELATIONSHIP($,$,#17713,#17708)
REPRESENTATION_RELATIONSHIP_WITH_TRANSFORMATION(#40)
SHAPE_REPRESENTATION_RELATIONSHIP()
);
#56=(
REPRESENTATION_RELATIONSHIP($,$,#17714,#17708)
REPRESENTATION_RELATIONSHIP_WITH_TRANSFORMATION(#41)
SHAPE_REPRESENTATION_RELATIONSHIP()
);
#57=(
REPRESENTATION_RELATIONSHIP($,$,#17715,#17708)
REPRESENTATION_RELATIONSHIP_WITH_TRANSFORMATION(#42)
SHAPE_REPRESENTATION_RELATIONSHIP()
);
#58=(
REPRESENTATION_RELATIONSHIP($,$,#17716,#17708)
REPRESENTATION_RELATIONSHIP_WITH_TRANSFORMATION(#43)
SHAPE_REPRESENTATION_RELATIONSHIP()
);
#59=(
REPRESENTATION_RELATIONSHIP($,$,#17717,#17708)
REPRESENTATION_RELATIONSHIP_WITH_TRANSFORMATION(#44)
SHAPE_REPRESENTATION_RELATIONSHIP()
);
#60=(
REPRESENTATION_RELATIONSHIP($,$,#17718,#17708)
REPRESENTATION_RELATIONSHIP_WITH_TRANSFORMATION(#45)
SHAPE_REPRESENTATION_RELATIONSHIP()
);
#61=(
REPRESENTATION_RELATIONSHIP($,$,#17719,#17708)
REPRESENTATION_RELATIONSHIP_WITH_TRANSFORMATION(#46)
SHAPE_REPRESENTATION_RELATIONSHIP()
);
#62=(
REPRESENTATION_RELATIONSHIP($,$,#17720,#17708)
REPRESENTATION_RELATIONSHIP_WITH_TRANSFORMATION(#47)
SHAPE_REPRESENTATION_RELATIONSHIP()
);
#63=(
REPRESENTATION_RELATIONSHIP($,$,#17721,#17708)
REPRESENTATION_RELATIONSHIP_WITH_TRANSFORMATION(#48)
SHAPE_REPRESENTATION_RELATIONSHIP()
);
#64=(
REPRESENTATION_RELATIONSHIP($,$,#17722,#17708)
REPRESENTATION_RELATIONSHIP_WITH_TRANSFORMATION(#49)
SHAPE_REPRESENTATION_RELATIONSHIP()
);
#65=(
REPRESENTATION_RELATIONSHIP($,$,#17723,#17708)
REPRESENTATION_RELATIONSHIP_WITH_TRANSFORMATION(#50)
SHAPE_REPRESENTATION_RELATIONSHIP()
);
#66=CONTEXT_DEPENDENT_SHAPE_REPRESENTATION(#51,#17680);
#67=CONTEXT_DEPENDENT_SHAPE_REPRESENTATION(#52,#17694);
#68=CONTEXT_DEPENDENT_SHAPE_REPRESENTATION(#53,#17695);
#69=CONTEXT_DEPENDENT_SHAPE_REPRESENTATION(#54,#17696);
#70=CONTEXT_DEPENDENT_SHAPE_REPRESENTATION(#55,#17697);
#71=CONTEXT_DEPENDENT_SHAPE_REPRESENTATION(#56,#17698);
#72=CONTEXT_DEPENDENT_SHAPE_REPRESENTATION(#57,#17699);
#73=CONTEXT_DEPENDENT_SHAPE_REPRESENTATION(#58,#17700);
#74=CONTEXT_DEPENDENT_SHAPE_REPRESENTATION(#59,#17701);
#75=CONTEXT_DEPENDENT_SHAPE_REPRESENTATION(#60,#17702);
#76=CONTEXT_DEPENDENT_SHAPE_REPRESENTATION(#61,#17703);
#77=CONTEXT_DEPENDENT_SHAPE_REPRESENTATION(#62,#17704);
#78=CONTEXT_DEPENDENT_SHAPE_REPRESENTATION(#63,#17705);
#79=CONTEXT_DEPENDENT_SHAPE_REPRESENTATION(#64,#17706);
#80=CONTEXT_DEPENDENT_SHAPE_REPRESENTATION(#65,#17707);
#81=NEXT_ASSEMBLY_USAGE_OCCURRENCE('\X\D86 UNI\X\C3O T (C00600600):1',
'\X\D86 UNI\X\C3O T (C00600600):1','\X\D86 UNI\X\C3O T (C00600600):1',#17726,
#17727,'\X\D86 UNI\X\C3O T (C00600600):1');
#82=NEXT_ASSEMBLY_USAGE_OCCURRENCE('UNI\X\C3O T v2:1','UNI\X\C3O T v2:
1','UNI\X\C3O T v2:1',#17725,#17726,'UNI\X\C3O T v2:1');
#83=NEXT_ASSEMBLY_USAGE_OCCURRENCE('sparkfun_vacuum_pump v2:1',
'sparkfun_vacuum_pump v2:1','sparkfun_vacuum_pump v2:1',#17725,#17728,
'sparkfun_vacuum_pump v2:1');
#84=NEXT_ASSEMBLY_USAGE_OCCURRENCE('Parametric Needle v4:1',
'Parametric Needle v4:1','Parametric Needle v4:1',#17725,#17729,
'Parametric Needle v4:1');
#85=NEXT_ASSEMBLY_USAGE_OCCURRENCE('Component1:1','Component1:1',
'Component1:1',#17725,#17730,'Component1:1');
#86=NEXT_ASSEMBLY_USAGE_OCCURRENCE('Component2:1','Component2:1',
'Component2:1',#17725,#17731,'Component2:1');
#87=NEXT_ASSEMBLY_USAGE_OCCURRENCE('mpx2050 v2:1','mpx2050 v2:1',
'mpx2050 v2:1',#17725,#17732,'mpx2050 v2:1');
#88=NEXT_ASSEMBLY_USAGE_OCCURRENCE('Component4:1','Component4:1',
'Component4:1',#17725,#17733,'Component4:1');
#89=NEXT_ASSEMBLY_USAGE_OCCURRENCE('Component5:1','Component5:1',
'Component5:1',#17725,#17734,'Component5:1');
#90=NEXT_ASSEMBLY_USAGE_OCCURRENCE('Component7:1','Component7:1',
'Component7:1',#17725,#17735,'Component7:1');
#91=NEXT_ASSEMBLY_USAGE_OCCURRENCE('Component9:1','Component9:1',
'Component9:1',#17725,#17736,'Component9:1');
#92=NEXT_ASSEMBLY_USAGE_OCCURRENCE('Component10:1','Component10:1',
'Component10:1',#17725,#17737,'Component10:1');
#93=NEXT_ASSEMBLY_USAGE_OCCURRENCE('Component14:1','Component14:1',
'Component14:1',#17725,#17738,'Component14:1');
#94=NEXT_ASSEMBLY_USAGE_OCCURRENCE('Component15:1','Component15:1',
'Component15:1',#17725,#17739,'Component15:1');
#95=NEXT_ASSEMBLY_USAGE_OCCURRENCE('Component16:1','Component16:1',
'Component16:1',#17725,#17740,'Component16:1');
#96=SHAPE_REPRESENTATION_RELATIONSHIP('SRR','None',#17710,#109);
#97=SHAPE_REPRESENTATION_RELATIONSHIP('SRR','None',#17711,#110);
#98=SHAPE_REPRESENTATION_RELATIONSHIP('SRR','None',#17712,#111);
#99=SHAPE_REPRESENTATION_RELATIONSHIP('SRR','None',#17713,#112);
#100=SHAPE_REPRESENTATION_RELATIONSHIP('SRR','None',#17714,#113);
#101=SHAPE_REPRESENTATION_RELATIONSHIP('SRR','None',#17715,#114);
#102=SHAPE_REPRESENTATION_RELATIONSHIP('SRR','None',#17716,#115);
#103=SHAPE_REPRESENTATION_RELATIONSHIP('SRR','None',#17717,#116);
#104=SHAPE_REPRESENTATION_RELATIONSHIP('SRR','None',#17718,#117);
#105=SHAPE_REPRESENTATION_RELATIONSHIP('SRR','None',#17719,#118);
#106=SHAPE_REPRESENTATION_RELATIONSHIP('SRR','None',#17720,#119);
#107=SHAPE_REPRESENTATION_RELATIONSHIP('SRR','None',#17721,#120);
#108=SHAPE_REPRESENTATION_RELATIONSHIP('SRR','None',#17723,#121);
#109=ADVANCED_BREP_SHAPE_REPRESENTATION('',(#122),#17642);
#110=ADVANCED_BREP_SHAPE_REPRESENTATION('',(#35,#123,#124,#125),#17643);
#111=ADVANCED_BREP_SHAPE_REPRESENTATION('',(#126),#17644);
#112=ADVANCED_BREP_SHAPE_REPRESENTATION('',(#127),#17645);
#113=ADVANCED_BREP_SHAPE_REPRESENTATION('',(#128),#17646);
#114=ADVANCED_BREP_SHAPE_REPRESENTATION('',(#129),#17647);
#115=ADVANCED_BREP_SHAPE_REPRESENTATION('',(#130),#17648);
#116=ADVANCED_BREP_SHAPE_REPRESENTATION('',(#131),#17649);
#117=ADVANCED_BREP_SHAPE_REPRESENTATION('',(#132),#17650);
#118=ADVANCED_BREP_SHAPE_REPRESENTATION('',(#133),#17651);
#119=ADVANCED_BREP_SHAPE_REPRESENTATION('',(#134),#17652);
#120=ADVANCED_BREP_SHAPE_REPRESENTATION('',(#135),#17653);
#121=ADVANCED_BREP_SHAPE_REPRESENTATION('',(#136),#17655);
#122=MANIFOLD_SOLID_BREP('Body1',#10095);
#123=MANIFOLD_SOLID_BREP('Body2',#10102);
#124=MANIFOLD_SOLID_BREP('Body3',#10103);
#125=MANIFOLD_SOLID_BREP('Body4',#10104);
#126=MANIFOLD_SOLID_BREP('Body1',#10105);
#127=MANIFOLD_SOLID_BREP('Body1',#10106);
#128=MANIFOLD_SOLID_BREP('Body1',#10107);
#129=MANIFOLD_SOLID_BREP('Body1',#10108);
#130=MANIFOLD_SOLID_BREP('Body1',#10109);
#131=MANIFOLD_SOLID_BREP('Body1',#10110);
#132=MANIFOLD_SOLID_BREP('Body1',#10111);
#133=MANIFOLD_SOLID_BREP('Body1',#10112);
#134=MANIFOLD_SOLID_BREP('Body1',#10113);
#135=MANIFOLD_SOLID_BREP('Body1',#10114);
#136=MANIFOLD_SOLID_BREP('Body1',#10115);
#137=CONICAL_SURFACE('',#10296,3.65,1.39485670134237);
#138=CONICAL_SURFACE('',#10307,5.2,1.39626340159518);
#139=CONICAL_SURFACE('',#10314,6.05,0.0996686524911613);
#140=CONICAL_SURFACE('',#10319,6.25,0.785398163397447);
#141=CONICAL_SURFACE('',#10330,6.25,0.0996686524911623);
#142=CONICAL_SURFACE('',#10337,6.,1.39626340159543);
#143=CONICAL_SURFACE('',#10348,5.9,1.39485670134237);
#144=CONICAL_SURFACE('',#10357,5.,0.785398163397449);
#145=CONICAL_SURFACE('',#10366,5.,0.785398163397448);
#146=CONICAL_SURFACE('',#10370,6.25,0.0996686524911613);
#147=CONICAL_SURFACE('',#10377,6.,1.39626340159519);
#148=CONICAL_SURFACE('',#10388,5.9,1.39485670134237);
#149=CONICAL_SURFACE('',#10699,3.25,0.0996686524911683);
#150=CONICAL_SURFACE('',#10708,3.25,0.0996686524911683);
#151=CONICAL_SURFACE('',#10824,0.6857692461084,1.02974425867665);
#152=CONICAL_SURFACE('',#10827,0.6857692461084,1.02974425867665);
#153=CONICAL_SURFACE('',#10830,0.6857692461084,1.02974425867665);
#154=CONICAL_SURFACE('',#10833,0.6857692461084,1.02974425867665);
#155=CONICAL_SURFACE('',#10836,0.6857692461084,1.02974425867665);
#156=CONICAL_SURFACE('',#10839,0.6857692461084,1.02974425867665);
#157=CONICAL_SURFACE('',#10943,2.5,0.0831412423706391);
#158=CONICAL_SURFACE('',#10945,1.50000000745058,0.463647597079877);
#159=CONICAL_SURFACE('',#11057,1.85,0.451192863521755);
#160=CONICAL_SURFACE('',#11064,2.35916544492805,0.57564151854655);
#161=CONICAL_SURFACE('',#11069,1.74533065442144,0.253512345712931);
#162=CONICAL_SURFACE('',#11074,2.84892997117578,1.50317731033626);
#163=CONICAL_SURFACE('',#11082,1.84252852046561,0.00384477651502213);
#164=CONICAL_SURFACE('',#11086,1.85710700756394,0.264856857510549);
#165=CONICAL_SURFACE('',#11088,2.88806722745341,1.56187751813576);
#166=CONICAL_SURFACE('',#11158,1.65,0.148889947609496);
#167=CONICAL_SURFACE('',#11277,2.7,0.0996686524911621);
#168=CONICAL_SURFACE('',#11281,4.70498726826545,0.0996686524911702);
#169=CONICAL_SURFACE('',#11290,6.,0.0996686524911617);
#170=B_SPLINE_CURVE_WITH_KNOTS('',3,(#14339,#14340,#14341,#14342,#14343,
#14344,#14345,#14346,#14347,#14348,#14349,#14350,#14351,#14352,#14353,#14354,
#14355,#14356,#14357,#14358,#14359,#14360,#14361,#14362,#14363,#14364,#14365,
#14366,#14367,#14368,#14369,#14370,#14371,#14372,#14373,#14374,#14375,#14376,
#14377,#14378,#14379,#14380,#14381,#14382,#14383,#14384,#14385,#14386,#14387,
#14388,#14389,#14390,#14391,#14392,#14393,#14394,#14395,#14396,#14397,#14398,
#14399,#14400,#14401,#14402,#14403,#14404,#14405,#14406,#14407,#14408,#14409,
#14410,#14411,#14412,#14413,#14414,#14415,#14416,#14417,#14418,#14419,#14420,
#14421,#14422,#14423,#14424,#14425,#14426,#14427,#14428,#14429,#14430,#14431,
#14432,#14433,#14434,#14435),.UNSPECIFIED.,.F.,.F.,(4,3,3,3,3,3,3,3,3,3,
3,3,3,3,3,3,3,3,3,3,3,3,3,3,3,3,3,3,3,3,3,3,4),(0.,0.098174770424681,0.194838451737349,
0.293768766718037,0.392699081698724,0.490873852123405,0.588690470160886,
0.687044316779167,0.785398163397448,0.883572933822129,0.981385711147938,
1.07974147812205,1.17809724509617,1.27627201552085,1.37411852765231,1.4724574272236,
1.5707963267949,1.66897109721958,1.76687896243728,1.86518718546545,1.96349540849362,
2.0616701789183,2.1594454426641,2.25781996642822,2.35619449019234,2.45436926061703,
2.55223011580448,2.65056184384777,2.74889357189107,2.84706834231575,2.94361518884322,
3.04260392121651,3.14159265358979),.UNSPECIFIED.);
#171=B_SPLINE_CURVE_WITH_KNOTS('',3,(#14487,#14488,#14489,#14490,#14491,
#14492),.UNSPECIFIED.,.F.,.F.,(4,2,4),(3.09551939015203,3.18960040880709,
3.21489428778173),.UNSPECIFIED.);
#172=B_SPLINE_CURVE_WITH_KNOTS('',3,(#14494,#14495,#14496,#14497,#14498,
#14499,#14500,#14501,#14502,#14503,#14504,#14505),.UNSPECIFIED.,.F.,.F.,
(4,2,2,2,2,4),(2.57959949179336,2.69044694913317,2.80129440647299,2.90735735284193,
3.00143837149698,3.09551939015203),.UNSPECIFIED.);
#173=B_SPLINE_CURVE_WITH_KNOTS('',3,(#14508,#14509,#14510,#14511,#14512,
#14513,#14514,#14515,#14516,#14517,#14518,#14519),.UNSPECIFIED.,.F.,.F.,
(4,2,2,2,2,4),(2.06367959343469,2.15776061208974,2.25184163074479,2.35790457711373,
2.46875203445355,2.57959949179336),.UNSPECIFIED.);
#174=B_SPLINE_CURVE_WITH_KNOTS('',3,(#14520,#14521,#14522,#14523,#14524,
#14525),.UNSPECIFIED.,.F.,.F.,(4,2,4),(1.94430469580496,1.96959857477963,
2.06367959343469),.UNSPECIFIED.);
#175=B_SPLINE_CURVE_WITH_KNOTS('',3,(#14528,#14529,#14530,#14531,#14532,
#14533,#14534,#14535),.UNSPECIFIED.,.F.,.F.,(4,2,2,4),(0.780919085205689,
0.908647188488127,1.03637529177057,1.12833156860949),.UNSPECIFIED.);
#176=B_SPLINE_CURVE_WITH_KNOTS('',3,(#14539,#14540,#14541,#14542,#14543,
#14544,#14545,#14546),.UNSPECIFIED.,.F.,.F.,(4,2,2,4),(0.433506601801882,
0.525462878640812,0.653190981923251,0.780919085205689),.UNSPECIFIED.);
#177=B_SPLINE_CURVE_WITH_KNOTS('',3,(#14556,#14557,#14558,#14559,#14560,
#14561,#14562,#14563,#14564,#14565,#14566,#14567,#14568,#14569,#14570,#14571),
 .UNSPECIFIED.,.F.,.F.,(4,2,2,2,2,2,2,4),(-1.67857721207947,-1.65657040393731,
-1.58937140771814,-1.52217241149897,-1.4549734152798,-1.35612529607954,
-1.25727717687928,-1.05958093847876),.UNSPECIFIED.);
#178=B_SPLINE_CURVE_WITH_KNOTS('',3,(#14573,#14574,#14575,#14576,#14577,
#14578,#14579,#14580,#14581,#14582,#14583,#14584,#14585,#14586,#14587,#14588),
 .UNSPECIFIED.,.F.,.F.,(4,2,2,2,2,2,2,4),(-1.05958093847876,-0.861884700078239,
-0.763036580877979,-0.664188461677719,-0.596989465458549,-0.52979046923938,
-0.46259147302021,-0.440584664878045),.UNSPECIFIED.);
#179=B_SPLINE_CURVE_WITH_KNOTS('',3,(#14589,#14590,#14591,#14592,#14593,
#14594,#14595,#14596,#14597,#14598,#14599),.UNSPECIFIED.,.F.,.F.,(4,2,3,
2,4),(-0.383073257031474,-0.203234790014096,0.,0.203234790014096,0.383073257031474),
 .UNSPECIFIED.);
#180=B_SPLINE_CURVE_WITH_KNOTS('',3,(#14610,#14611,#14612,#14613,#14614,
#14615,#14616,#14617,#14618,#14619,#14620,#14621,#14622,#14623,#14624,#14625,
#14626,#14627,#14628,#14629,#14630,#14631,#14632,#14633,#14634,#14635,#14636),
 .UNSPECIFIED.,.F.,.F.,(4,3,2,2,2,2,2,2,2,2,2,2,4),(-0.0912186510633416,
0.,0.0940810186550529,0.188162037310106,0.294224983679045,0.405072441018858,
0.515919898358671,0.626767355698484,0.737614813038297,0.843677759407236,
0.937758778062289,1.03183979671734,1.12305844778091),.UNSPECIFIED.);
#181=B_SPLINE_CURVE_WITH_KNOTS('',3,(#14688,#14689,#14690,#14691,#14692,
#14693,#14694,#14695),.UNSPECIFIED.,.F.,.F.,(4,2,2,4),(0.75028513122486,
0.872836255518022,0.995387379811184,1.11093481033012),.UNSPECIFIED.);
#182=B_SPLINE_CURVE_WITH_KNOTS('',3,(#14699,#14700,#14701,#14702,#14703,
#14704,#14705,#14706),.UNSPECIFIED.,.F.,.F.,(4,2,2,4),(0.389635452119602,
0.505182882638535,0.627734006931697,0.75028513122486),.UNSPECIFIED.);
#183=B_SPLINE_CURVE_WITH_KNOTS('',3,(#14727,#14728,#14729,#14730,#14731,
#14732,#14733,#14734),.UNSPECIFIED.,.F.,.F.,(4,2,2,4),(0.780919085205689,
0.908647188488127,1.03637529177056,1.12833156860949),.UNSPECIFIED.);
#184=B_SPLINE_CURVE_WITH_KNOTS('',3,(#14736,#14737,#14738,#14739,#14740,
#14741,#14742,#14743),.UNSPECIFIED.,.F.,.F.,(4,2,2,4),(0.433506601801883,
0.525462878640812,0.65319098192325,0.780919085205689),.UNSPECIFIED.);
#185=B_SPLINE_CURVE_WITH_KNOTS('',3,(#14750,#14751,#14752,#14753,#14754,
#14755,#14756,#14757,#14758,#14759,#14760,#14761),.UNSPECIFIED.,.F.,.F.,
(4,2,2,2,2,4),(1.03183979671734,1.1259208153724,1.22000183402745,1.32606478039639,
1.4369122377362,1.54775969507602),.UNSPECIFIED.);
#186=B_SPLINE_CURVE_WITH_KNOTS('',3,(#14762,#14763,#14764,#14765,#14766,
#14767),.UNSPECIFIED.,.F.,.F.,(4,2,4),(0.912464899087642,0.937758778062291,
1.03183979671734),.UNSPECIFIED.);
#187=B_SPLINE_CURVE_WITH_KNOTS('',3,(#14769,#14770,#14771,#14772,#14773,
#14774),.UNSPECIFIED.,.F.,.F.,(4,2,4),(2.06367959343469,2.15776061208974,
2.18305449106439),.UNSPECIFIED.);
#188=B_SPLINE_CURVE_WITH_KNOTS('',3,(#14775,#14776,#14777,#14778,#14779,
#14780,#14781,#14782,#14783,#14784,#14785,#14786),.UNSPECIFIED.,.F.,.F.,
(4,2,2,2,2,4),(1.54775969507602,1.65860715241583,1.76945460975564,1.87551755612458,
1.96959857477963,2.06367959343469),.UNSPECIFIED.);
#189=B_SPLINE_CURVE_WITH_KNOTS('',3,(#14997,#14998,#14999,#15000,#15001,
#15002,#15003,#15004,#15005,#15006,#15007,#15008,#15009,#15010,#15011,#15012,
#15013,#15014),.UNSPECIFIED.,.F.,.F.,(4,2,2,2,2,2,2,2,4),(0.45912666657045,
0.581464994421612,0.703803322272774,0.817213691839043,0.930624061405312,
1.04403443097158,1.15744480053785,1.27978312838901,1.40212145624017),
 .UNSPECIFIED.);
#190=B_SPLINE_CURVE_WITH_KNOTS('',3,(#15017,#15018,#15019,#15020,#15021,
#15022,#15023,#15024,#15025,#15026,#15027,#15028,#15029,#15030,#15031,#15032,
#15033,#15034,#15035),.UNSPECIFIED.,.F.,.F.,(4,2,2,2,3,2,2,2,4),(1.38975072797576,
1.51208905582692,1.63442738367809,1.74783775324435,1.86124812281062,1.97465849237689,
2.08806886194316,2.21040718979432,2.33274551764548),.UNSPECIFIED.);
#191=B_SPLINE_CURVE_WITH_KNOTS('',3,(#15040,#15041,#15042,#15043,#15044,
#15045,#15046,#15047,#15048,#15049,#15050,#15051,#15052,#15053,#15054,#15055,
#15056,#15057,#15058),.UNSPECIFIED.,.F.,.F.,(4,2,2,2,3,2,2,2,4),(1.38975072797576,
1.51208905582692,1.63442738367809,1.74783775324435,1.86124812281062,1.97465849237689,
2.08806886194316,2.21040718979432,2.33274551764548),.UNSPECIFIED.);
#192=B_SPLINE_CURVE_WITH_KNOTS('',3,(#15061,#15062,#15063,#15064,#15065,
#15066,#15067,#15068,#15069,#15070,#15071,#15072,#15073,#15074,#15075,#15076,
#15077,#15078),.UNSPECIFIED.,.F.,.F.,(4,2,2,2,2,2,2,2,4),(0.459126666570451,
0.581464994421612,0.703803322272774,0.817213691839043,0.930624061405312,
1.04403443097158,1.15744480053785,1.27978312838901,1.40212145624017),
 .UNSPECIFIED.);
#193=B_SPLINE_CURVE_WITH_KNOTS('',3,(#15120,#15121,#15122,#15123,#15124,
#15125,#15126,#15127,#15128,#15129,#15130,#15131,#15132,#15133,#15134,#15135,
#15136,#15137),.UNSPECIFIED.,.F.,.F.,(4,2,2,2,2,2,2,2,4),(0.458351668970323,
0.579605197925618,0.700858726880912,0.81419959587346,0.927540464866007,
1.04088133385855,1.1542222028511,1.2754757318064,1.39672926076169),
 .UNSPECIFIED.);
#194=B_SPLINE_CURVE_WITH_KNOTS('',3,(#15141,#15142,#15143,#15144,#15145,
#15146,#15147,#15148,#15149,#15150,#15151,#15152,#15153,#15154,#15155,#15156,
#15157,#15158),.UNSPECIFIED.,.F.,.F.,(4,2,2,2,2,2,2,2,4),(0.458351668970323,
0.579605197925618,0.700858726880912,0.81419959587346,0.927540464866007,
1.04088133385855,1.1542222028511,1.2754757318064,1.39672926076169),
 .UNSPECIFIED.);
#195=B_SPLINE_CURVE_WITH_KNOTS('',3,(#15222,#15223,#15224,#15225,#15226,
#15227,#15228,#15229,#15230,#15231,#15232,#15233,#15234,#15235,#15236,#15237,
#15238,#15239,#15240),.UNSPECIFIED.,.F.,.F.,(4,2,2,2,3,2,2,2,4),(1.38589213383633,
1.50714566279162,1.62839919174692,1.74174006073947,1.85508092973201,1.96842179872456,
2.08176266771711,2.2030161966724,2.3242697256277),.UNSPECIFIED.);
#196=B_SPLINE_CURVE_WITH_KNOTS('',3,(#15242,#15243,#15244,#15245,#15246,
#15247,#15248,#15249,#15250,#15251,#15252,#15253,#15254,#15255,#15256,#15257,
#15258,#15259,#15260),.UNSPECIFIED.,.F.,.F.,(4,2,2,2,3,2,2,2,4),(-0.469188795895685,
-0.34793526694039,-0.226681737985095,-0.113340868992547,-5.55111512312578E-17,
0.113340868992547,0.226681737985095,0.34793526694039,0.469188795895684),
 .UNSPECIFIED.);
#197=B_SPLINE_CURVE_WITH_KNOTS('',3,(#16103,#16104,#16105,#16106,#16107,
#16108,#16109,#16110,#16111,#16112,#16113,#16114),.UNSPECIFIED.,.F.,.F.,
(4,2,2,2,2,4),(-0.876776042700402,-0.835108356470628,-0.793440670240855,
-0.741209843130708,-0.688979016020561,-0.584517361800268),.UNSPECIFIED.);
#198=TOROIDAL_SURFACE('',#10290,3.42499999999988,0.29999999999988);
#199=TOROIDAL_SURFACE('',#10352,3.42499999999994,0.299999999999939);
#200=TOROIDAL_SURFACE('',#10392,3.42499999999988,0.29999999999988);
#201=TOROIDAL_SURFACE('',#10540,10.5,1.);
#202=TOROIDAL_SURFACE('',#10567,6.5,0.5);
#203=TOROIDAL_SURFACE('',#10574,5.5,0.5);
#204=TOROIDAL_SURFACE('',#10844,1.,0.5);
#205=FACE_BOUND('',#1282,.T.);
#206=FACE_BOUND('',#1285,.T.);
#207=FACE_BOUND('',#1289,.T.);
#208=FACE_BOUND('',#1293,.T.);
#209=FACE_BOUND('',#1296,.T.);
#210=FACE_BOUND('',#1300,.T.);
#211=FACE_BOUND('',#1305,.T.);
#212=FACE_BOUND('',#1307,.T.);
#213=FACE_BOUND('',#1311,.T.);
#214=FACE_BOUND('',#1315,.T.);
#215=FACE_BOUND('',#1318,.T.);
#216=FACE_BOUND('',#1322,.T.);
#217=FACE_BOUND('',#1332,.T.);
#218=FACE_BOUND('',#1336,.T.);
#219=FACE_BOUND('',#1339,.T.);
#220=FACE_BOUND('',#1343,.T.);
#221=FACE_BOUND('',#1347,.T.);
#222=FACE_BOUND('',#1349,.T.);
#223=FACE_BOUND('',#1351,.T.);
#224=FACE_BOUND('',#1353,.T.);
#225=FACE_BOUND('',#1356,.T.);
#226=FACE_BOUND('',#1383,.T.);
#227=FACE_BOUND('',#1384,.T.);
#228=FACE_BOUND('',#1385,.T.);
#229=FACE_BOUND('',#1386,.T.);
#230=FACE_BOUND('',#1388,.T.);
#231=FACE_BOUND('',#1389,.T.);
#232=FACE_BOUND('',#1397,.T.);
#233=FACE_BOUND('',#1398,.T.);
#234=FACE_BOUND('',#1399,.T.);
#235=FACE_BOUND('',#1421,.T.);
#236=FACE_BOUND('',#1422,.T.);
#237=FACE_BOUND('',#1425,.T.);
#238=FACE_BOUND('',#1426,.T.);
#239=FACE_BOUND('',#1427,.T.);
#240=FACE_BOUND('',#1428,.T.);
#241=FACE_BOUND('',#1429,.T.);
#242=FACE_BOUND('',#1449,.T.);
#243=FACE_BOUND('',#1481,.T.);
#244=FACE_BOUND('',#1482,.T.);
#245=FACE_BOUND('',#1502,.T.);
#246=FACE_BOUND('',#1504,.T.);
#247=FACE_BOUND('',#1506,.T.);
#248=FACE_BOUND('',#1508,.T.);
#249=FACE_BOUND('',#1517,.T.);
#250=FACE_BOUND('',#1518,.T.);
#251=FACE_BOUND('',#1519,.T.);
#252=FACE_BOUND('',#1520,.T.);
#253=FACE_BOUND('',#1521,.T.);
#254=FACE_BOUND('',#1522,.T.);
#255=FACE_BOUND('',#1523,.T.);
#256=FACE_BOUND('',#1524,.T.);
#257=FACE_BOUND('',#1525,.T.);
#258=FACE_BOUND('',#1526,.T.);
#259=FACE_BOUND('',#1527,.T.);
#260=FACE_BOUND('',#1528,.T.);
#261=FACE_BOUND('',#1529,.T.);
#262=FACE_BOUND('',#1530,.T.);
#263=FACE_BOUND('',#1531,.T.);
#264=FACE_BOUND('',#1532,.T.);
#265=FACE_BOUND('',#1538,.T.);
#266=FACE_BOUND('',#1539,.T.);
#267=FACE_BOUND('',#1547,.T.);
#268=FACE_BOUND('',#1550,.T.);
#269=FACE_BOUND('',#1554,.T.);
#270=FACE_BOUND('',#1557,.T.);
#271=FACE_BOUND('',#1649,.T.);
#272=FACE_BOUND('',#1669,.T.);
#273=FACE_BOUND('',#1673,.T.);
#274=FACE_BOUND('',#1687,.T.);
#275=FACE_BOUND('',#1691,.T.);
#276=FACE_BOUND('',#1705,.T.);
#277=FACE_BOUND('',#1708,.T.);
#278=FACE_BOUND('',#1711,.T.);
#279=FACE_BOUND('',#1714,.T.);
#280=FACE_BOUND('',#1717,.T.);
#281=FACE_BOUND('',#1720,.T.);
#282=FACE_BOUND('',#1722,.T.);
#283=FACE_BOUND('',#1726,.T.);
#284=FACE_BOUND('',#1729,.T.);
#285=FACE_BOUND('',#1732,.T.);
#286=FACE_BOUND('',#1735,.T.);
#287=FACE_BOUND('',#1738,.T.);
#288=FACE_BOUND('',#1743,.T.);
#289=FACE_BOUND('',#1747,.T.);
#290=FACE_BOUND('',#1749,.T.);
#291=FACE_BOUND('',#1753,.T.);
#292=FACE_BOUND('',#1755,.T.);
#293=FACE_BOUND('',#1757,.T.);
#294=FACE_BOUND('',#1760,.T.);
#295=FACE_BOUND('',#1785,.T.);
#296=FACE_BOUND('',#1786,.T.);
#297=FACE_BOUND('',#1788,.T.);
#298=FACE_BOUND('',#1789,.T.);
#299=FACE_BOUND('',#1813,.T.);
#300=FACE_BOUND('',#1821,.T.);
#301=FACE_BOUND('',#1828,.T.);
#302=FACE_BOUND('',#1834,.T.);
#303=FACE_BOUND('',#1840,.T.);
#304=FACE_BOUND('',#1846,.T.);
#305=FACE_BOUND('',#1858,.T.);
#306=FACE_BOUND('',#1860,.T.);
#307=FACE_BOUND('',#1871,.T.);
#308=FACE_BOUND('',#1872,.T.);
#309=FACE_BOUND('',#1873,.T.);
#310=FACE_BOUND('',#1874,.T.);
#311=FACE_BOUND('',#1875,.T.);
#312=FACE_BOUND('',#1876,.T.);
#313=FACE_BOUND('',#1877,.T.);
#314=FACE_BOUND('',#1882,.T.);
#315=FACE_BOUND('',#1884,.T.);
#316=FACE_BOUND('',#1907,.T.);
#317=FACE_BOUND('',#1908,.T.);
#318=FACE_BOUND('',#1909,.T.);
#319=FACE_BOUND('',#1910,.T.);
#320=FACE_BOUND('',#1919,.T.);
#321=FACE_BOUND('',#1920,.T.);
#322=FACE_BOUND('',#1933,.T.);
#323=FACE_BOUND('',#1935,.T.);
#324=FACE_BOUND('',#1939,.T.);
#325=FACE_BOUND('',#1941,.T.);
#326=FACE_BOUND('',#1945,.T.);
#327=FACE_BOUND('',#1947,.T.);
#328=FACE_BOUND('',#1953,.T.);
#329=FACE_BOUND('',#1954,.T.);
#330=FACE_BOUND('',#1955,.T.);
#331=FACE_BOUND('',#1956,.T.);
#332=FACE_BOUND('',#1957,.T.);
#333=FACE_BOUND('',#1960,.T.);
#334=FACE_BOUND('',#1964,.T.);
#335=FACE_BOUND('',#1968,.T.);
#336=FACE_BOUND('',#1969,.T.);
#337=FACE_BOUND('',#1970,.T.);
#338=FACE_BOUND('',#1971,.T.);
#339=FACE_BOUND('',#1972,.T.);
#340=FACE_BOUND('',#1976,.T.);
#341=FACE_BOUND('',#1977,.T.);
#342=FACE_BOUND('',#1978,.T.);
#343=FACE_BOUND('',#1979,.T.);
#344=FACE_BOUND('',#1980,.T.);
#345=FACE_BOUND('',#1982,.T.);
#346=FACE_BOUND('',#1990,.T.);
#347=FACE_BOUND('',#1991,.T.);
#348=FACE_BOUND('',#1992,.T.);
#349=FACE_BOUND('',#1993,.T.);
#350=FACE_BOUND('',#1994,.T.);
#351=PLANE('',#10280);
#352=PLANE('',#10285);
#353=PLANE('',#10294);
#354=PLANE('',#10301);
#355=PLANE('',#10305);
#356=PLANE('',#10312);
#357=PLANE('',#10324);
#358=PLANE('',#10332);
#359=PLANE('',#10339);
#360=PLANE('',#10343);
#361=PLANE('',#10350);
#362=PLANE('',#10372);
#363=PLANE('',#10379);
#364=PLANE('',#10383);
#365=PLANE('',#10390);
#366=PLANE('',#10398);
#367=PLANE('',#10402);
#368=PLANE('',#10404);
#369=PLANE('',#10407);
#370=PLANE('',#10412);
#371=PLANE('',#10417);
#372=PLANE('',#10418);
#373=PLANE('',#10419);
#374=PLANE('',#10420);
#375=PLANE('',#10424);
#376=PLANE('',#10425);
#377=PLANE('',#10426);
#378=PLANE('',#10431);
#379=PLANE('',#10432);
#380=PLANE('',#10433);
#381=PLANE('',#10434);
#382=PLANE('',#10438);
#383=PLANE('',#10439);
#384=PLANE('',#10440);
#385=PLANE('',#10442);
#386=PLANE('',#10446);
#387=PLANE('',#10447);
#388=PLANE('',#10451);
#389=PLANE('',#10466);
#390=PLANE('',#10467);
#391=PLANE('',#10472);
#392=PLANE('',#10474);
#393=PLANE('',#10496);
#394=PLANE('',#10497);
#395=PLANE('',#10500);
#396=PLANE('',#10502);
#397=PLANE('',#10504);
#398=PLANE('',#10506);
#399=PLANE('',#10507);
#400=PLANE('',#10509);
#401=PLANE('',#10511);
#402=PLANE('',#10513);
#403=PLANE('',#10515);
#404=PLANE('',#10517);
#405=PLANE('',#10531);
#406=PLANE('',#10543);
#407=PLANE('',#10552);
#408=PLANE('',#10554);
#409=PLANE('',#10555);
#410=PLANE('',#10557);
#411=PLANE('',#10559);
#412=PLANE('',#10561);
#413=PLANE('',#10563);
#414=PLANE('',#10565);
#415=PLANE('',#10577);
#416=PLANE('',#10581);
#417=PLANE('',#10584);
#418=PLANE('',#10585);
#419=PLANE('',#10586);
#420=PLANE('',#10588);
#421=PLANE('',#10590);
#422=PLANE('',#10591);
#423=PLANE('',#10593);
#424=PLANE('',#10594);
#425=PLANE('',#10596);
#426=PLANE('',#10598);
#427=PLANE('',#10599);
#428=PLANE('',#10601);
#429=PLANE('',#10603);
#430=PLANE('',#10604);
#431=PLANE('',#10607);
#432=PLANE('',#10608);
#433=PLANE('',#10610);
#434=PLANE('',#10611);
#435=PLANE('',#10613);
#436=PLANE('',#10617);
#437=PLANE('',#10621);
#438=PLANE('',#10622);
#439=PLANE('',#10623);
#440=PLANE('',#10624);
#441=PLANE('',#10625);
#442=PLANE('',#10626);
#443=PLANE('',#10627);
#444=PLANE('',#10629);
#445=PLANE('',#10630);
#446=PLANE('',#10632);
#447=PLANE('',#10634);
#448=PLANE('',#10636);
#449=PLANE('',#10638);
#450=PLANE('',#10640);
#451=PLANE('',#10641);
#452=PLANE('',#10642);
#453=PLANE('',#10643);
#454=PLANE('',#10644);
#455=PLANE('',#10647);
#456=PLANE('',#10650);
#457=PLANE('',#10653);
#458=PLANE('',#10656);
#459=PLANE('',#10658);
#460=PLANE('',#10659);
#461=PLANE('',#10660);
#462=PLANE('',#10662);
#463=PLANE('',#10664);
#464=PLANE('',#10668);
#465=PLANE('',#10680);
#466=PLANE('',#10682);
#467=PLANE('',#10684);
#468=PLANE('',#10685);
#469=PLANE('',#10688);
#470=PLANE('',#10690);
#471=PLANE('',#10692);
#472=PLANE('',#10694);
#473=PLANE('',#10697);
#474=PLANE('',#10701);
#475=PLANE('',#10706);
#476=PLANE('',#10710);
#477=PLANE('',#10713);
#478=PLANE('',#10715);
#479=PLANE('',#10716);
#480=PLANE('',#10718);
#481=PLANE('',#10719);
#482=PLANE('',#10720);
#483=PLANE('',#10721);
#484=PLANE('',#10722);
#485=PLANE('',#10723);
#486=PLANE('',#10724);
#487=PLANE('',#10725);
#488=PLANE('',#10727);
#489=PLANE('',#10728);
#490=PLANE('',#10729);
#491=PLANE('',#10731);
#492=PLANE('',#10732);
#493=PLANE('',#10733);
#494=PLANE('',#10734);
#495=PLANE('',#10749);
#496=PLANE('',#10751);
#497=PLANE('',#10752);
#498=PLANE('',#10753);
#499=PLANE('',#10754);
#500=PLANE('',#10756);
#501=PLANE('',#10757);
#502=PLANE('',#10758);
#503=PLANE('',#10759);
#504=PLANE('',#10760);
#505=PLANE('',#10769);
#506=PLANE('',#10770);
#507=PLANE('',#10772);
#508=PLANE('',#10773);
#509=PLANE('',#10774);
#510=PLANE('',#10775);
#511=PLANE('',#10776);
#512=PLANE('',#10777);
#513=PLANE('',#10778);
#514=PLANE('',#10779);
#515=PLANE('',#10781);
#516=PLANE('',#10782);
#517=PLANE('',#10783);
#518=PLANE('',#10784);
#519=PLANE('',#10785);
#520=PLANE('',#10786);
#521=PLANE('',#10787);
#522=PLANE('',#10788);
#523=PLANE('',#10789);
#524=PLANE('',#10791);
#525=PLANE('',#10792);
#526=PLANE('',#10793);
#527=PLANE('',#10794);
#528=PLANE('',#10795);
#529=PLANE('',#10796);
#530=PLANE('',#10797);
#531=PLANE('',#10799);
#532=PLANE('',#10800);
#533=PLANE('',#10801);
#534=PLANE('',#10802);
#535=PLANE('',#10803);
#536=PLANE('',#10804);
#537=PLANE('',#10805);
#538=PLANE('',#10806);
#539=PLANE('',#10807);
#540=PLANE('',#10808);
#541=PLANE('',#10809);
#542=PLANE('',#10810);
#543=PLANE('',#10811);
#544=PLANE('',#10812);
#545=PLANE('',#10813);
#546=PLANE('',#10814);
#547=PLANE('',#10815);
#548=PLANE('',#10816);
#549=PLANE('',#10819);
#550=PLANE('',#10847);
#551=PLANE('',#10848);
#552=PLANE('',#10849);
#553=PLANE('',#10850);
#554=PLANE('',#10855);
#555=PLANE('',#10856);
#556=PLANE('',#10857);
#557=PLANE('',#10858);
#558=PLANE('',#10859);
#559=PLANE('',#10860);
#560=PLANE('',#10861);
#561=PLANE('',#10862);
#562=PLANE('',#10863);
#563=PLANE('',#10864);
#564=PLANE('',#10865);
#565=PLANE('',#10866);
#566=PLANE('',#10867);
#567=PLANE('',#10868);
#568=PLANE('',#10873);
#569=PLANE('',#10874);
#570=PLANE('',#10875);
#571=PLANE('',#10876);
#572=PLANE('',#10877);
#573=PLANE('',#10878);
#574=PLANE('',#10879);
#575=PLANE('',#10880);
#576=PLANE('',#10881);
#577=PLANE('',#10882);
#578=PLANE('',#10883);
#579=PLANE('',#10884);
#580=PLANE('',#10888);
#581=PLANE('',#10893);
#582=PLANE('',#10898);
#583=PLANE('',#10903);
#584=PLANE('',#10908);
#585=PLANE('',#10913);
#586=PLANE('',#10916);
#587=PLANE('',#10923);
#588=PLANE('',#10927);
#589=PLANE('',#10931);
#590=PLANE('',#10935);
#591=PLANE('',#10939);
#592=PLANE('',#10947);
#593=PLANE('',#10955);
#594=PLANE('',#10956);
#595=PLANE('',#10964);
#596=PLANE('',#10965);
#597=PLANE('',#10974);
#598=PLANE('',#10982);
#599=PLANE('',#10992);
#600=PLANE('',#10994);
#601=PLANE('',#10996);
#602=PLANE('',#10998);
#603=PLANE('',#11000);
#604=PLANE('',#11002);
#605=PLANE('',#11004);
#606=PLANE('',#11006);
#607=PLANE('',#11008);
#608=PLANE('',#11013);
#609=PLANE('',#11017);
#610=PLANE('',#11024);
#611=PLANE('',#11039);
#612=PLANE('',#11040);
#613=PLANE('',#11041);
#614=PLANE('',#11042);
#615=PLANE('',#11043);
#616=PLANE('',#11044);
#617=PLANE('',#11045);
#618=PLANE('',#11046);
#619=PLANE('',#11047);
#620=PLANE('',#11049);
#621=PLANE('',#11051);
#622=PLANE('',#11053);
#623=PLANE('',#11055);
#624=PLANE('',#11058);
#625=PLANE('',#11060);
#626=PLANE('',#11062);
#627=PLANE('',#11067);
#628=PLANE('',#11068);
#629=PLANE('',#11075);
#630=PLANE('',#11079);
#631=PLANE('',#11089);
#632=PLANE('',#11093);
#633=PLANE('',#11096);
#634=PLANE('',#11097);
#635=PLANE('',#11098);
#636=PLANE('',#11099);
#637=PLANE('',#11100);
#638=PLANE('',#11102);
#639=PLANE('',#11103);
#640=PLANE('',#11104);
#641=PLANE('',#11105);
#642=PLANE('',#11106);
#643=PLANE('',#11108);
#644=PLANE('',#11109);
#645=PLANE('',#11110);
#646=PLANE('',#11111);
#647=PLANE('',#11112);
#648=PLANE('',#11114);
#649=PLANE('',#11115);
#650=PLANE('',#11116);
#651=PLANE('',#11117);
#652=PLANE('',#11118);
#653=PLANE('',#11122);
#654=PLANE('',#11125);
#655=PLANE('',#11128);
#656=PLANE('',#11131);
#657=PLANE('',#11139);
#658=PLANE('',#11140);
#659=PLANE('',#11146);
#660=PLANE('',#11148);
#661=PLANE('',#11149);
#662=PLANE('',#11157);
#663=PLANE('',#11163);
#664=PLANE('',#11180);
#665=PLANE('',#11181);
#666=PLANE('',#11182);
#667=PLANE('',#11183);
#668=PLANE('',#11184);
#669=PLANE('',#11185);
#670=PLANE('',#11186);
#671=PLANE('',#11187);
#672=PLANE('',#11188);
#673=PLANE('',#11189);
#674=PLANE('',#11190);
#675=PLANE('',#11191);
#676=PLANE('',#11192);
#677=PLANE('',#11193);
#678=PLANE('',#11194);
#679=PLANE('',#11195);
#680=PLANE('',#11196);
#681=PLANE('',#11197);
#682=PLANE('',#11198);
#683=PLANE('',#11199);
#684=PLANE('',#11200);
#685=PLANE('',#11201);
#686=PLANE('',#11202);
#687=PLANE('',#11203);
#688=PLANE('',#11207);
#689=PLANE('',#11208);
#690=PLANE('',#11209);
#691=PLANE('',#11210);
#692=PLANE('',#11212);
#693=PLANE('',#11215);
#694=PLANE('',#11219);
#695=PLANE('',#11221);
#696=PLANE('',#11226);
#697=PLANE('',#11227);
#698=PLANE('',#11235);
#699=PLANE('',#11236);
#700=PLANE('',#11244);
#701=PLANE('',#11245);
#702=PLANE('',#11253);
#703=PLANE('',#11254);
#704=PLANE('',#11268);
#705=PLANE('',#11273);
#706=PLANE('',#11279);
#707=PLANE('',#11285);
#708=PLANE('',#11293);
#709=PLANE('',#11299);
#710=PLANE('',#11313);
#711=FACE_OUTER_BOUND('',#1280,.T.);
#712=FACE_OUTER_BOUND('',#1281,.T.);
#713=FACE_OUTER_BOUND('',#1283,.T.);
#714=FACE_OUTER_BOUND('',#1284,.T.);
#715=FACE_OUTER_BOUND('',#1286,.T.);
#716=FACE_OUTER_BOUND('',#1287,.T.);
#717=FACE_OUTER_BOUND('',#1288,.T.);
#718=FACE_OUTER_BOUND('',#1290,.T.);
#719=FACE_OUTER_BOUND('',#1291,.T.);
#720=FACE_OUTER_BOUND('',#1292,.T.);
#721=FACE_OUTER_BOUND('',#1294,.T.);
#722=FACE_OUTER_BOUND('',#1295,.T.);
#723=FACE_OUTER_BOUND('',#1297,.T.);
#724=FACE_OUTER_BOUND('',#1298,.T.);
#725=FACE_OUTER_BOUND('',#1299,.T.);
#726=FACE_OUTER_BOUND('',#1301,.T.);
#727=FACE_OUTER_BOUND('',#1302,.T.);
#728=FACE_OUTER_BOUND('',#1303,.T.);
#729=FACE_OUTER_BOUND('',#1304,.T.);
#730=FACE_OUTER_BOUND('',#1306,.T.);
#731=FACE_OUTER_BOUND('',#1308,.T.);
#732=FACE_OUTER_BOUND('',#1309,.T.);
#733=FACE_OUTER_BOUND('',#1310,.T.);
#734=FACE_OUTER_BOUND('',#1312,.T.);
#735=FACE_OUTER_BOUND('',#1313,.T.);
#736=FACE_OUTER_BOUND('',#1314,.T.);
#737=FACE_OUTER_BOUND('',#1316,.T.);
#738=FACE_OUTER_BOUND('',#1317,.T.);
#739=FACE_OUTER_BOUND('',#1319,.T.);
#740=FACE_OUTER_BOUND('',#1320,.T.);
#741=FACE_OUTER_BOUND('',#1321,.T.);
#742=FACE_OUTER_BOUND('',#1323,.T.);
#743=FACE_OUTER_BOUND('',#1324,.T.);
#744=FACE_OUTER_BOUND('',#1325,.T.);
#745=FACE_OUTER_BOUND('',#1326,.T.);
#746=FACE_OUTER_BOUND('',#1327,.T.);
#747=FACE_OUTER_BOUND('',#1328,.T.);
#748=FACE_OUTER_BOUND('',#1329,.T.);
#749=FACE_OUTER_BOUND('',#1330,.T.);
#750=FACE_OUTER_BOUND('',#1331,.T.);
#751=FACE_OUTER_BOUND('',#1333,.T.);
#752=FACE_OUTER_BOUND('',#1334,.T.);
#753=FACE_OUTER_BOUND('',#1335,.T.);
#754=FACE_OUTER_BOUND('',#1337,.T.);
#755=FACE_OUTER_BOUND('',#1338,.T.);
#756=FACE_OUTER_BOUND('',#1340,.T.);
#757=FACE_OUTER_BOUND('',#1341,.T.);
#758=FACE_OUTER_BOUND('',#1342,.T.);
#759=FACE_OUTER_BOUND('',#1344,.T.);
#760=FACE_OUTER_BOUND('',#1345,.T.);
#761=FACE_OUTER_BOUND('',#1346,.T.);
#762=FACE_OUTER_BOUND('',#1348,.T.);
#763=FACE_OUTER_BOUND('',#1350,.T.);
#764=FACE_OUTER_BOUND('',#1352,.T.);
#765=FACE_OUTER_BOUND('',#1354,.T.);
#766=FACE_OUTER_BOUND('',#1355,.T.);
#767=FACE_OUTER_BOUND('',#1357,.T.);
#768=FACE_OUTER_BOUND('',#1358,.T.);
#769=FACE_OUTER_BOUND('',#1359,.T.);
#770=FACE_OUTER_BOUND('',#1360,.T.);
#771=FACE_OUTER_BOUND('',#1361,.T.);
#772=FACE_OUTER_BOUND('',#1362,.T.);
#773=FACE_OUTER_BOUND('',#1363,.T.);
#774=FACE_OUTER_BOUND('',#1364,.T.);
#775=FACE_OUTER_BOUND('',#1365,.T.);
#776=FACE_OUTER_BOUND('',#1366,.T.);
#777=FACE_OUTER_BOUND('',#1367,.T.);
#778=FACE_OUTER_BOUND('',#1368,.T.);
#779=FACE_OUTER_BOUND('',#1369,.T.);
#780=FACE_OUTER_BOUND('',#1370,.T.);
#781=FACE_OUTER_BOUND('',#1371,.T.);
#782=FACE_OUTER_BOUND('',#1372,.T.);
#783=FACE_OUTER_BOUND('',#1373,.T.);
#784=FACE_OUTER_BOUND('',#1374,.T.);
#785=FACE_OUTER_BOUND('',#1375,.T.);
#786=FACE_OUTER_BOUND('',#1376,.T.);
#787=FACE_OUTER_BOUND('',#1377,.T.);
#788=FACE_OUTER_BOUND('',#1378,.T.);
#789=FACE_OUTER_BOUND('',#1379,.T.);
#790=FACE_OUTER_BOUND('',#1380,.T.);
#791=FACE_OUTER_BOUND('',#1381,.T.);
#792=FACE_OUTER_BOUND('',#1382,.T.);
#793=FACE_OUTER_BOUND('',#1387,.T.);
#794=FACE_OUTER_BOUND('',#1390,.T.);
#795=FACE_OUTER_BOUND('',#1391,.T.);
#796=FACE_OUTER_BOUND('',#1392,.T.);
#797=FACE_OUTER_BOUND('',#1393,.T.);
#798=FACE_OUTER_BOUND('',#1394,.T.);
#799=FACE_OUTER_BOUND('',#1395,.T.);
#800=FACE_OUTER_BOUND('',#1396,.T.);
#801=FACE_OUTER_BOUND('',#1400,.T.);
#802=FACE_OUTER_BOUND('',#1401,.T.);
#803=FACE_OUTER_BOUND('',#1402,.T.);
#804=FACE_OUTER_BOUND('',#1403,.T.);
#805=FACE_OUTER_BOUND('',#1404,.T.);
#806=FACE_OUTER_BOUND('',#1405,.T.);
#807=FACE_OUTER_BOUND('',#1406,.T.);
#808=FACE_OUTER_BOUND('',#1407,.T.);
#809=FACE_OUTER_BOUND('',#1408,.T.);
#810=FACE_OUTER_BOUND('',#1409,.T.);
#811=FACE_OUTER_BOUND('',#1410,.T.);
#812=FACE_OUTER_BOUND('',#1411,.T.);
#813=FACE_OUTER_BOUND('',#1412,.T.);
#814=FACE_OUTER_BOUND('',#1413,.T.);
#815=FACE_OUTER_BOUND('',#1414,.T.);
#816=FACE_OUTER_BOUND('',#1415,.T.);
#817=FACE_OUTER_BOUND('',#1416,.T.);
#818=FACE_OUTER_BOUND('',#1417,.T.);
#819=FACE_OUTER_BOUND('',#1418,.T.);
#820=FACE_OUTER_BOUND('',#1419,.T.);
#821=FACE_OUTER_BOUND('',#1420,.T.);
#822=FACE_OUTER_BOUND('',#1423,.T.);
#823=FACE_OUTER_BOUND('',#1424,.T.);
#824=FACE_OUTER_BOUND('',#1430,.T.);
#825=FACE_OUTER_BOUND('',#1431,.T.);
#826=FACE_OUTER_BOUND('',#1432,.T.);
#827=FACE_OUTER_BOUND('',#1433,.T.);
#828=FACE_OUTER_BOUND('',#1434,.T.);
#829=FACE_OUTER_BOUND('',#1435,.T.);
#830=FACE_OUTER_BOUND('',#1436,.T.);
#831=FACE_OUTER_BOUND('',#1437,.T.);
#832=FACE_OUTER_BOUND('',#1438,.T.);
#833=FACE_OUTER_BOUND('',#1439,.T.);
#834=FACE_OUTER_BOUND('',#1440,.T.);
#835=FACE_OUTER_BOUND('',#1441,.T.);
#836=FACE_OUTER_BOUND('',#1442,.T.);
#837=FACE_OUTER_BOUND('',#1443,.T.);
#838=FACE_OUTER_BOUND('',#1444,.T.);
#839=FACE_OUTER_BOUND('',#1445,.T.);
#840=FACE_OUTER_BOUND('',#1446,.T.);
#841=FACE_OUTER_BOUND('',#1447,.T.);
#842=FACE_OUTER_BOUND('',#1448,.T.);
#843=FACE_OUTER_BOUND('',#1450,.T.);
#844=FACE_OUTER_BOUND('',#1451,.T.);
#845=FACE_OUTER_BOUND('',#1452,.T.);
#846=FACE_OUTER_BOUND('',#1453,.T.);
#847=FACE_OUTER_BOUND('',#1454,.T.);
#848=FACE_OUTER_BOUND('',#1455,.T.);
#849=FACE_OUTER_BOUND('',#1456,.T.);
#850=FACE_OUTER_BOUND('',#1457,.T.);
#851=FACE_OUTER_BOUND('',#1458,.T.);
#852=FACE_OUTER_BOUND('',#1459,.T.);
#853=FACE_OUTER_BOUND('',#1460,.T.);
#854=FACE_OUTER_BOUND('',#1461,.T.);
#855=FACE_OUTER_BOUND('',#1462,.T.);
#856=FACE_OUTER_BOUND('',#1463,.T.);
#857=FACE_OUTER_BOUND('',#1464,.T.);
#858=FACE_OUTER_BOUND('',#1465,.T.);
#859=FACE_OUTER_BOUND('',#1466,.T.);
#860=FACE_OUTER_BOUND('',#1467,.T.);
#861=FACE_OUTER_BOUND('',#1468,.T.);
#862=FACE_OUTER_BOUND('',#1469,.T.);
#863=FACE_OUTER_BOUND('',#1470,.T.);
#864=FACE_OUTER_BOUND('',#1471,.T.);
#865=FACE_OUTER_BOUND('',#1472,.T.);
#866=FACE_OUTER_BOUND('',#1473,.T.);
#867=FACE_OUTER_BOUND('',#1474,.T.);
#868=FACE_OUTER_BOUND('',#1475,.T.);
#869=FACE_OUTER_BOUND('',#1476,.T.);
#870=FACE_OUTER_BOUND('',#1477,.T.);
#871=FACE_OUTER_BOUND('',#1478,.T.);
#872=FACE_OUTER_BOUND('',#1479,.T.);
#873=FACE_OUTER_BOUND('',#1480,.T.);
#874=FACE_OUTER_BOUND('',#1483,.T.);
#875=FACE_OUTER_BOUND('',#1484,.T.);
#876=FACE_OUTER_BOUND('',#1485,.T.);
#877=FACE_OUTER_BOUND('',#1486,.T.);
#878=FACE_OUTER_BOUND('',#1487,.T.);
#879=FACE_OUTER_BOUND('',#1488,.T.);
#880=FACE_OUTER_BOUND('',#1489,.T.);
#881=FACE_OUTER_BOUND('',#1490,.T.);
#882=FACE_OUTER_BOUND('',#1491,.T.);
#883=FACE_OUTER_BOUND('',#1492,.T.);
#884=FACE_OUTER_BOUND('',#1493,.T.);
#885=FACE_OUTER_BOUND('',#1494,.T.);
#886=FACE_OUTER_BOUND('',#1495,.T.);
#887=FACE_OUTER_BOUND('',#1496,.T.);
#888=FACE_OUTER_BOUND('',#1497,.T.);
#889=FACE_OUTER_BOUND('',#1498,.T.);
#890=FACE_OUTER_BOUND('',#1499,.T.);
#891=FACE_OUTER_BOUND('',#1500,.T.);
#892=FACE_OUTER_BOUND('',#1501,.T.);
#893=FACE_OUTER_BOUND('',#1503,.T.);
#894=FACE_OUTER_BOUND('',#1505,.T.);
#895=FACE_OUTER_BOUND('',#1507,.T.);
#896=FACE_OUTER_BOUND('',#1509,.T.);
#897=FACE_OUTER_BOUND('',#1510,.T.);
#898=FACE_OUTER_BOUND('',#1511,.T.);
#899=FACE_OUTER_BOUND('',#1512,.T.);
#900=FACE_OUTER_BOUND('',#1513,.T.);
#901=FACE_OUTER_BOUND('',#1514,.T.);
#902=FACE_OUTER_BOUND('',#1515,.T.);
#903=FACE_OUTER_BOUND('',#1516,.T.);
#904=FACE_OUTER_BOUND('',#1533,.T.);
#905=FACE_OUTER_BOUND('',#1534,.T.);
#906=FACE_OUTER_BOUND('',#1535,.T.);
#907=FACE_OUTER_BOUND('',#1536,.T.);
#908=FACE_OUTER_BOUND('',#1537,.T.);
#909=FACE_OUTER_BOUND('',#1540,.T.);
#910=FACE_OUTER_BOUND('',#1541,.T.);
#911=FACE_OUTER_BOUND('',#1542,.T.);
#912=FACE_OUTER_BOUND('',#1543,.T.);
#913=FACE_OUTER_BOUND('',#1544,.T.);
#914=FACE_OUTER_BOUND('',#1545,.T.);
#915=FACE_OUTER_BOUND('',#1546,.T.);
#916=FACE_OUTER_BOUND('',#1548,.T.);
#917=FACE_OUTER_BOUND('',#1549,.T.);
#918=FACE_OUTER_BOUND('',#1551,.T.);
#919=FACE_OUTER_BOUND('',#1552,.T.);
#920=FACE_OUTER_BOUND('',#1553,.T.);
#921=FACE_OUTER_BOUND('',#1555,.T.);
#922=FACE_OUTER_BOUND('',#1556,.T.);
#923=FACE_OUTER_BOUND('',#1558,.T.);
#924=FACE_OUTER_BOUND('',#1559,.T.);
#925=FACE_OUTER_BOUND('',#1560,.T.);
#926=FACE_OUTER_BOUND('',#1561,.T.);
#927=FACE_OUTER_BOUND('',#1562,.T.);
#928=FACE_OUTER_BOUND('',#1563,.T.);
#929=FACE_OUTER_BOUND('',#1564,.T.);
#930=FACE_OUTER_BOUND('',#1565,.T.);
#931=FACE_OUTER_BOUND('',#1566,.T.);
#932=FACE_OUTER_BOUND('',#1567,.T.);
#933=FACE_OUTER_BOUND('',#1568,.T.);
#934=FACE_OUTER_BOUND('',#1569,.T.);
#935=FACE_OUTER_BOUND('',#1570,.T.);
#936=FACE_OUTER_BOUND('',#1571,.T.);
#937=FACE_OUTER_BOUND('',#1572,.T.);
#938=FACE_OUTER_BOUND('',#1573,.T.);
#939=FACE_OUTER_BOUND('',#1574,.T.);
#940=FACE_OUTER_BOUND('',#1575,.T.);
#941=FACE_OUTER_BOUND('',#1576,.T.);
#942=FACE_OUTER_BOUND('',#1577,.T.);
#943=FACE_OUTER_BOUND('',#1578,.T.);
#944=FACE_OUTER_BOUND('',#1579,.T.);
#945=FACE_OUTER_BOUND('',#1580,.T.);
#946=FACE_OUTER_BOUND('',#1581,.T.);
#947=FACE_OUTER_BOUND('',#1582,.T.);
#948=FACE_OUTER_BOUND('',#1583,.T.);
#949=FACE_OUTER_BOUND('',#1584,.T.);
#950=FACE_OUTER_BOUND('',#1585,.T.);
#951=FACE_OUTER_BOUND('',#1586,.T.);
#952=FACE_OUTER_BOUND('',#1587,.T.);
#953=FACE_OUTER_BOUND('',#1588,.T.);
#954=FACE_OUTER_BOUND('',#1589,.T.);
#955=FACE_OUTER_BOUND('',#1590,.T.);
#956=FACE_OUTER_BOUND('',#1591,.T.);
#957=FACE_OUTER_BOUND('',#1592,.T.);
#958=FACE_OUTER_BOUND('',#1593,.T.);
#959=FACE_OUTER_BOUND('',#1594,.T.);
#960=FACE_OUTER_BOUND('',#1595,.T.);
#961=FACE_OUTER_BOUND('',#1596,.T.);
#962=FACE_OUTER_BOUND('',#1597,.T.);
#963=FACE_OUTER_BOUND('',#1598,.T.);
#964=FACE_OUTER_BOUND('',#1599,.T.);
#965=FACE_OUTER_BOUND('',#1600,.T.);
#966=FACE_OUTER_BOUND('',#1601,.T.);
#967=FACE_OUTER_BOUND('',#1602,.T.);
#968=FACE_OUTER_BOUND('',#1603,.T.);
#969=FACE_OUTER_BOUND('',#1604,.T.);
#970=FACE_OUTER_BOUND('',#1605,.T.);
#971=FACE_OUTER_BOUND('',#1606,.T.);
#972=FACE_OUTER_BOUND('',#1607,.T.);
#973=FACE_OUTER_BOUND('',#1608,.T.);
#974=FACE_OUTER_BOUND('',#1609,.T.);
#975=FACE_OUTER_BOUND('',#1610,.T.);
#976=FACE_OUTER_BOUND('',#1611,.T.);
#977=FACE_OUTER_BOUND('',#1612,.T.);
#978=FACE_OUTER_BOUND('',#1613,.T.);
#979=FACE_OUTER_BOUND('',#1614,.T.);
#980=FACE_OUTER_BOUND('',#1615,.T.);
#981=FACE_OUTER_BOUND('',#1616,.T.);
#982=FACE_OUTER_BOUND('',#1617,.T.);
#983=FACE_OUTER_BOUND('',#1618,.T.);
#984=FACE_OUTER_BOUND('',#1619,.T.);
#985=FACE_OUTER_BOUND('',#1620,.T.);
#986=FACE_OUTER_BOUND('',#1621,.T.);
#987=FACE_OUTER_BOUND('',#1622,.T.);
#988=FACE_OUTER_BOUND('',#1623,.T.);
#989=FACE_OUTER_BOUND('',#1624,.T.);
#990=FACE_OUTER_BOUND('',#1625,.T.);
#991=FACE_OUTER_BOUND('',#1626,.T.);
#992=FACE_OUTER_BOUND('',#1627,.T.);
#993=FACE_OUTER_BOUND('',#1628,.T.);
#994=FACE_OUTER_BOUND('',#1629,.T.);
#995=FACE_OUTER_BOUND('',#1630,.T.);
#996=FACE_OUTER_BOUND('',#1631,.T.);
#997=FACE_OUTER_BOUND('',#1632,.T.);
#998=FACE_OUTER_BOUND('',#1633,.T.);
#999=FACE_OUTER_BOUND('',#1634,.T.);
#1000=FACE_OUTER_BOUND('',#1635,.T.);
#1001=FACE_OUTER_BOUND('',#1636,.T.);
#1002=FACE_OUTER_BOUND('',#1637,.T.);
#1003=FACE_OUTER_BOUND('',#1638,.T.);
#1004=FACE_OUTER_BOUND('',#1639,.T.);
#1005=FACE_OUTER_BOUND('',#1640,.T.);
#1006=FACE_OUTER_BOUND('',#1641,.T.);
#1007=FACE_OUTER_BOUND('',#1642,.T.);
#1008=FACE_OUTER_BOUND('',#1643,.T.);
#1009=FACE_OUTER_BOUND('',#1644,.T.);
#1010=FACE_OUTER_BOUND('',#1645,.T.);
#1011=FACE_OUTER_BOUND('',#1646,.T.);
#1012=FACE_OUTER_BOUND('',#1647,.T.);
#1013=FACE_OUTER_BOUND('',#1648,.T.);
#1014=FACE_OUTER_BOUND('',#1650,.T.);
#1015=FACE_OUTER_BOUND('',#1651,.T.);
#1016=FACE_OUTER_BOUND('',#1652,.T.);
#1017=FACE_OUTER_BOUND('',#1653,.T.);
#1018=FACE_OUTER_BOUND('',#1654,.T.);
#1019=FACE_OUTER_BOUND('',#1655,.T.);
#1020=FACE_OUTER_BOUND('',#1656,.T.);
#1021=FACE_OUTER_BOUND('',#1657,.T.);
#1022=FACE_OUTER_BOUND('',#1658,.T.);
#1023=FACE_OUTER_BOUND('',#1659,.T.);
#1024=FACE_OUTER_BOUND('',#1660,.T.);
#1025=FACE_OUTER_BOUND('',#1661,.T.);
#1026=FACE_OUTER_BOUND('',#1662,.T.);
#1027=FACE_OUTER_BOUND('',#1663,.T.);
#1028=FACE_OUTER_BOUND('',#1664,.T.);
#1029=FACE_OUTER_BOUND('',#1665,.T.);
#1030=FACE_OUTER_BOUND('',#1666,.T.);
#1031=FACE_OUTER_BOUND('',#1667,.T.);
#1032=FACE_OUTER_BOUND('',#1668,.T.);
#1033=FACE_OUTER_BOUND('',#1670,.T.);
#1034=FACE_OUTER_BOUND('',#1671,.T.);
#1035=FACE_OUTER_BOUND('',#1672,.T.);
#1036=FACE_OUTER_BOUND('',#1674,.T.);
#1037=FACE_OUTER_BOUND('',#1675,.T.);
#1038=FACE_OUTER_BOUND('',#1676,.T.);
#1039=FACE_OUTER_BOUND('',#1677,.T.);
#1040=FACE_OUTER_BOUND('',#1678,.T.);
#1041=FACE_OUTER_BOUND('',#1679,.T.);
#1042=FACE_OUTER_BOUND('',#1680,.T.);
#1043=FACE_OUTER_BOUND('',#1681,.T.);
#1044=FACE_OUTER_BOUND('',#1682,.T.);
#1045=FACE_OUTER_BOUND('',#1683,.T.);
#1046=FACE_OUTER_BOUND('',#1684,.T.);
#1047=FACE_OUTER_BOUND('',#1685,.T.);
#1048=FACE_OUTER_BOUND('',#1686,.T.);
#1049=FACE_OUTER_BOUND('',#1688,.T.);
#1050=FACE_OUTER_BOUND('',#1689,.T.);
#1051=FACE_OUTER_BOUND('',#1690,.T.);
#1052=FACE_OUTER_BOUND('',#1692,.T.);
#1053=FACE_OUTER_BOUND('',#1693,.T.);
#1054=FACE_OUTER_BOUND('',#1694,.T.);
#1055=FACE_OUTER_BOUND('',#1695,.T.);
#1056=FACE_OUTER_BOUND('',#1696,.T.);
#1057=FACE_OUTER_BOUND('',#1697,.T.);
#1058=FACE_OUTER_BOUND('',#1698,.T.);
#1059=FACE_OUTER_BOUND('',#1699,.T.);
#1060=FACE_OUTER_BOUND('',#1700,.T.);
#1061=FACE_OUTER_BOUND('',#1701,.T.);
#1062=FACE_OUTER_BOUND('',#1702,.T.);
#1063=FACE_OUTER_BOUND('',#1703,.T.);
#1064=FACE_OUTER_BOUND('',#1704,.T.);
#1065=FACE_OUTER_BOUND('',#1706,.T.);
#1066=FACE_OUTER_BOUND('',#1707,.T.);
#1067=FACE_OUTER_BOUND('',#1709,.T.);
#1068=FACE_OUTER_BOUND('',#1710,.T.);
#1069=FACE_OUTER_BOUND('',#1712,.T.);
#1070=FACE_OUTER_BOUND('',#1713,.T.);
#1071=FACE_OUTER_BOUND('',#1715,.T.);
#1072=FACE_OUTER_BOUND('',#1716,.T.);
#1073=FACE_OUTER_BOUND('',#1718,.T.);
#1074=FACE_OUTER_BOUND('',#1719,.T.);
#1075=FACE_OUTER_BOUND('',#1721,.T.);
#1076=FACE_OUTER_BOUND('',#1723,.T.);
#1077=FACE_OUTER_BOUND('',#1724,.T.);
#1078=FACE_OUTER_BOUND('',#1725,.T.);
#1079=FACE_OUTER_BOUND('',#1727,.T.);
#1080=FACE_OUTER_BOUND('',#1728,.T.);
#1081=FACE_OUTER_BOUND('',#1730,.T.);
#1082=FACE_OUTER_BOUND('',#1731,.T.);
#1083=FACE_OUTER_BOUND('',#1733,.T.);
#1084=FACE_OUTER_BOUND('',#1734,.T.);
#1085=FACE_OUTER_BOUND('',#1736,.T.);
#1086=FACE_OUTER_BOUND('',#1737,.T.);
#1087=FACE_OUTER_BOUND('',#1739,.T.);
#1088=FACE_OUTER_BOUND('',#1740,.T.);
#1089=FACE_OUTER_BOUND('',#1741,.T.);
#1090=FACE_OUTER_BOUND('',#1742,.T.);
#1091=FACE_OUTER_BOUND('',#1744,.T.);
#1092=FACE_OUTER_BOUND('',#1745,.T.);
#1093=FACE_OUTER_BOUND('',#1746,.T.);
#1094=FACE_OUTER_BOUND('',#1748,.T.);
#1095=FACE_OUTER_BOUND('',#1750,.T.);
#1096=FACE_OUTER_BOUND('',#1751,.T.);
#1097=FACE_OUTER_BOUND('',#1752,.T.);
#1098=FACE_OUTER_BOUND('',#1754,.T.);
#1099=FACE_OUTER_BOUND('',#1756,.T.);
#1100=FACE_OUTER_BOUND('',#1758,.T.);
#1101=FACE_OUTER_BOUND('',#1759,.T.);
#1102=FACE_OUTER_BOUND('',#1761,.T.);
#1103=FACE_OUTER_BOUND('',#1762,.T.);
#1104=FACE_OUTER_BOUND('',#1763,.T.);
#1105=FACE_OUTER_BOUND('',#1764,.T.);
#1106=FACE_OUTER_BOUND('',#1765,.T.);
#1107=FACE_OUTER_BOUND('',#1766,.T.);
#1108=FACE_OUTER_BOUND('',#1767,.T.);
#1109=FACE_OUTER_BOUND('',#1768,.T.);
#1110=FACE_OUTER_BOUND('',#1769,.T.);
#1111=FACE_OUTER_BOUND('',#1770,.T.);
#1112=FACE_OUTER_BOUND('',#1771,.T.);
#1113=FACE_OUTER_BOUND('',#1772,.T.);
#1114=FACE_OUTER_BOUND('',#1773,.T.);
#1115=FACE_OUTER_BOUND('',#1774,.T.);
#1116=FACE_OUTER_BOUND('',#1775,.T.);
#1117=FACE_OUTER_BOUND('',#1776,.T.);
#1118=FACE_OUTER_BOUND('',#1777,.T.);
#1119=FACE_OUTER_BOUND('',#1778,.T.);
#1120=FACE_OUTER_BOUND('',#1779,.T.);
#1121=FACE_OUTER_BOUND('',#1780,.T.);
#1122=FACE_OUTER_BOUND('',#1781,.T.);
#1123=FACE_OUTER_BOUND('',#1782,.T.);
#1124=FACE_OUTER_BOUND('',#1783,.T.);
#1125=FACE_OUTER_BOUND('',#1784,.T.);
#1126=FACE_OUTER_BOUND('',#1787,.T.);
#1127=FACE_OUTER_BOUND('',#1790,.T.);
#1128=FACE_OUTER_BOUND('',#1791,.T.);
#1129=FACE_OUTER_BOUND('',#1792,.T.);
#1130=FACE_OUTER_BOUND('',#1793,.T.);
#1131=FACE_OUTER_BOUND('',#1794,.T.);
#1132=FACE_OUTER_BOUND('',#1795,.T.);
#1133=FACE_OUTER_BOUND('',#1796,.T.);
#1134=FACE_OUTER_BOUND('',#1797,.T.);
#1135=FACE_OUTER_BOUND('',#1798,.T.);
#1136=FACE_OUTER_BOUND('',#1799,.T.);
#1137=FACE_OUTER_BOUND('',#1800,.T.);
#1138=FACE_OUTER_BOUND('',#1801,.T.);
#1139=FACE_OUTER_BOUND('',#1802,.T.);
#1140=FACE_OUTER_BOUND('',#1803,.T.);
#1141=FACE_OUTER_BOUND('',#1804,.T.);
#1142=FACE_OUTER_BOUND('',#1805,.T.);
#1143=FACE_OUTER_BOUND('',#1806,.T.);
#1144=FACE_OUTER_BOUND('',#1807,.T.);
#1145=FACE_OUTER_BOUND('',#1808,.T.);
#1146=FACE_OUTER_BOUND('',#1809,.T.);
#1147=FACE_OUTER_BOUND('',#1810,.T.);
#1148=FACE_OUTER_BOUND('',#1811,.T.);
#1149=FACE_OUTER_BOUND('',#1812,.T.);
#1150=FACE_OUTER_BOUND('',#1814,.T.);
#1151=FACE_OUTER_BOUND('',#1815,.T.);
#1152=FACE_OUTER_BOUND('',#1816,.T.);
#1153=FACE_OUTER_BOUND('',#1817,.T.);
#1154=FACE_OUTER_BOUND('',#1818,.T.);
#1155=FACE_OUTER_BOUND('',#1819,.T.);
#1156=FACE_OUTER_BOUND('',#1820,.T.);
#1157=FACE_OUTER_BOUND('',#1822,.T.);
#1158=FACE_OUTER_BOUND('',#1823,.T.);
#1159=FACE_OUTER_BOUND('',#1824,.T.);
#1160=FACE_OUTER_BOUND('',#1825,.T.);
#1161=FACE_OUTER_BOUND('',#1826,.T.);
#1162=FACE_OUTER_BOUND('',#1827,.T.);
#1163=FACE_OUTER_BOUND('',#1829,.T.);
#1164=FACE_OUTER_BOUND('',#1830,.T.);
#1165=FACE_OUTER_BOUND('',#1831,.T.);
#1166=FACE_OUTER_BOUND('',#1832,.T.);
#1167=FACE_OUTER_BOUND('',#1833,.T.);
#1168=FACE_OUTER_BOUND('',#1835,.T.);
#1169=FACE_OUTER_BOUND('',#1836,.T.);
#1170=FACE_OUTER_BOUND('',#1837,.T.);
#1171=FACE_OUTER_BOUND('',#1838,.T.);
#1172=FACE_OUTER_BOUND('',#1839,.T.);
#1173=FACE_OUTER_BOUND('',#1841,.T.);
#1174=FACE_OUTER_BOUND('',#1842,.T.);
#1175=FACE_OUTER_BOUND('',#1843,.T.);
#1176=FACE_OUTER_BOUND('',#1844,.T.);
#1177=FACE_OUTER_BOUND('',#1845,.T.);
#1178=FACE_OUTER_BOUND('',#1847,.T.);
#1179=FACE_OUTER_BOUND('',#1848,.T.);
#1180=FACE_OUTER_BOUND('',#1849,.T.);
#1181=FACE_OUTER_BOUND('',#1850,.T.);
#1182=FACE_OUTER_BOUND('',#1851,.T.);
#1183=FACE_OUTER_BOUND('',#1852,.T.);
#1184=FACE_OUTER_BOUND('',#1853,.T.);
#1185=FACE_OUTER_BOUND('',#1854,.T.);
#1186=FACE_OUTER_BOUND('',#1855,.T.);
#1187=FACE_OUTER_BOUND('',#1856,.T.);
#1188=FACE_OUTER_BOUND('',#1857,.T.);
#1189=FACE_OUTER_BOUND('',#1859,.T.);
#1190=FACE_OUTER_BOUND('',#1861,.T.);
#1191=FACE_OUTER_BOUND('',#1862,.T.);
#1192=FACE_OUTER_BOUND('',#1863,.T.);
#1193=FACE_OUTER_BOUND('',#1864,.T.);
#1194=FACE_OUTER_BOUND('',#1865,.T.);
#1195=FACE_OUTER_BOUND('',#1866,.T.);
#1196=FACE_OUTER_BOUND('',#1867,.T.);
#1197=FACE_OUTER_BOUND('',#1868,.T.);
#1198=FACE_OUTER_BOUND('',#1869,.T.);
#1199=FACE_OUTER_BOUND('',#1870,.T.);
#1200=FACE_OUTER_BOUND('',#1878,.T.);
#1201=FACE_OUTER_BOUND('',#1879,.T.);
#1202=FACE_OUTER_BOUND('',#1880,.T.);
#1203=FACE_OUTER_BOUND('',#1881,.T.);
#1204=FACE_OUTER_BOUND('',#1883,.T.);
#1205=FACE_OUTER_BOUND('',#1885,.T.);
#1206=FACE_OUTER_BOUND('',#1886,.T.);
#1207=FACE_OUTER_BOUND('',#1887,.T.);
#1208=FACE_OUTER_BOUND('',#1888,.T.);
#1209=FACE_OUTER_BOUND('',#1889,.T.);
#1210=FACE_OUTER_BOUND('',#1890,.T.);
#1211=FACE_OUTER_BOUND('',#1891,.T.);
#1212=FACE_OUTER_BOUND('',#1892,.T.);
#1213=FACE_OUTER_BOUND('',#1893,.T.);
#1214=FACE_OUTER_BOUND('',#1894,.T.);
#1215=FACE_OUTER_BOUND('',#1895,.T.);
#1216=FACE_OUTER_BOUND('',#1896,.T.);
#1217=FACE_OUTER_BOUND('',#1897,.T.);
#1218=FACE_OUTER_BOUND('',#1898,.T.);
#1219=FACE_OUTER_BOUND('',#1899,.T.);
#1220=FACE_OUTER_BOUND('',#1900,.T.);
#1221=FACE_OUTER_BOUND('',#1901,.T.);
#1222=FACE_OUTER_BOUND('',#1902,.T.);
#1223=FACE_OUTER_BOUND('',#1903,.T.);
#1224=FACE_OUTER_BOUND('',#1904,.T.);
#1225=FACE_OUTER_BOUND('',#1905,.T.);
#1226=FACE_OUTER_BOUND('',#1906,.T.);
#1227=FACE_OUTER_BOUND('',#1911,.T.);
#1228=FACE_OUTER_BOUND('',#1912,.T.);
#1229=FACE_OUTER_BOUND('',#1913,.T.);
#1230=FACE_OUTER_BOUND('',#1914,.T.);
#1231=FACE_OUTER_BOUND('',#1915,.T.);
#1232=FACE_OUTER_BOUND('',#1916,.T.);
#1233=FACE_OUTER_BOUND('',#1917,.T.);
#1234=FACE_OUTER_BOUND('',#1918,.T.);
#1235=FACE_OUTER_BOUND('',#1921,.T.);
#1236=FACE_OUTER_BOUND('',#1922,.T.);
#1237=FACE_OUTER_BOUND('',#1923,.T.);
#1238=FACE_OUTER_BOUND('',#1924,.T.);
#1239=FACE_OUTER_BOUND('',#1925,.T.);
#1240=FACE_OUTER_BOUND('',#1926,.T.);
#1241=FACE_OUTER_BOUND('',#1927,.T.);
#1242=FACE_OUTER_BOUND('',#1928,.T.);
#1243=FACE_OUTER_BOUND('',#1929,.T.);
#1244=FACE_OUTER_BOUND('',#1930,.T.);
#1245=FACE_OUTER_BOUND('',#1931,.T.);
#1246=FACE_OUTER_BOUND('',#1932,.T.);
#1247=FACE_OUTER_BOUND('',#1934,.T.);
#1248=FACE_OUTER_BOUND('',#1936,.T.);
#1249=FACE_OUTER_BOUND('',#1937,.T.);
#1250=FACE_OUTER_BOUND('',#1938,.T.);
#1251=FACE_OUTER_BOUND('',#1940,.T.);
#1252=FACE_OUTER_BOUND('',#1942,.T.);
#1253=FACE_OUTER_BOUND('',#1943,.T.);
#1254=FACE_OUTER_BOUND('',#1944,.T.);
#1255=FACE_OUTER_BOUND('',#1946,.T.);
#1256=FACE_OUTER_BOUND('',#1948,.T.);
#1257=FACE_OUTER_BOUND('',#1949,.T.);
#1258=FACE_OUTER_BOUND('',#1950,.T.);
#1259=FACE_OUTER_BOUND('',#1951,.T.);
#1260=FACE_OUTER_BOUND('',#1952,.T.);
#1261=FACE_OUTER_BOUND('',#1958,.T.);
#1262=FACE_OUTER_BOUND('',#1959,.T.);
#1263=FACE_OUTER_BOUND('',#1961,.T.);
#1264=FACE_OUTER_BOUND('',#1962,.T.);
#1265=FACE_OUTER_BOUND('',#1963,.T.);
#1266=FACE_OUTER_BOUND('',#1965,.T.);
#1267=FACE_OUTER_BOUND('',#1966,.T.);
#1268=FACE_OUTER_BOUND('',#1967,.T.);
#1269=FACE_OUTER_BOUND('',#1973,.T.);
#1270=FACE_OUTER_BOUND('',#1974,.T.);
#1271=FACE_OUTER_BOUND('',#1975,.T.);
#1272=FACE_OUTER_BOUND('',#1981,.T.);
#1273=FACE_OUTER_BOUND('',#1983,.T.);
#1274=FACE_OUTER_BOUND('',#1984,.T.);
#1275=FACE_OUTER_BOUND('',#1985,.T.);
#1276=FACE_OUTER_BOUND('',#1986,.T.);
#1277=FACE_OUTER_BOUND('',#1987,.T.);
#1278=FACE_OUTER_BOUND('',#1988,.T.);
#1279=FACE_OUTER_BOUND('',#1989,.T.);
#1280=EDGE_LOOP('',(#6403,#6404,#6405,#6406,#6407,#6408,#6409));
#1281=EDGE_LOOP('',(#6410));
#1282=EDGE_LOOP('',(#6411));
#1283=EDGE_LOOP('',(#6412,#6413,#6414,#6415,#6416,#6417,#6418,#6419,#6420,
#6421));
#1284=EDGE_LOOP('',(#6422));
#1285=EDGE_LOOP('',(#6423));
#1286=EDGE_LOOP('',(#6424,#6425,#6426,#6427,#6428));
#1287=EDGE_LOOP('',(#6429,#6430,#6431,#6432,#6433,#6434,#6435));
#1288=EDGE_LOOP('',(#6436));
#1289=EDGE_LOOP('',(#6437,#6438,#6439));
#1290=EDGE_LOOP('',(#6440,#6441,#6442,#6443,#6444));
#1291=EDGE_LOOP('',(#6445,#6446,#6447,#6448,#6449));
#1292=EDGE_LOOP('',(#6450));
#1293=EDGE_LOOP('',(#6451));
#1294=EDGE_LOOP('',(#6452,#6453,#6454,#6455));
#1295=EDGE_LOOP('',(#6456));
#1296=EDGE_LOOP('',(#6457));
#1297=EDGE_LOOP('',(#6458,#6459,#6460,#6461,#6462));
#1298=EDGE_LOOP('',(#6463,#6464,#6465,#6466,#6467));
#1299=EDGE_LOOP('',(#6468));
#1300=EDGE_LOOP('',(#6469));
#1301=EDGE_LOOP('',(#6470,#6471,#6472,#6473,#6474));
#1302=EDGE_LOOP('',(#6475,#6476,#6477,#6478,#6479,#6480,#6481,#6482,#6483));
#1303=EDGE_LOOP('',(#6484,#6485,#6486,#6487,#6488,#6489));
#1304=EDGE_LOOP('',(#6490,#6491,#6492,#6493,#6494,#6495,#6496,#6497,#6498,
#6499,#6500,#6501));
#1305=EDGE_LOOP('',(#6502,#6503,#6504));
#1306=EDGE_LOOP('',(#6505));
#1307=EDGE_LOOP('',(#6506));
#1308=EDGE_LOOP('',(#6507,#6508,#6509,#6510,#6511,#6512,#6513,#6514));
#1309=EDGE_LOOP('',(#6515,#6516,#6517,#6518));
#1310=EDGE_LOOP('',(#6519));
#1311=EDGE_LOOP('',(#6520));
#1312=EDGE_LOOP('',(#6521,#6522,#6523,#6524,#6525));
#1313=EDGE_LOOP('',(#6526,#6527,#6528,#6529,#6530));
#1314=EDGE_LOOP('',(#6531));
#1315=EDGE_LOOP('',(#6532));
#1316=EDGE_LOOP('',(#6533,#6534,#6535,#6536));
#1317=EDGE_LOOP('',(#6537));
#1318=EDGE_LOOP('',(#6538));
#1319=EDGE_LOOP('',(#6539,#6540,#6541,#6542,#6543));
#1320=EDGE_LOOP('',(#6544,#6545,#6546,#6547,#6548));
#1321=EDGE_LOOP('',(#6549));
#1322=EDGE_LOOP('',(#6550));
#1323=EDGE_LOOP('',(#6551,#6552,#6553,#6554,#6555));
#1324=EDGE_LOOP('',(#6556,#6557,#6558,#6559,#6560));
#1325=EDGE_LOOP('',(#6561,#6562,#6563,#6564,#6565,#6566,#6567,#6568));
#1326=EDGE_LOOP('',(#6569,#6570,#6571,#6572,#6573,#6574,#6575));
#1327=EDGE_LOOP('',(#6576,#6577,#6578,#6579,#6580,#6581,#6582,#6583,#6584,
#6585));
#1328=EDGE_LOOP('',(#6586,#6587,#6588,#6589,#6590,#6591));
#1329=EDGE_LOOP('',(#6592,#6593,#6594,#6595,#6596,#6597,#6598,#6599));
#1330=EDGE_LOOP('',(#6600,#6601,#6602,#6603));
#1331=EDGE_LOOP('',(#6604));
#1332=EDGE_LOOP('',(#6605));
#1333=EDGE_LOOP('',(#6606,#6607,#6608,#6609,#6610));
#1334=EDGE_LOOP('',(#6611,#6612,#6613,#6614,#6615));
#1335=EDGE_LOOP('',(#6616));
#1336=EDGE_LOOP('',(#6617));
#1337=EDGE_LOOP('',(#6618,#6619,#6620,#6621));
#1338=EDGE_LOOP('',(#6622));
#1339=EDGE_LOOP('',(#6623));
#1340=EDGE_LOOP('',(#6624,#6625,#6626,#6627,#6628));
#1341=EDGE_LOOP('',(#6629,#6630,#6631,#6632,#6633));
#1342=EDGE_LOOP('',(#6634));
#1343=EDGE_LOOP('',(#6635));
#1344=EDGE_LOOP('',(#6636,#6637,#6638,#6639,#6640));
#1345=EDGE_LOOP('',(#6641,#6642,#6643,#6644,#6645));
#1346=EDGE_LOOP('',(#6646));
#1347=EDGE_LOOP('',(#6647));
#1348=EDGE_LOOP('',(#6648,#6649,#6650,#6651,#6652,#6653,#6654,#6655,#6656,
#6657,#6658,#6659));
#1349=EDGE_LOOP('',(#6660,#6661,#6662));
#1350=EDGE_LOOP('',(#6663));
#1351=EDGE_LOOP('',(#6664));
#1352=EDGE_LOOP('',(#6665));
#1353=EDGE_LOOP('',(#6666));
#1354=EDGE_LOOP('',(#6667,#6668,#6669,#6670));
#1355=EDGE_LOOP('',(#6671));
#1356=EDGE_LOOP('',(#6672));
#1357=EDGE_LOOP('',(#6673,#6674,#6675,#6676));
#1358=EDGE_LOOP('',(#6677,#6678,#6679));
#1359=EDGE_LOOP('',(#6680,#6681,#6682,#6683,#6684));
#1360=EDGE_LOOP('',(#6685,#6686));
#1361=EDGE_LOOP('',(#6687,#6688,#6689,#6690,#6691));
#1362=EDGE_LOOP('',(#6692,#6693,#6694));
#1363=EDGE_LOOP('',(#6695,#6696,#6697));
#1364=EDGE_LOOP('',(#6698,#6699,#6700));
#1365=EDGE_LOOP('',(#6701,#6702,#6703));
#1366=EDGE_LOOP('',(#6704,#6705,#6706));
#1367=EDGE_LOOP('',(#6707,#6708,#6709,#6710,#6711));
#1368=EDGE_LOOP('',(#6712,#6713,#6714,#6715,#6716));
#1369=EDGE_LOOP('',(#6717,#6718,#6719));
#1370=EDGE_LOOP('',(#6720,#6721,#6722));
#1371=EDGE_LOOP('',(#6723,#6724));
#1372=EDGE_LOOP('',(#6725,#6726,#6727));
#1373=EDGE_LOOP('',(#6728,#6729,#6730));
#1374=EDGE_LOOP('',(#6731,#6732,#6733));
#1375=EDGE_LOOP('',(#6734,#6735,#6736));
#1376=EDGE_LOOP('',(#6737,#6738));
#1377=EDGE_LOOP('',(#6739,#6740,#6741,#6742,#6743));
#1378=EDGE_LOOP('',(#6744,#6745,#6746,#6747,#6748));
#1379=EDGE_LOOP('',(#6749,#6750,#6751));
#1380=EDGE_LOOP('',(#6752,#6753,#6754));
#1381=EDGE_LOOP('',(#6755,#6756,#6757,#6758));
#1382=EDGE_LOOP('',(#6759));
#1383=EDGE_LOOP('',(#6760,#6761,#6762,#6763));
#1384=EDGE_LOOP('',(#6764,#6765,#6766,#6767));
#1385=EDGE_LOOP('',(#6768,#6769,#6770,#6771));
#1386=EDGE_LOOP('',(#6772,#6773,#6774,#6775));
#1387=EDGE_LOOP('',(#6776,#6777,#6778,#6779));
#1388=EDGE_LOOP('',(#6780,#6781,#6782,#6783));
#1389=EDGE_LOOP('',(#6784,#6785,#6786,#6787));
#1390=EDGE_LOOP('',(#6788));
#1391=EDGE_LOOP('',(#6789,#6790,#6791,#6792,#6793,#6794,#6795,#6796,#6797,
#6798,#6799,#6800,#6801));
#1392=EDGE_LOOP('',(#6802,#6803,#6804,#6805));
#1393=EDGE_LOOP('',(#6806,#6807,#6808,#6809));
#1394=EDGE_LOOP('',(#6810,#6811,#6812,#6813));
#1395=EDGE_LOOP('',(#6814,#6815,#6816,#6817));
#1396=EDGE_LOOP('',(#6818,#6819,#6820,#6821,#6822,#6823,#6824,#6825,#6826,
#6827,#6828,#6829,#6830,#6831,#6832,#6833,#6834,#6835,#6836,#6837,#6838,
#6839,#6840,#6841,#6842,#6843,#6844,#6845,#6846));
#1397=EDGE_LOOP('',(#6847,#6848,#6849,#6850));
#1398=EDGE_LOOP('',(#6851,#6852,#6853,#6854));
#1399=EDGE_LOOP('',(#6855,#6856,#6857,#6858));
#1400=EDGE_LOOP('',(#6859,#6860,#6861,#6862));
#1401=EDGE_LOOP('',(#6863,#6864,#6865,#6866));
#1402=EDGE_LOOP('',(#6867,#6868,#6869,#6870));
#1403=EDGE_LOOP('',(#6871,#6872,#6873,#6874));
#1404=EDGE_LOOP('',(#6875,#6876,#6877,#6878));
#1405=EDGE_LOOP('',(#6879,#6880,#6881,#6882));
#1406=EDGE_LOOP('',(#6883,#6884,#6885,#6886));
#1407=EDGE_LOOP('',(#6887,#6888,#6889,#6890,#6891));
#1408=EDGE_LOOP('',(#6892,#6893,#6894,#6895));
#1409=EDGE_LOOP('',(#6896,#6897,#6898,#6899));
#1410=EDGE_LOOP('',(#6900,#6901,#6902,#6903));
#1411=EDGE_LOOP('',(#6904,#6905,#6906,#6907));
#1412=EDGE_LOOP('',(#6908,#6909,#6910,#6911,#6912));
#1413=EDGE_LOOP('',(#6913,#6914,#6915,#6916));
#1414=EDGE_LOOP('',(#6917,#6918,#6919,#6920));
#1415=EDGE_LOOP('',(#6921,#6922,#6923,#6924));
#1416=EDGE_LOOP('',(#6925,#6926,#6927,#6928));
#1417=EDGE_LOOP('',(#6929,#6930,#6931,#6932));
#1418=EDGE_LOOP('',(#6933,#6934,#6935,#6936));
#1419=EDGE_LOOP('',(#6937,#6938,#6939,#6940));
#1420=EDGE_LOOP('',(#6941,#6942,#6943,#6944,#6945,#6946,#6947,#6948,#6949,
#6950,#6951,#6952));
#1421=EDGE_LOOP('',(#6953));
#1422=EDGE_LOOP('',(#6954));
#1423=EDGE_LOOP('',(#6955,#6956,#6957,#6958));
#1424=EDGE_LOOP('',(#6959));
#1425=EDGE_LOOP('',(#6960,#6961,#6962,#6963));
#1426=EDGE_LOOP('',(#6964,#6965,#6966,#6967));
#1427=EDGE_LOOP('',(#6968,#6969,#6970,#6971));
#1428=EDGE_LOOP('',(#6972,#6973,#6974,#6975));
#1429=EDGE_LOOP('',(#6976));
#1430=EDGE_LOOP('',(#6977,#6978,#6979,#6980));
#1431=EDGE_LOOP('',(#6981,#6982,#6983,#6984));
#1432=EDGE_LOOP('',(#6985,#6986,#6987,#6988));
#1433=EDGE_LOOP('',(#6989,#6990,#6991,#6992));
#1434=EDGE_LOOP('',(#6993,#6994,#6995,#6996));
#1435=EDGE_LOOP('',(#6997,#6998,#6999,#7000));
#1436=EDGE_LOOP('',(#7001,#7002,#7003,#7004));
#1437=EDGE_LOOP('',(#7005,#7006,#7007,#7008));
#1438=EDGE_LOOP('',(#7009,#7010,#7011,#7012));
#1439=EDGE_LOOP('',(#7013,#7014,#7015,#7016));
#1440=EDGE_LOOP('',(#7017,#7018,#7019,#7020));
#1441=EDGE_LOOP('',(#7021,#7022,#7023,#7024));
#1442=EDGE_LOOP('',(#7025,#7026,#7027,#7028));
#1443=EDGE_LOOP('',(#7029,#7030,#7031,#7032));
#1444=EDGE_LOOP('',(#7033,#7034,#7035,#7036));
#1445=EDGE_LOOP('',(#7037,#7038,#7039,#7040,#7041));
#1446=EDGE_LOOP('',(#7042,#7043,#7044,#7045,#7046,#7047));
#1447=EDGE_LOOP('',(#7048,#7049,#7050,#7051,#7052));
#1448=EDGE_LOOP('',(#7053));
#1449=EDGE_LOOP('',(#7054));
#1450=EDGE_LOOP('',(#7055,#7056,#7057,#7058));
#1451=EDGE_LOOP('',(#7059));
#1452=EDGE_LOOP('',(#7060,#7061,#7062,#7063));
#1453=EDGE_LOOP('',(#7064,#7065,#7066,#7067,#7068));
#1454=EDGE_LOOP('',(#7069,#7070,#7071,#7072));
#1455=EDGE_LOOP('',(#7073,#7074,#7075,#7076));
#1456=EDGE_LOOP('',(#7077,#7078,#7079,#7080));
#1457=EDGE_LOOP('',(#7081,#7082,#7083,#7084,#7085));
#1458=EDGE_LOOP('',(#7086,#7087,#7088,#7089,#7090));
#1459=EDGE_LOOP('',(#7091,#7092,#7093,#7094));
#1460=EDGE_LOOP('',(#7095,#7096,#7097,#7098,#7099));
#1461=EDGE_LOOP('',(#7100,#7101,#7102,#7103,#7104));
#1462=EDGE_LOOP('',(#7105,#7106,#7107,#7108));
#1463=EDGE_LOOP('',(#7109,#7110,#7111,#7112,#7113));
#1464=EDGE_LOOP('',(#7114,#7115,#7116,#7117));
#1465=EDGE_LOOP('',(#7118,#7119,#7120,#7121,#7122));
#1466=EDGE_LOOP('',(#7123,#7124,#7125,#7126,#7127));
#1467=EDGE_LOOP('',(#7128,#7129,#7130,#7131));
#1468=EDGE_LOOP('',(#7132,#7133,#7134,#7135,#7136));
#1469=EDGE_LOOP('',(#7137,#7138,#7139,#7140));
#1470=EDGE_LOOP('',(#7141,#7142,#7143,#7144,#7145));
#1471=EDGE_LOOP('',(#7146,#7147,#7148,#7149,#7150));
#1472=EDGE_LOOP('',(#7151,#7152,#7153,#7154));
#1473=EDGE_LOOP('',(#7155));
#1474=EDGE_LOOP('',(#7156,#7157,#7158,#7159));
#1475=EDGE_LOOP('',(#7160,#7161,#7162,#7163));
#1476=EDGE_LOOP('',(#7164,#7165,#7166,#7167));
#1477=EDGE_LOOP('',(#7168,#7169,#7170,#7171));
#1478=EDGE_LOOP('',(#7172,#7173,#7174,#7175));
#1479=EDGE_LOOP('',(#7176,#7177,#7178,#7179));
#1480=EDGE_LOOP('',(#7180,#7181,#7182,#7183,#7184,#7185,#7186,#7187,#7188,
#7189));
#1481=EDGE_LOOP('',(#7190));
#1482=EDGE_LOOP('',(#7191));
#1483=EDGE_LOOP('',(#7192,#7193,#7194,#7195,#7196,#7197,#7198,#7199,#7200,
#7201,#7202));
#1484=EDGE_LOOP('',(#7203,#7204,#7205,#7206));
#1485=EDGE_LOOP('',(#7207,#7208,#7209,#7210));
#1486=EDGE_LOOP('',(#7211,#7212,#7213));
#1487=EDGE_LOOP('',(#7214,#7215,#7216,#7217,#7218,#7219,#7220,#7221));
#1488=EDGE_LOOP('',(#7222,#7223,#7224));
#1489=EDGE_LOOP('',(#7225,#7226,#7227,#7228,#7229,#7230,#7231,#7232,#7233,
#7234,#7235));
#1490=EDGE_LOOP('',(#7236,#7237,#7238,#7239));
#1491=EDGE_LOOP('',(#7240,#7241,#7242,#7243,#7244));
#1492=EDGE_LOOP('',(#7245,#7246,#7247,#7248,#7249));
#1493=EDGE_LOOP('',(#7250,#7251,#7252,#7253,#7254));
#1494=EDGE_LOOP('',(#7255,#7256,#7257,#7258,#7259));
#1495=EDGE_LOOP('',(#7260,#7261,#7262,#7263,#7264,#7265));
#1496=EDGE_LOOP('',(#7266,#7267,#7268,#7269,#7270,#7271));
#1497=EDGE_LOOP('',(#7272,#7273,#7274));
#1498=EDGE_LOOP('',(#7275,#7276,#7277));
#1499=EDGE_LOOP('',(#7278,#7279,#7280));
#1500=EDGE_LOOP('',(#7281,#7282,#7283));
#1501=EDGE_LOOP('',(#7284,#7285,#7286,#7287,#7288));
#1502=EDGE_LOOP('',(#7289));
#1503=EDGE_LOOP('',(#7290,#7291,#7292,#7293,#7294));
#1504=EDGE_LOOP('',(#7295));
#1505=EDGE_LOOP('',(#7296,#7297,#7298,#7299,#7300));
#1506=EDGE_LOOP('',(#7301));
#1507=EDGE_LOOP('',(#7302,#7303,#7304,#7305,#7306));
#1508=EDGE_LOOP('',(#7307));
#1509=EDGE_LOOP('',(#7308,#7309,#7310,#7311,#7312,#7313,#7314,#7315,#7316,
#7317));
#1510=EDGE_LOOP('',(#7318,#7319,#7320));
#1511=EDGE_LOOP('',(#7321,#7322,#7323,#7324,#7325,#7326,#7327,#7328));
#1512=EDGE_LOOP('',(#7329,#7330,#7331));
#1513=EDGE_LOOP('',(#7332,#7333,#7334,#7335,#7336,#7337));
#1514=EDGE_LOOP('',(#7338,#7339,#7340,#7341,#7342,#7343,#7344,#7345,#7346,
#7347));
#1515=EDGE_LOOP('',(#7348,#7349,#7350,#7351));
#1516=EDGE_LOOP('',(#7352,#7353,#7354,#7355,#7356,#7357,#7358,#7359,#7360,
#7361,#7362,#7363,#7364,#7365,#7366,#7367));
#1517=EDGE_LOOP('',(#7368,#7369,#7370,#7371,#7372));
#1518=EDGE_LOOP('',(#7373,#7374,#7375,#7376,#7377));
#1519=EDGE_LOOP('',(#7378,#7379,#7380,#7381,#7382));
#1520=EDGE_LOOP('',(#7383,#7384,#7385,#7386,#7387));
#1521=EDGE_LOOP('',(#7388,#7389,#7390,#7391,#7392,#7393));
#1522=EDGE_LOOP('',(#7394,#7395,#7396,#7397,#7398,#7399));
#1523=EDGE_LOOP('',(#7400,#7401,#7402,#7403,#7404));
#1524=EDGE_LOOP('',(#7405,#7406,#7407));
#1525=EDGE_LOOP('',(#7408,#7409,#7410,#7411,#7412,#7413,#7414,#7415));
#1526=EDGE_LOOP('',(#7416,#7417,#7418,#7419,#7420,#7421));
#1527=EDGE_LOOP('',(#7422,#7423,#7424,#7425,#7426,#7427,#7428));
#1528=EDGE_LOOP('',(#7429,#7430,#7431));
#1529=EDGE_LOOP('',(#7432,#7433,#7434));
#1530=EDGE_LOOP('',(#7435,#7436,#7437));
#1531=EDGE_LOOP('',(#7438,#7439,#7440,#7441));
#1532=EDGE_LOOP('',(#7442));
#1533=EDGE_LOOP('',(#7443));
#1534=EDGE_LOOP('',(#7444,#7445,#7446,#7447));
#1535=EDGE_LOOP('',(#7448,#7449,#7450,#7451));
#1536=EDGE_LOOP('',(#7452,#7453,#7454,#7455));
#1537=EDGE_LOOP('',(#7456,#7457,#7458,#7459,#7460,#7461,#7462,#7463));
#1538=EDGE_LOOP('',(#7464));
#1539=EDGE_LOOP('',(#7465));
#1540=EDGE_LOOP('',(#7466));
#1541=EDGE_LOOP('',(#7467));
#1542=EDGE_LOOP('',(#7468,#7469,#7470,#7471));
#1543=EDGE_LOOP('',(#7472,#7473,#7474,#7475));
#1544=EDGE_LOOP('',(#7476,#7477,#7478,#7479));
#1545=EDGE_LOOP('',(#7480,#7481,#7482,#7483));
#1546=EDGE_LOOP('',(#7484));
#1547=EDGE_LOOP('',(#7485));
#1548=EDGE_LOOP('',(#7486,#7487,#7488,#7489));
#1549=EDGE_LOOP('',(#7490));
#1550=EDGE_LOOP('',(#7491));
#1551=EDGE_LOOP('',(#7492,#7493,#7494,#7495));
#1552=EDGE_LOOP('',(#7496,#7497,#7498,#7499));
#1553=EDGE_LOOP('',(#7500));
#1554=EDGE_LOOP('',(#7501));
#1555=EDGE_LOOP('',(#7502,#7503,#7504,#7505));
#1556=EDGE_LOOP('',(#7506));
#1557=EDGE_LOOP('',(#7507));
#1558=EDGE_LOOP('',(#7508,#7509,#7510,#7511));
#1559=EDGE_LOOP('',(#7512,#7513,#7514,#7515));
#1560=EDGE_LOOP('',(#7516,#7517,#7518,#7519));
#1561=EDGE_LOOP('',(#7520,#7521,#7522,#7523));
#1562=EDGE_LOOP('',(#7524,#7525,#7526,#7527));
#1563=EDGE_LOOP('',(#7528,#7529,#7530,#7531));
#1564=EDGE_LOOP('',(#7532,#7533,#7534,#7535));
#1565=EDGE_LOOP('',(#7536,#7537,#7538,#7539));
#1566=EDGE_LOOP('',(#7540,#7541,#7542,#7543));
#1567=EDGE_LOOP('',(#7544,#7545,#7546,#7547));
#1568=EDGE_LOOP('',(#7548,#7549,#7550,#7551));
#1569=EDGE_LOOP('',(#7552,#7553,#7554,#7555));
#1570=EDGE_LOOP('',(#7556,#7557,#7558,#7559));
#1571=EDGE_LOOP('',(#7560,#7561,#7562,#7563));
#1572=EDGE_LOOP('',(#7564,#7565,#7566,#7567));
#1573=EDGE_LOOP('',(#7568,#7569,#7570,#7571));
#1574=EDGE_LOOP('',(#7572,#7573,#7574,#7575));
#1575=EDGE_LOOP('',(#7576,#7577,#7578,#7579));
#1576=EDGE_LOOP('',(#7580,#7581,#7582,#7583));
#1577=EDGE_LOOP('',(#7584,#7585,#7586,#7587));
#1578=EDGE_LOOP('',(#7588,#7589,#7590,#7591));
#1579=EDGE_LOOP('',(#7592,#7593,#7594,#7595));
#1580=EDGE_LOOP('',(#7596,#7597,#7598,#7599,#7600));
#1581=EDGE_LOOP('',(#7601,#7602,#7603));
#1582=EDGE_LOOP('',(#7604,#7605,#7606,#7607,#7608,#7609,#7610));
#1583=EDGE_LOOP('',(#7611,#7612,#7613));
#1584=EDGE_LOOP('',(#7614,#7615,#7616,#7617,#7618));
#1585=EDGE_LOOP('',(#7619,#7620,#7621,#7622,#7623));
#1586=EDGE_LOOP('',(#7624,#7625,#7626,#7627));
#1587=EDGE_LOOP('',(#7628,#7629,#7630,#7631));
#1588=EDGE_LOOP('',(#7632,#7633,#7634,#7635,#7636));
#1589=EDGE_LOOP('',(#7637,#7638,#7639,#7640,#7641));
#1590=EDGE_LOOP('',(#7642,#7643,#7644,#7645,#7646));
#1591=EDGE_LOOP('',(#7647,#7648,#7649,#7650,#7651));
#1592=EDGE_LOOP('',(#7652,#7653,#7654,#7655));
#1593=EDGE_LOOP('',(#7656,#7657,#7658,#7659,#7660));
#1594=EDGE_LOOP('',(#7661,#7662,#7663,#7664));
#1595=EDGE_LOOP('',(#7665,#7666,#7667,#7668));
#1596=EDGE_LOOP('',(#7669,#7670,#7671,#7672,#7673));
#1597=EDGE_LOOP('',(#7674,#7675,#7676));
#1598=EDGE_LOOP('',(#7677,#7678,#7679,#7680,#7681,#7682));
#1599=EDGE_LOOP('',(#7683,#7684,#7685,#7686,#7687));
#1600=EDGE_LOOP('',(#7688,#7689,#7690,#7691,#7692));
#1601=EDGE_LOOP('',(#7693,#7694));
#1602=EDGE_LOOP('',(#7695,#7696,#7697,#7698,#7699));
#1603=EDGE_LOOP('',(#7700,#7701,#7702,#7703));
#1604=EDGE_LOOP('',(#7704,#7705,#7706,#7707));
#1605=EDGE_LOOP('',(#7708,#7709,#7710,#7711));
#1606=EDGE_LOOP('',(#7712,#7713,#7714,#7715));
#1607=EDGE_LOOP('',(#7716,#7717,#7718,#7719));
#1608=EDGE_LOOP('',(#7720,#7721,#7722,#7723,#7724));
#1609=EDGE_LOOP('',(#7725,#7726,#7727,#7728));
#1610=EDGE_LOOP('',(#7729,#7730));
#1611=EDGE_LOOP('',(#7731,#7732,#7733,#7734,#7735));
#1612=EDGE_LOOP('',(#7736,#7737,#7738,#7739));
#1613=EDGE_LOOP('',(#7740,#7741,#7742,#7743));
#1614=EDGE_LOOP('',(#7744,#7745,#7746,#7747));
#1615=EDGE_LOOP('',(#7748,#7749,#7750,#7751));
#1616=EDGE_LOOP('',(#7752,#7753,#7754,#7755));
#1617=EDGE_LOOP('',(#7756,#7757,#7758,#7759,#7760));
#1618=EDGE_LOOP('',(#7761,#7762,#7763,#7764));
#1619=EDGE_LOOP('',(#7765,#7766,#7767,#7768));
#1620=EDGE_LOOP('',(#7769,#7770,#7771,#7772));
#1621=EDGE_LOOP('',(#7773,#7774,#7775,#7776));
#1622=EDGE_LOOP('',(#7777,#7778,#7779,#7780));
#1623=EDGE_LOOP('',(#7781,#7782,#7783,#7784));
#1624=EDGE_LOOP('',(#7785,#7786,#7787,#7788));
#1625=EDGE_LOOP('',(#7789,#7790,#7791,#7792));
#1626=EDGE_LOOP('',(#7793,#7794,#7795,#7796));
#1627=EDGE_LOOP('',(#7797,#7798,#7799,#7800));
#1628=EDGE_LOOP('',(#7801,#7802,#7803,#7804));
#1629=EDGE_LOOP('',(#7805,#7806,#7807,#7808));
#1630=EDGE_LOOP('',(#7809,#7810,#7811,#7812));
#1631=EDGE_LOOP('',(#7813,#7814,#7815,#7816));
#1632=EDGE_LOOP('',(#7817,#7818,#7819,#7820));
#1633=EDGE_LOOP('',(#7821,#7822,#7823,#7824));
#1634=EDGE_LOOP('',(#7825,#7826,#7827,#7828));
#1635=EDGE_LOOP('',(#7829,#7830,#7831,#7832));
#1636=EDGE_LOOP('',(#7833,#7834,#7835,#7836));
#1637=EDGE_LOOP('',(#7837,#7838,#7839,#7840));
#1638=EDGE_LOOP('',(#7841,#7842,#7843,#7844));
#1639=EDGE_LOOP('',(#7845,#7846,#7847,#7848));
#1640=EDGE_LOOP('',(#7849,#7850,#7851,#7852));
#1641=EDGE_LOOP('',(#7853,#7854,#7855,#7856));
#1642=EDGE_LOOP('',(#7857,#7858,#7859,#7860));
#1643=EDGE_LOOP('',(#7861,#7862,#7863,#7864));
#1644=EDGE_LOOP('',(#7865,#7866,#7867,#7868));
#1645=EDGE_LOOP('',(#7869,#7870,#7871,#7872));
#1646=EDGE_LOOP('',(#7873,#7874,#7875,#7876));
#1647=EDGE_LOOP('',(#7877,#7878,#7879,#7880));
#1648=EDGE_LOOP('',(#7881));
#1649=EDGE_LOOP('',(#7882));
#1650=EDGE_LOOP('',(#7883,#7884,#7885,#7886));
#1651=EDGE_LOOP('',(#7887,#7888,#7889,#7890));
#1652=EDGE_LOOP('',(#7891,#7892,#7893));
#1653=EDGE_LOOP('',(#7894,#7895,#7896,#7897));
#1654=EDGE_LOOP('',(#7898,#7899,#7900));
#1655=EDGE_LOOP('',(#7901,#7902,#7903,#7904));
#1656=EDGE_LOOP('',(#7905,#7906,#7907));
#1657=EDGE_LOOP('',(#7908,#7909,#7910,#7911));
#1658=EDGE_LOOP('',(#7912,#7913,#7914));
#1659=EDGE_LOOP('',(#7915,#7916,#7917,#7918));
#1660=EDGE_LOOP('',(#7919,#7920,#7921));
#1661=EDGE_LOOP('',(#7922,#7923,#7924,#7925));
#1662=EDGE_LOOP('',(#7926,#7927,#7928));
#1663=EDGE_LOOP('',(#7929,#7930,#7931,#7932,#7933));
#1664=EDGE_LOOP('',(#7934,#7935,#7936,#7937,#7938));
#1665=EDGE_LOOP('',(#7939));
#1666=EDGE_LOOP('',(#7940));
#1667=EDGE_LOOP('',(#7941,#7942,#7943,#7944));
#1668=EDGE_LOOP('',(#7945,#7946,#7947,#7948,#7949,#7950,#7951,#7952,#7953,
#7954,#7955,#7956));
#1669=EDGE_LOOP('',(#7957,#7958));
#1670=EDGE_LOOP('',(#7959,#7960,#7961,#7962));
#1671=EDGE_LOOP('',(#7963,#7964,#7965,#7966));
#1672=EDGE_LOOP('',(#7967,#7968,#7969,#7970,#7971,#7972,#7973,#7974,#7975,
#7976,#7977,#7978));
#1673=EDGE_LOOP('',(#7979,#7980));
#1674=EDGE_LOOP('',(#7981,#7982,#7983,#7984));
#1675=EDGE_LOOP('',(#7985,#7986,#7987,#7988));
#1676=EDGE_LOOP('',(#7989,#7990,#7991,#7992));
#1677=EDGE_LOOP('',(#7993,#7994,#7995,#7996));
#1678=EDGE_LOOP('',(#7997,#7998,#7999,#8000));
#1679=EDGE_LOOP('',(#8001,#8002,#8003,#8004));
#1680=EDGE_LOOP('',(#8005,#8006,#8007,#8008));
#1681=EDGE_LOOP('',(#8009,#8010,#8011,#8012));
#1682=EDGE_LOOP('',(#8013,#8014,#8015,#8016));
#1683=EDGE_LOOP('',(#8017,#8018,#8019,#8020));
#1684=EDGE_LOOP('',(#8021,#8022,#8023,#8024));
#1685=EDGE_LOOP('',(#8025,#8026,#8027,#8028));
#1686=EDGE_LOOP('',(#8029,#8030,#8031,#8032,#8033,#8034,#8035,#8036,#8037,
#8038,#8039,#8040));
#1687=EDGE_LOOP('',(#8041,#8042));
#1688=EDGE_LOOP('',(#8043,#8044,#8045,#8046));
#1689=EDGE_LOOP('',(#8047,#8048,#8049,#8050));
#1690=EDGE_LOOP('',(#8051,#8052,#8053,#8054,#8055,#8056,#8057,#8058,#8059,
#8060,#8061,#8062));
#1691=EDGE_LOOP('',(#8063,#8064));
#1692=EDGE_LOOP('',(#8065,#8066,#8067,#8068));
#1693=EDGE_LOOP('',(#8069,#8070,#8071,#8072));
#1694=EDGE_LOOP('',(#8073,#8074,#8075,#8076));
#1695=EDGE_LOOP('',(#8077,#8078,#8079,#8080));
#1696=EDGE_LOOP('',(#8081,#8082,#8083,#8084));
#1697=EDGE_LOOP('',(#8085,#8086,#8087,#8088));
#1698=EDGE_LOOP('',(#8089,#8090,#8091,#8092));
#1699=EDGE_LOOP('',(#8093,#8094,#8095,#8096));
#1700=EDGE_LOOP('',(#8097,#8098,#8099,#8100));
#1701=EDGE_LOOP('',(#8101,#8102,#8103,#8104));
#1702=EDGE_LOOP('',(#8105,#8106,#8107,#8108));
#1703=EDGE_LOOP('',(#8109,#8110,#8111,#8112));
#1704=EDGE_LOOP('',(#8113));
#1705=EDGE_LOOP('',(#8114));
#1706=EDGE_LOOP('',(#8115,#8116,#8117,#8118));
#1707=EDGE_LOOP('',(#8119));
#1708=EDGE_LOOP('',(#8120));
#1709=EDGE_LOOP('',(#8121,#8122,#8123,#8124));
#1710=EDGE_LOOP('',(#8125));
#1711=EDGE_LOOP('',(#8126));
#1712=EDGE_LOOP('',(#8127,#8128,#8129,#8130));
#1713=EDGE_LOOP('',(#8131));
#1714=EDGE_LOOP('',(#8132));
#1715=EDGE_LOOP('',(#8133,#8134,#8135,#8136));
#1716=EDGE_LOOP('',(#8137));
#1717=EDGE_LOOP('',(#8138));
#1718=EDGE_LOOP('',(#8139,#8140,#8141,#8142));
#1719=EDGE_LOOP('',(#8143));
#1720=EDGE_LOOP('',(#8144));
#1721=EDGE_LOOP('',(#8145));
#1722=EDGE_LOOP('',(#8146));
#1723=EDGE_LOOP('',(#8147,#8148,#8149,#8150));
#1724=EDGE_LOOP('',(#8151,#8152,#8153,#8154));
#1725=EDGE_LOOP('',(#8155));
#1726=EDGE_LOOP('',(#8156));
#1727=EDGE_LOOP('',(#8157,#8158,#8159,#8160));
#1728=EDGE_LOOP('',(#8161));
#1729=EDGE_LOOP('',(#8162));
#1730=EDGE_LOOP('',(#8163,#8164,#8165,#8166));
#1731=EDGE_LOOP('',(#8167));
#1732=EDGE_LOOP('',(#8168));
#1733=EDGE_LOOP('',(#8169,#8170,#8171,#8172));
#1734=EDGE_LOOP('',(#8173));
#1735=EDGE_LOOP('',(#8174));
#1736=EDGE_LOOP('',(#8175,#8176,#8177,#8178));
#1737=EDGE_LOOP('',(#8179));
#1738=EDGE_LOOP('',(#8180));
#1739=EDGE_LOOP('',(#8181,#8182,#8183,#8184));
#1740=EDGE_LOOP('',(#8185,#8186,#8187,#8188));
#1741=EDGE_LOOP('',(#8189,#8190,#8191,#8192));
#1742=EDGE_LOOP('',(#8193));
#1743=EDGE_LOOP('',(#8194));
#1744=EDGE_LOOP('',(#8195,#8196,#8197,#8198));
#1745=EDGE_LOOP('',(#8199,#8200,#8201,#8202));
#1746=EDGE_LOOP('',(#8203));
#1747=EDGE_LOOP('',(#8204));
#1748=EDGE_LOOP('',(#8205));
#1749=EDGE_LOOP('',(#8206));
#1750=EDGE_LOOP('',(#8207,#8208,#8209,#8210));
#1751=EDGE_LOOP('',(#8211,#8212,#8213,#8214));
#1752=EDGE_LOOP('',(#8215));
#1753=EDGE_LOOP('',(#8216));
#1754=EDGE_LOOP('',(#8217));
#1755=EDGE_LOOP('',(#8218));
#1756=EDGE_LOOP('',(#8219,#8220,#8221,#8222,#8223,#8224,#8225,#8226));
#1757=EDGE_LOOP('',(#8227,#8228,#8229,#8230));
#1758=EDGE_LOOP('',(#8231,#8232,#8233,#8234,#8235,#8236,#8237,#8238));
#1759=EDGE_LOOP('',(#8239,#8240,#8241,#8242,#8243,#8244,#8245,#8246));
#1760=EDGE_LOOP('',(#8247,#8248,#8249,#8250));
#1761=EDGE_LOOP('',(#8251,#8252,#8253,#8254,#8255,#8256,#8257,#8258));
#1762=EDGE_LOOP('',(#8259,#8260,#8261,#8262,#8263,#8264));
#1763=EDGE_LOOP('',(#8265,#8266,#8267,#8268,#8269));
#1764=EDGE_LOOP('',(#8270,#8271,#8272));
#1765=EDGE_LOOP('',(#8273,#8274,#8275));
#1766=EDGE_LOOP('',(#8276,#8277,#8278));
#1767=EDGE_LOOP('',(#8279,#8280,#8281));
#1768=EDGE_LOOP('',(#8282,#8283,#8284));
#1769=EDGE_LOOP('',(#8285,#8286,#8287));
#1770=EDGE_LOOP('',(#8288,#8289,#8290));
#1771=EDGE_LOOP('',(#8291,#8292,#8293));
#1772=EDGE_LOOP('',(#8294,#8295,#8296,#8297));
#1773=EDGE_LOOP('',(#8298,#8299,#8300,#8301,#8302,#8303));
#1774=EDGE_LOOP('',(#8304,#8305,#8306,#8307,#8308,#8309));
#1775=EDGE_LOOP('',(#8310,#8311,#8312,#8313));
#1776=EDGE_LOOP('',(#8314,#8315,#8316,#8317));
#1777=EDGE_LOOP('',(#8318,#8319,#8320,#8321));
#1778=EDGE_LOOP('',(#8322,#8323,#8324,#8325));
#1779=EDGE_LOOP('',(#8326,#8327,#8328,#8329));
#1780=EDGE_LOOP('',(#8330,#8331,#8332,#8333));
#1781=EDGE_LOOP('',(#8334,#8335,#8336,#8337));
#1782=EDGE_LOOP('',(#8338,#8339,#8340,#8341));
#1783=EDGE_LOOP('',(#8342,#8343,#8344,#8345,#8346,#8347,#8348,#8349));
#1784=EDGE_LOOP('',(#8350,#8351,#8352,#8353,#8354,#8355,#8356,#8357,#8358,
#8359,#8360,#8361,#8362,#8363,#8364,#8365,#8366,#8367,#8368,#8369));
#1785=EDGE_LOOP('',(#8370));
#1786=EDGE_LOOP('',(#8371));
#1787=EDGE_LOOP('',(#8372,#8373,#8374,#8375,#8376,#8377,#8378,#8379,#8380,
#8381,#8382,#8383,#8384,#8385,#8386,#8387,#8388,#8389,#8390));
#1788=EDGE_LOOP('',(#8391));
#1789=EDGE_LOOP('',(#8392));
#1790=EDGE_LOOP('',(#8393,#8394,#8395,#8396,#8397,#8398,#8399));
#1791=EDGE_LOOP('',(#8400,#8401,#8402,#8403,#8404,#8405));
#1792=EDGE_LOOP('',(#8406,#8407,#8408,#8409,#8410,#8411));
#1793=EDGE_LOOP('',(#8412,#8413,#8414,#8415,#8416,#8417,#8418));
#1794=EDGE_LOOP('',(#8419,#8420,#8421,#8422,#8423,#8424));
#1795=EDGE_LOOP('',(#8425,#8426,#8427,#8428,#8429,#8430,#8431));
#1796=EDGE_LOOP('',(#8432,#8433,#8434));
#1797=EDGE_LOOP('',(#8435,#8436));
#1798=EDGE_LOOP('',(#8437,#8438,#8439));
#1799=EDGE_LOOP('',(#8440,#8441));
#1800=EDGE_LOOP('',(#8442,#8443));
#1801=EDGE_LOOP('',(#8444,#8445,#8446,#8447,#8448,#8449,#8450,#8451,#8452,
#8453,#8454,#8455,#8456));
#1802=EDGE_LOOP('',(#8457,#8458,#8459));
#1803=EDGE_LOOP('',(#8460,#8461));
#1804=EDGE_LOOP('',(#8462,#8463));
#1805=EDGE_LOOP('',(#8464,#8465,#8466,#8467,#8468,#8469,#8470,#8471,#8472,
#8473,#8474,#8475,#8476));
#1806=EDGE_LOOP('',(#8477,#8478,#8479));
#1807=EDGE_LOOP('',(#8480,#8481));
#1808=EDGE_LOOP('',(#8482,#8483,#8484,#8485,#8486,#8487));
#1809=EDGE_LOOP('',(#8488,#8489,#8490,#8491,#8492));
#1810=EDGE_LOOP('',(#8493));
#1811=EDGE_LOOP('',(#8494,#8495,#8496,#8497));
#1812=EDGE_LOOP('',(#8498));
#1813=EDGE_LOOP('',(#8499));
#1814=EDGE_LOOP('',(#8500,#8501,#8502,#8503,#8504));
#1815=EDGE_LOOP('',(#8505,#8506,#8507,#8508,#8509));
#1816=EDGE_LOOP('',(#8510,#8511,#8512,#8513,#8514));
#1817=EDGE_LOOP('',(#8515,#8516,#8517,#8518,#8519));
#1818=EDGE_LOOP('',(#8520));
#1819=EDGE_LOOP('',(#8521,#8522,#8523,#8524));
#1820=EDGE_LOOP('',(#8525));
#1821=EDGE_LOOP('',(#8526));
#1822=EDGE_LOOP('',(#8527,#8528,#8529,#8530));
#1823=EDGE_LOOP('',(#8531,#8532,#8533,#8534));
#1824=EDGE_LOOP('',(#8535,#8536,#8537,#8538));
#1825=EDGE_LOOP('',(#8539,#8540,#8541,#8542,#8543));
#1826=EDGE_LOOP('',(#8544,#8545,#8546,#8547,#8548));
#1827=EDGE_LOOP('',(#8549,#8550,#8551,#8552));
#1828=EDGE_LOOP('',(#8553));
#1829=EDGE_LOOP('',(#8554,#8555,#8556,#8557));
#1830=EDGE_LOOP('',(#8558,#8559,#8560,#8561));
#1831=EDGE_LOOP('',(#8562,#8563,#8564,#8565));
#1832=EDGE_LOOP('',(#8566,#8567,#8568,#8569));
#1833=EDGE_LOOP('',(#8570,#8571,#8572,#8573));
#1834=EDGE_LOOP('',(#8574));
#1835=EDGE_LOOP('',(#8575,#8576,#8577,#8578));
#1836=EDGE_LOOP('',(#8579,#8580,#8581,#8582));
#1837=EDGE_LOOP('',(#8583,#8584,#8585,#8586));
#1838=EDGE_LOOP('',(#8587,#8588,#8589,#8590));
#1839=EDGE_LOOP('',(#8591,#8592,#8593,#8594));
#1840=EDGE_LOOP('',(#8595));
#1841=EDGE_LOOP('',(#8596,#8597,#8598,#8599));
#1842=EDGE_LOOP('',(#8600,#8601,#8602,#8603));
#1843=EDGE_LOOP('',(#8604,#8605,#8606,#8607,#8608));
#1844=EDGE_LOOP('',(#8609,#8610,#8611,#8612,#8613));
#1845=EDGE_LOOP('',(#8614,#8615,#8616,#8617));
#1846=EDGE_LOOP('',(#8618));
#1847=EDGE_LOOP('',(#8619,#8620,#8621,#8622));
#1848=EDGE_LOOP('',(#8623));
#1849=EDGE_LOOP('',(#8624,#8625,#8626,#8627));
#1850=EDGE_LOOP('',(#8628));
#1851=EDGE_LOOP('',(#8629,#8630,#8631,#8632));
#1852=EDGE_LOOP('',(#8633));
#1853=EDGE_LOOP('',(#8634,#8635,#8636,#8637));
#1854=EDGE_LOOP('',(#8638));
#1855=EDGE_LOOP('',(#8639,#8640,#8641,#8642));
#1856=EDGE_LOOP('',(#8643,#8644,#8645,#8646));
#1857=EDGE_LOOP('',(#8647));
#1858=EDGE_LOOP('',(#8648));
#1859=EDGE_LOOP('',(#8649));
#1860=EDGE_LOOP('',(#8650));
#1861=EDGE_LOOP('',(#8651,#8652,#8653,#8654,#8655,#8656));
#1862=EDGE_LOOP('',(#8657,#8658,#8659,#8660));
#1863=EDGE_LOOP('',(#8661,#8662,#8663,#8664));
#1864=EDGE_LOOP('',(#8665,#8666,#8667,#8668,#8669,#8670,#8671,#8672,#8673,
#8674));
#1865=EDGE_LOOP('',(#8675,#8676,#8677,#8678,#8679,#8680));
#1866=EDGE_LOOP('',(#8681,#8682,#8683,#8684,#8685));
#1867=EDGE_LOOP('',(#8686,#8687,#8688,#8689,#8690));
#1868=EDGE_LOOP('',(#8691,#8692,#8693,#8694));
#1869=EDGE_LOOP('',(#8695,#8696,#8697,#8698));
#1870=EDGE_LOOP('',(#8699,#8700,#8701,#8702,#8703,#8704,#8705,#8706,#8707,
#8708,#8709,#8710,#8711,#8712));
#1871=EDGE_LOOP('',(#8713));
#1872=EDGE_LOOP('',(#8714));
#1873=EDGE_LOOP('',(#8715));
#1874=EDGE_LOOP('',(#8716));
#1875=EDGE_LOOP('',(#8717));
#1876=EDGE_LOOP('',(#8718));
#1877=EDGE_LOOP('',(#8719));
#1878=EDGE_LOOP('',(#8720,#8721,#8722,#8723));
#1879=EDGE_LOOP('',(#8724,#8725,#8726,#8727));
#1880=EDGE_LOOP('',(#8728,#8729,#8730,#8731));
#1881=EDGE_LOOP('',(#8732));
#1882=EDGE_LOOP('',(#8733));
#1883=EDGE_LOOP('',(#8734,#8735,#8736,#8737,#8738,#8739,#8740,#8741,#8742,
#8743));
#1884=EDGE_LOOP('',(#8744));
#1885=EDGE_LOOP('',(#8745,#8746,#8747,#8748));
#1886=EDGE_LOOP('',(#8749,#8750,#8751,#8752));
#1887=EDGE_LOOP('',(#8753,#8754,#8755,#8756));
#1888=EDGE_LOOP('',(#8757,#8758,#8759,#8760,#8761,#8762,#8763,#8764,#8765,
#8766));
#1889=EDGE_LOOP('',(#8767,#8768,#8769,#8770));
#1890=EDGE_LOOP('',(#8771,#8772,#8773,#8774));
#1891=EDGE_LOOP('',(#8775,#8776,#8777,#8778,#8779));
#1892=EDGE_LOOP('',(#8780,#8781,#8782,#8783,#8784,#8785,#8786,#8787,#8788,
#8789));
#1893=EDGE_LOOP('',(#8790,#8791,#8792,#8793,#8794));
#1894=EDGE_LOOP('',(#8795,#8796,#8797,#8798));
#1895=EDGE_LOOP('',(#8799,#8800,#8801,#8802,#8803,#8804));
#1896=EDGE_LOOP('',(#8805,#8806,#8807,#8808));
#1897=EDGE_LOOP('',(#8809,#8810,#8811,#8812));
#1898=EDGE_LOOP('',(#8813,#8814,#8815,#8816));
#1899=EDGE_LOOP('',(#8817,#8818,#8819,#8820));
#1900=EDGE_LOOP('',(#8821,#8822,#8823,#8824,#8825,#8826));
#1901=EDGE_LOOP('',(#8827,#8828,#8829,#8830,#8831,#8832));
#1902=EDGE_LOOP('',(#8833,#8834,#8835,#8836));
#1903=EDGE_LOOP('',(#8837,#8838,#8839,#8840));
#1904=EDGE_LOOP('',(#8841,#8842,#8843,#8844,#8845,#8846,#8847,#8848,#8849,
#8850));
#1905=EDGE_LOOP('',(#8851,#8852,#8853,#8854,#8855,#8856));
#1906=EDGE_LOOP('',(#8857,#8858,#8859,#8860,#8861,#8862,#8863));
#1907=EDGE_LOOP('',(#8864));
#1908=EDGE_LOOP('',(#8865));
#1909=EDGE_LOOP('',(#8866));
#1910=EDGE_LOOP('',(#8867));
#1911=EDGE_LOOP('',(#8868,#8869,#8870,#8871,#8872,#8873));
#1912=EDGE_LOOP('',(#8874,#8875,#8876,#8877));
#1913=EDGE_LOOP('',(#8878,#8879,#8880,#8881,#8882,#8883));
#1914=EDGE_LOOP('',(#8884,#8885,#8886,#8887));
#1915=EDGE_LOOP('',(#8888,#8889,#8890,#8891));
#1916=EDGE_LOOP('',(#8892,#8893,#8894,#8895,#8896));
#1917=EDGE_LOOP('',(#8897,#8898,#8899,#8900));
#1918=EDGE_LOOP('',(#8901,#8902,#8903,#8904,#8905,#8906));
#1919=EDGE_LOOP('',(#8907));
#1920=EDGE_LOOP('',(#8908));
#1921=EDGE_LOOP('',(#8909,#8910,#8911,#8912));
#1922=EDGE_LOOP('',(#8913,#8914,#8915,#8916));
#1923=EDGE_LOOP('',(#8917,#8918,#8919,#8920,#8921));
#1924=EDGE_LOOP('',(#8922,#8923,#8924,#8925));
#1925=EDGE_LOOP('',(#8926,#8927,#8928,#8929));
#1926=EDGE_LOOP('',(#8930,#8931,#8932,#8933));
#1927=EDGE_LOOP('',(#8934,#8935,#8936,#8937));
#1928=EDGE_LOOP('',(#8938,#8939,#8940,#8941,#8942,#8943));
#1929=EDGE_LOOP('',(#8944,#8945,#8946,#8947,#8948));
#1930=EDGE_LOOP('',(#8949,#8950,#8951,#8952));
#1931=EDGE_LOOP('',(#8953,#8954,#8955,#8956));
#1932=EDGE_LOOP('',(#8957));
#1933=EDGE_LOOP('',(#8958));
#1934=EDGE_LOOP('',(#8959));
#1935=EDGE_LOOP('',(#8960));
#1936=EDGE_LOOP('',(#8961,#8962,#8963,#8964));
#1937=EDGE_LOOP('',(#8965,#8966,#8967,#8968));
#1938=EDGE_LOOP('',(#8969));
#1939=EDGE_LOOP('',(#8970));
#1940=EDGE_LOOP('',(#8971));
#1941=EDGE_LOOP('',(#8972));
#1942=EDGE_LOOP('',(#8973,#8974,#8975,#8976));
#1943=EDGE_LOOP('',(#8977,#8978,#8979,#8980));
#1944=EDGE_LOOP('',(#8981));
#1945=EDGE_LOOP('',(#8982));
#1946=EDGE_LOOP('',(#8983));
#1947=EDGE_LOOP('',(#8984));
#1948=EDGE_LOOP('',(#8985,#8986,#8987,#8988));
#1949=EDGE_LOOP('',(#8989,#8990,#8991,#8992));
#1950=EDGE_LOOP('',(#8993,#8994,#8995,#8996));
#1951=EDGE_LOOP('',(#8997,#8998,#8999,#9000));
#1952=EDGE_LOOP('',(#9001));
#1953=EDGE_LOOP('',(#9002));
#1954=EDGE_LOOP('',(#9003));
#1955=EDGE_LOOP('',(#9004));
#1956=EDGE_LOOP('',(#9005));
#1957=EDGE_LOOP('',(#9006));
#1958=EDGE_LOOP('',(#9007,#9008,#9009,#9010));
#1959=EDGE_LOOP('',(#9011));
#1960=EDGE_LOOP('',(#9012));
#1961=EDGE_LOOP('',(#9013,#9014,#9015,#9016));
#1962=EDGE_LOOP('',(#9017,#9018,#9019,#9020));
#1963=EDGE_LOOP('',(#9021));
#1964=EDGE_LOOP('',(#9022));
#1965=EDGE_LOOP('',(#9023,#9024,#9025,#9026));
#1966=EDGE_LOOP('',(#9027,#9028,#9029,#9030));
#1967=EDGE_LOOP('',(#9031));
#1968=EDGE_LOOP('',(#9032));
#1969=EDGE_LOOP('',(#9033));
#1970=EDGE_LOOP('',(#9034));
#1971=EDGE_LOOP('',(#9035));
#1972=EDGE_LOOP('',(#9036));
#1973=EDGE_LOOP('',(#9037,#9038,#9039,#9040));
#1974=EDGE_LOOP('',(#9041,#9042,#9043,#9044));
#1975=EDGE_LOOP('',(#9045));
#1976=EDGE_LOOP('',(#9046));
#1977=EDGE_LOOP('',(#9047));
#1978=EDGE_LOOP('',(#9048));
#1979=EDGE_LOOP('',(#9049));
#1980=EDGE_LOOP('',(#9050));
#1981=EDGE_LOOP('',(#9051));
#1982=EDGE_LOOP('',(#9052));
#1983=EDGE_LOOP('',(#9053,#9054,#9055,#9056));
#1984=EDGE_LOOP('',(#9057,#9058,#9059,#9060));
#1985=EDGE_LOOP('',(#9061,#9062,#9063,#9064));
#1986=EDGE_LOOP('',(#9065,#9066,#9067,#9068));
#1987=EDGE_LOOP('',(#9069,#9070,#9071,#9072));
#1988=EDGE_LOOP('',(#9073,#9074,#9075,#9076));
#1989=EDGE_LOOP('',(#9077));
#1990=EDGE_LOOP('',(#9078));
#1991=EDGE_LOOP('',(#9079));
#1992=EDGE_LOOP('',(#9080));
#1993=EDGE_LOOP('',(#9081));
#1994=EDGE_LOOP('',(#9082));
#1995=CIRCLE('',#10277,2.5);
#1996=CIRCLE('',#10281,3.125);
#1997=CIRCLE('',#10283,2.5);
#1998=CIRCLE('',#10284,2.5);
#1999=CIRCLE('',#10286,3.125);
#2000=CIRCLE('',#10288,3.125);
#2001=CIRCLE('',#10289,3.125);
#2002=CIRCLE('',#10291,3.425);
#2003=CIRCLE('',#10292,0.29999999999988);
#2004=CIRCLE('',#10293,3.425);
#2005=CIRCLE('',#10295,3.65);
#2006=CIRCLE('',#10297,5.9);
#2007=CIRCLE('',#10298,5.9);
#2008=CIRCLE('',#10300,5.9);
#2009=CIRCLE('',#10302,3.85);
#2010=CIRCLE('',#10304,3.85);
#2011=CIRCLE('',#10306,5.2);
#2012=CIRCLE('',#10308,6.);
#2013=CIRCLE('',#10309,6.);
#2014=CIRCLE('',#10311,6.);
#2015=CIRCLE('',#10313,6.05);
#2016=CIRCLE('',#10315,6.25);
#2017=CIRCLE('',#10316,6.25);
#2018=CIRCLE('',#10318,6.25);
#2019=CIRCLE('',#10320,5.);
#2020=CIRCLE('',#10322,3.);
#2021=CIRCLE('',#10323,3.);
#2022=CIRCLE('',#10325,1.65);
#2023=CIRCLE('',#10327,6.25);
#2024=CIRCLE('',#10328,6.25);
#2025=CIRCLE('',#10329,6.25);
#2026=CIRCLE('',#10331,6.05);
#2027=CIRCLE('',#10333,6.);
#2028=CIRCLE('',#10335,6.);
#2029=CIRCLE('',#10336,6.);
#2030=CIRCLE('',#10338,5.2);
#2031=CIRCLE('',#10340,3.85);
#2032=CIRCLE('',#10342,3.85);
#2033=CIRCLE('',#10344,5.9);
#2034=CIRCLE('',#10346,5.9);
#2035=CIRCLE('',#10347,5.9);
#2036=CIRCLE('',#10349,3.65);
#2037=CIRCLE('',#10351,3.42499999999994);
#2038=CIRCLE('',#10353,3.125);
#2039=CIRCLE('',#10354,3.125);
#2040=CIRCLE('',#10355,0.299999999999939);
#2041=CIRCLE('',#10358,5.);
#2042=CIRCLE('',#10365,5.);
#2043=CIRCLE('',#10367,6.25);
#2044=CIRCLE('',#10369,6.25);
#2045=CIRCLE('',#10371,6.05);
#2046=CIRCLE('',#10373,6.);
#2047=CIRCLE('',#10375,6.);
#2048=CIRCLE('',#10376,6.);
#2049=CIRCLE('',#10378,5.2);
#2050=CIRCLE('',#10380,3.85);
#2051=CIRCLE('',#10382,3.85);
#2052=CIRCLE('',#10384,5.9);
#2053=CIRCLE('',#10386,5.9);
#2054=CIRCLE('',#10387,5.9);
#2055=CIRCLE('',#10389,3.65);
#2056=CIRCLE('',#10391,3.42499999999989);
#2057=CIRCLE('',#10393,3.125);
#2058=CIRCLE('',#10394,3.125);
#2059=CIRCLE('',#10395,0.29999999999988);
#2060=CIRCLE('',#10397,3.125);
#2061=CIRCLE('',#10400,3.);
#2062=CIRCLE('',#10401,3.);
#2063=CIRCLE('',#10403,1.65);
#2064=CIRCLE('',#10405,1.65);
#2065=CIRCLE('',#10408,1.65);
#2066=CIRCLE('',#10415,2.);
#2067=CIRCLE('',#10429,2.);
#2068=CIRCLE('',#10437,2.);
#2069=CIRCLE('',#10441,2.);
#2070=CIRCLE('',#10445,2.);
#2071=CIRCLE('',#10449,7.);
#2072=CIRCLE('',#10450,7.);
#2073=CIRCLE('',#10452,17.75);
#2074=CIRCLE('',#10453,10.);
#2075=CIRCLE('',#10454,10.);
#2076=CIRCLE('',#10455,7.);
#2077=CIRCLE('',#10456,10.);
#2078=CIRCLE('',#10457,7.);
#2079=CIRCLE('',#10458,10.);
#2080=CIRCLE('',#10459,7.);
#2081=CIRCLE('',#10461,17.75);
#2082=CIRCLE('',#10462,17.75);
#2083=CIRCLE('',#10463,17.75);
#2084=CIRCLE('',#10464,17.75);
#2085=CIRCLE('',#10465,17.75);
#2086=CIRCLE('',#10468,10.);
#2087=CIRCLE('',#10469,10.);
#2088=CIRCLE('',#10470,18.75);
#2089=CIRCLE('',#10471,18.75);
#2090=CIRCLE('',#10473,18.75);
#2091=CIRCLE('',#10475,18.75);
#2092=CIRCLE('',#10479,18.75);
#2093=CIRCLE('',#10480,18.75);
#2094=CIRCLE('',#10481,18.75);
#2095=CIRCLE('',#10482,18.75);
#2096=CIRCLE('',#10483,18.75);
#2097=CIRCLE('',#10484,18.75);
#2098=CIRCLE('',#10485,18.75);
#2099=CIRCLE('',#10486,18.75);
#2100=CIRCLE('',#10487,18.75);
#2101=CIRCLE('',#10488,18.75);
#2102=CIRCLE('',#10489,18.75);
#2103=CIRCLE('',#10490,18.75);
#2104=CIRCLE('',#10491,18.75);
#2105=CIRCLE('',#10492,18.75);
#2106=CIRCLE('',#10493,18.75);
#2107=CIRCLE('',#10494,18.75);
#2108=CIRCLE('',#10495,18.75);
#2109=CIRCLE('',#10501,18.25);
#2110=CIRCLE('',#10503,18.25);
#2111=CIRCLE('',#10505,18.25);
#2112=CIRCLE('',#10508,18.25);
#2113=CIRCLE('',#10510,18.25);
#2114=CIRCLE('',#10512,18.25);
#2115=CIRCLE('',#10514,18.25);
#2116=CIRCLE('',#10516,18.25);
#2117=CIRCLE('',#10518,18.25);
#2118=CIRCLE('',#10520,18.25);
#2119=CIRCLE('',#10522,18.25);
#2120=CIRCLE('',#10524,18.25);
#2121=CIRCLE('',#10526,18.25);
#2122=CIRCLE('',#10528,18.25);
#2123=CIRCLE('',#10530,18.25);
#2124=CIRCLE('',#10532,18.25);
#2125=CIRCLE('',#10533,18.25);
#2126=CIRCLE('',#10534,18.25);
#2127=CIRCLE('',#10535,18.25);
#2128=CIRCLE('',#10536,18.25);
#2129=CIRCLE('',#10537,18.25);
#2130=CIRCLE('',#10538,11.5);
#2131=CIRCLE('',#10539,1.25);
#2132=CIRCLE('',#10541,10.5);
#2133=CIRCLE('',#10542,1.);
#2134=CIRCLE('',#10544,10.);
#2135=CIRCLE('',#10545,7.);
#2136=CIRCLE('',#10546,10.);
#2137=CIRCLE('',#10547,7.);
#2138=CIRCLE('',#10548,10.);
#2139=CIRCLE('',#10549,7.);
#2140=CIRCLE('',#10550,10.);
#2141=CIRCLE('',#10551,6.5);
#2142=CIRCLE('',#10568,0.5);
#2143=CIRCLE('',#10569,6.);
#2144=CIRCLE('',#10570,6.);
#2145=CIRCLE('',#10572,6.);
#2146=CIRCLE('',#10573,6.);
#2147=CIRCLE('',#10575,0.5);
#2148=CIRCLE('',#10576,5.5);
#2149=CIRCLE('',#10578,4.);
#2150=CIRCLE('',#10580,4.);
#2151=CIRCLE('',#10583,18.25);
#2152=CIRCLE('',#10587,18.25);
#2153=CIRCLE('',#10589,18.25);
#2154=CIRCLE('',#10606,1.25);
#2155=CIRCLE('',#10609,19.75);
#2156=CIRCLE('',#10612,19.75);
#2157=CIRCLE('',#10616,10.);
#2158=CIRCLE('',#10618,10.);
#2159=CIRCLE('',#10619,1.25);
#2160=CIRCLE('',#10620,1.25);
#2161=CIRCLE('',#10631,4.5);
#2162=CIRCLE('',#10633,4.5);
#2163=CIRCLE('',#10635,4.75);
#2164=CIRCLE('',#10637,4.5);
#2165=CIRCLE('',#10639,4.75);
#2166=CIRCLE('',#10645,3.5);
#2167=CIRCLE('',#10646,1.25);
#2168=CIRCLE('',#10648,3.5);
#2169=CIRCLE('',#10649,1.25);
#2170=CIRCLE('',#10651,3.75);
#2171=CIRCLE('',#10652,1.25);
#2172=CIRCLE('',#10654,3.5);
#2173=CIRCLE('',#10655,1.25);
#2174=CIRCLE('',#10657,3.);
#2175=CIRCLE('',#10661,4.5);
#2176=CIRCLE('',#10663,4.5);
#2177=CIRCLE('',#10665,3.);
#2178=CIRCLE('',#10667,4.5);
#2179=CIRCLE('',#10669,3.5);
#2180=CIRCLE('',#10670,3.5);
#2181=CIRCLE('',#10671,3.75);
#2182=CIRCLE('',#10672,3.5);
#2183=CIRCLE('',#10673,4.5);
#2184=CIRCLE('',#10674,4.75);
#2185=CIRCLE('',#10675,4.5);
#2186=CIRCLE('',#10676,4.5);
#2187=CIRCLE('',#10677,4.75);
#2188=CIRCLE('',#10678,4.5);
#2189=CIRCLE('',#10679,2.5);
#2190=CIRCLE('',#10681,1.75);
#2191=CIRCLE('',#10686,3.);
#2192=CIRCLE('',#10687,3.);
#2193=CIRCLE('',#10689,2.);
#2194=CIRCLE('',#10691,2.);
#2195=CIRCLE('',#10696,2.);
#2196=CIRCLE('',#10698,3.);
#2197=CIRCLE('',#10700,3.5);
#2198=CIRCLE('',#10702,3.);
#2199=CIRCLE('',#10705,2.);
#2200=CIRCLE('',#10707,3.);
#2201=CIRCLE('',#10709,3.5);
#2202=CIRCLE('',#10711,3.);
#2203=CIRCLE('',#10739,3.);
#2204=CIRCLE('',#10761,3.);
#2205=CIRCLE('',#10767,3.);
#2206=CIRCLE('',#10818,2.5);
#2207=CIRCLE('',#10820,1.75);
#2208=CIRCLE('',#10823,1.25);
#2209=CIRCLE('',#10826,1.25);
#2210=CIRCLE('',#10829,1.25);
#2211=CIRCLE('',#10832,1.25);
#2212=CIRCLE('',#10835,1.25);
#2213=CIRCLE('',#10838,1.25);
#2214=CIRCLE('',#10841,1.5);
#2215=CIRCLE('',#10842,1.5);
#2216=CIRCLE('',#10843,1.5);
#2217=CIRCLE('',#10845,1.);
#2218=CIRCLE('',#10846,0.5);
#2219=CIRCLE('',#10886,1.5);
#2220=CIRCLE('',#10887,1.5);
#2221=CIRCLE('',#10889,1.25);
#2222=CIRCLE('',#10891,1.5);
#2223=CIRCLE('',#10892,1.5);
#2224=CIRCLE('',#10894,1.25);
#2225=CIRCLE('',#10896,1.5);
#2226=CIRCLE('',#10897,1.5);
#2227=CIRCLE('',#10899,1.25);
#2228=CIRCLE('',#10901,1.5);
#2229=CIRCLE('',#10902,1.5);
#2230=CIRCLE('',#10904,1.25);
#2231=CIRCLE('',#10906,1.5);
#2232=CIRCLE('',#10907,1.5);
#2233=CIRCLE('',#10909,1.25);
#2234=CIRCLE('',#10911,1.5);
#2235=CIRCLE('',#10912,1.5);
#2236=CIRCLE('',#10914,1.25);
#2237=CIRCLE('',#10917,0.6);
#2238=CIRCLE('',#10918,0.45);
#2239=CIRCLE('',#10920,0.599999999998855);
#2240=CIRCLE('',#10922,0.45);
#2241=CIRCLE('',#10924,0.499999988824129);
#2242=CIRCLE('',#10926,0.499999988824129);
#2243=CIRCLE('',#10928,1.);
#2244=CIRCLE('',#10930,1.);
#2245=CIRCLE('',#10932,2.);
#2246=CIRCLE('',#10934,2.);
#2247=CIRCLE('',#10936,4.00000000000001);
#2248=CIRCLE('',#10938,4.00000000000001);
#2249=CIRCLE('',#10940,3.00000000000001);
#2250=CIRCLE('',#10942,3.);
#2251=CIRCLE('',#10944,2.);
#2252=CIRCLE('',#10946,1.00000001490116);
#2253=CIRCLE('',#10950,2.);
#2254=CIRCLE('',#10951,2.);
#2255=CIRCLE('',#10953,3.);
#2256=CIRCLE('',#10954,3.);
#2257=CIRCLE('',#10959,3.);
#2258=CIRCLE('',#10960,3.);
#2259=CIRCLE('',#10962,4.);
#2260=CIRCLE('',#10963,4.);
#2261=CIRCLE('',#10968,9.03192736293199);
#2262=CIRCLE('',#10969,9.03192736293199);
#2263=CIRCLE('',#10970,9.03192736293199);
#2264=CIRCLE('',#10971,9.03192736293199);
#2265=CIRCLE('',#10972,9.03192736293199);
#2266=CIRCLE('',#10973,9.03192736293199);
#2267=CIRCLE('',#10976,7.61084517770152);
#2268=CIRCLE('',#10977,7.61084517770152);
#2269=CIRCLE('',#10978,7.61084517770152);
#2270=CIRCLE('',#10979,7.61084517770152);
#2271=CIRCLE('',#10980,7.61084517770152);
#2272=CIRCLE('',#10981,7.61084517770152);
#2273=CIRCLE('',#10984,1.85);
#2274=CIRCLE('',#10985,1.85);
#2275=CIRCLE('',#10986,1.85);
#2276=CIRCLE('',#10987,1.85);
#2277=CIRCLE('',#10989,1.85);
#2278=CIRCLE('',#10990,1.85);
#2279=CIRCLE('',#10991,1.85);
#2280=CIRCLE('',#10993,2.35916544492805);
#2281=CIRCLE('',#10995,2.35916544492805);
#2282=CIRCLE('',#10997,2.35916544492805);
#2283=CIRCLE('',#10999,2.35534832257901);
#2284=CIRCLE('',#11001,2.35534832257901);
#2285=CIRCLE('',#11003,2.35534832257901);
#2286=CIRCLE('',#11005,2.35534832257901);
#2287=CIRCLE('',#11007,2.35916544492805);
#2288=CIRCLE('',#11010,8.62350938830981);
#2289=CIRCLE('',#11011,8.62350938830981);
#2290=CIRCLE('',#11012,8.62350938830981);
#2291=CIRCLE('',#11015,3.4);
#2292=CIRCLE('',#11016,3.4);
#2293=CIRCLE('',#11019,3.4);
#2294=CIRCLE('',#11020,3.4);
#2295=CIRCLE('',#11022,3.4);
#2296=CIRCLE('',#11023,3.4);
#2297=CIRCLE('',#11026,3.4);
#2298=CIRCLE('',#11027,3.4);
#2299=CIRCLE('',#11029,1.95);
#2300=CIRCLE('',#11030,1.95);
#2301=CIRCLE('',#11032,1.95);
#2302=CIRCLE('',#11033,1.95);
#2303=CIRCLE('',#11035,9.41533327288421);
#2304=CIRCLE('',#11036,9.41533327288421);
#2305=CIRCLE('',#11037,9.41533327288421);
#2306=CIRCLE('',#11038,9.41533327288421);
#2307=CIRCLE('',#11048,2.35534832257901);
#2308=CIRCLE('',#11050,2.35534832257901);
#2309=CIRCLE('',#11052,2.35534832257901);
#2310=CIRCLE('',#11054,2.35534832257901);
#2311=CIRCLE('',#11056,2.35534832257901);
#2312=CIRCLE('',#11059,2.35916544492805);
#2313=CIRCLE('',#11061,2.35916544492805);
#2314=CIRCLE('',#11063,2.35916544492805);
#2315=CIRCLE('',#11065,2.35916544492805);
#2316=CIRCLE('',#11066,2.35916544492805);
#2317=CIRCLE('',#11070,2.84892997117578);
#2318=CIRCLE('',#11071,1.85);
#2319=CIRCLE('',#11072,1.85);
#2320=CIRCLE('',#11073,2.84892997117578);
#2321=CIRCLE('',#11076,1.);
#2322=CIRCLE('',#11078,1.);
#2323=CIRCLE('',#11080,1.85);
#2324=CIRCLE('',#11083,1.85);
#2325=CIRCLE('',#11084,1.85710700756394);
#2326=CIRCLE('',#11085,1.85710700756394);
#2327=CIRCLE('',#11087,2.88806722745341);
#2328=CIRCLE('',#11090,1.);
#2329=CIRCLE('',#11092,1.);
#2330=CIRCLE('',#11094,1.85);
#2331=CIRCLE('',#11101,0.100493955088613);
#2332=CIRCLE('',#11107,0.100493955088612);
#2333=CIRCLE('',#11113,0.100493955088611);
#2334=CIRCLE('',#11119,0.114580737963053);
#2335=CIRCLE('',#11121,0.100493955088612);
#2336=CIRCLE('',#11124,0.100493955088613);
#2337=CIRCLE('',#11127,0.100493955088611);
#2338=CIRCLE('',#11130,0.114580737963053);
#2339=CIRCLE('',#11134,2.);
#2340=CIRCLE('',#11135,2.);
#2341=CIRCLE('',#11137,3.);
#2342=CIRCLE('',#11138,3.);
#2343=CIRCLE('',#11143,10.);
#2344=CIRCLE('',#11144,10.);
#2345=CIRCLE('',#11145,10.);
#2346=CIRCLE('',#11147,10.);
#2347=CIRCLE('',#11150,10.);
#2348=CIRCLE('',#11152,10.);
#2349=CIRCLE('',#11154,5.);
#2350=CIRCLE('',#11155,5.);
#2351=CIRCLE('',#11159,1.8);
#2352=CIRCLE('',#11160,1.5);
#2353=CIRCLE('',#11162,1.5);
#2354=CIRCLE('',#11164,5.);
#2355=CIRCLE('',#11165,5.);
#2356=CIRCLE('',#11166,5.);
#2357=CIRCLE('',#11167,1.95);
#2358=CIRCLE('',#11168,1.95);
#2359=CIRCLE('',#11169,1.65);
#2360=CIRCLE('',#11170,1.65);
#2361=CIRCLE('',#11171,2.5);
#2362=CIRCLE('',#11172,2.5);
#2363=CIRCLE('',#11174,2.5);
#2364=CIRCLE('',#11176,2.5);
#2365=CIRCLE('',#11178,2.5);
#2366=CIRCLE('',#11179,2.5);
#2367=CIRCLE('',#11204,5.);
#2368=CIRCLE('',#11205,1.65);
#2369=CIRCLE('',#11206,1.65);
#2370=CIRCLE('',#11214,5.);
#2371=CIRCLE('',#11216,5.);
#2372=CIRCLE('',#11217,1.95);
#2373=CIRCLE('',#11218,1.95);
#2374=CIRCLE('',#11230,1.25);
#2375=CIRCLE('',#11231,1.25);
#2376=CIRCLE('',#11233,2.);
#2377=CIRCLE('',#11234,2.);
#2378=CIRCLE('',#11239,2.);
#2379=CIRCLE('',#11240,2.);
#2380=CIRCLE('',#11242,3.);
#2381=CIRCLE('',#11243,3.);
#2382=CIRCLE('',#11248,2.);
#2383=CIRCLE('',#11249,2.);
#2384=CIRCLE('',#11251,3.);
#2385=CIRCLE('',#11252,3.);
#2386=CIRCLE('',#11257,1.65);
#2387=CIRCLE('',#11258,1.65);
#2388=CIRCLE('',#11260,1.65);
#2389=CIRCLE('',#11261,1.65);
#2390=CIRCLE('',#11263,1.65);
#2391=CIRCLE('',#11264,1.65);
#2392=CIRCLE('',#11266,1.65);
#2393=CIRCLE('',#11267,1.65);
#2394=CIRCLE('',#11269,12.5000001862645);
#2395=CIRCLE('',#11270,4.00000005960464);
#2396=CIRCLE('',#11272,4.00000005960464);
#2397=CIRCLE('',#11274,3.1);
#2398=CIRCLE('',#11276,3.1);
#2399=CIRCLE('',#11278,2.3);
#2400=CIRCLE('',#11280,4.30997512422405);
#2401=CIRCLE('',#11282,5.09999941230687);
#2402=CIRCLE('',#11284,5.099999485836);
#2403=CIRCLE('',#11286,12.5000001862645);
#2404=CIRCLE('',#11291,6.49999999999999);
#2405=CIRCLE('',#11292,5.5);
#2406=CIRCLE('',#11294,12.5000001862645);
#2407=CIRCLE('',#11295,1.65);
#2408=CIRCLE('',#11296,1.65);
#2409=CIRCLE('',#11297,1.65);
#2410=CIRCLE('',#11298,1.65);
#2411=CIRCLE('',#11300,3.1);
#2412=CIRCLE('',#11302,3.1);
#2413=CIRCLE('',#11304,1.65);
#2414=CIRCLE('',#11306,1.65);
#2415=CIRCLE('',#11308,1.65);
#2416=CIRCLE('',#11310,1.65);
#2417=CIRCLE('',#11312,12.5000001862645);
#2418=LINE('',#14312,#3275);
#2419=LINE('',#14323,#3276);
#2420=LINE('',#14325,#3277);
#2421=LINE('',#14334,#3278);
#2422=LINE('',#14448,#3279);
#2423=LINE('',#14452,#3280);
#2424=LINE('',#14459,#3281);
#2425=LINE('',#14468,#3282);
#2426=LINE('',#14472,#3283);
#2427=LINE('',#14481,#3284);
#2428=LINE('',#14506,#3285);
#2429=LINE('',#14537,#3286);
#2430=LINE('',#14550,#3287);
#2431=LINE('',#14552,#3288);
#2432=LINE('',#14606,#3289);
#2433=LINE('',#14640,#3290);
#2434=LINE('',#14650,#3291);
#2435=LINE('',#14653,#3292);
#2436=LINE('',#14661,#3293);
#2437=LINE('',#14670,#3294);
#2438=LINE('',#14673,#3295);
#2439=LINE('',#14685,#3296);
#2440=LINE('',#14697,#3297);
#2441=LINE('',#14709,#3298);
#2442=LINE('',#14720,#3299);
#2443=LINE('',#14721,#3300);
#2444=LINE('',#14735,#3301);
#2445=LINE('',#14748,#3302);
#2446=LINE('',#14789,#3303);
#2447=LINE('',#14799,#3304);
#2448=LINE('',#14802,#3305);
#2449=LINE('',#14810,#3306);
#2450=LINE('',#14819,#3307);
#2451=LINE('',#14822,#3308);
#2452=LINE('',#14836,#3309);
#2453=LINE('',#14841,#3310);
#2454=LINE('',#14843,#3311);
#2455=LINE('',#14852,#3312);
#2456=LINE('',#14857,#3313);
#2457=LINE('',#14865,#3314);
#2458=LINE('',#14866,#3315);
#2459=LINE('',#14871,#3316);
#2460=LINE('',#14874,#3317);
#2461=LINE('',#14876,#3318);
#2462=LINE('',#14878,#3319);
#2463=LINE('',#14883,#3320);
#2464=LINE('',#14885,#3321);
#2465=LINE('',#14886,#3322);
#2466=LINE('',#14892,#3323);
#2467=LINE('',#14897,#3324);
#2468=LINE('',#14899,#3325);
#2469=LINE('',#14901,#3326);
#2470=LINE('',#14903,#3327);
#2471=LINE('',#14904,#3328);
#2472=LINE('',#14911,#3329);
#2473=LINE('',#14917,#3330);
#2474=LINE('',#14919,#3331);
#2475=LINE('',#14920,#3332);
#2476=LINE('',#14926,#3333);
#2477=LINE('',#14931,#3334);
#2478=LINE('',#14935,#3335);
#2479=LINE('',#14937,#3336);
#2480=LINE('',#14939,#3337);
#2481=LINE('',#14940,#3338);
#2482=LINE('',#14946,#3339);
#2483=LINE('',#14953,#3340);
#2484=LINE('',#14956,#3341);
#2485=LINE('',#14961,#3342);
#2486=LINE('',#14964,#3343);
#2487=LINE('',#14967,#3344);
#2488=LINE('',#14971,#3345);
#2489=LINE('',#14975,#3346);
#2490=LINE('',#14979,#3347);
#2491=LINE('',#14983,#3348);
#2492=LINE('',#14987,#3349);
#2493=LINE('',#14991,#3350);
#2494=LINE('',#15085,#3351);
#2495=LINE('',#15087,#3352);
#2496=LINE('',#15089,#3353);
#2497=LINE('',#15091,#3354);
#2498=LINE('',#15093,#3355);
#2499=LINE('',#15095,#3356);
#2500=LINE('',#15097,#3357);
#2501=LINE('',#15101,#3358);
#2502=LINE('',#15105,#3359);
#2503=LINE('',#15108,#3360);
#2504=LINE('',#15111,#3361);
#2505=LINE('',#15116,#3362);
#2506=LINE('',#15117,#3363);
#2507=LINE('',#15138,#3364);
#2508=LINE('',#15159,#3365);
#2509=LINE('',#15162,#3366);
#2510=LINE('',#15166,#3367);
#2511=LINE('',#15170,#3368);
#2512=LINE('',#15174,#3369);
#2513=LINE('',#15178,#3370);
#2514=LINE('',#15182,#3371);
#2515=LINE('',#15186,#3372);
#2516=LINE('',#15190,#3373);
#2517=LINE('',#15194,#3374);
#2518=LINE('',#15198,#3375);
#2519=LINE('',#15202,#3376);
#2520=LINE('',#15206,#3377);
#2521=LINE('',#15210,#3378);
#2522=LINE('',#15216,#3379);
#2523=LINE('',#15219,#3380);
#2524=LINE('',#15263,#3381);
#2525=LINE('',#15265,#3382);
#2526=LINE('',#15270,#3383);
#2527=LINE('',#15272,#3384);
#2528=LINE('',#15276,#3385);
#2529=LINE('',#15278,#3386);
#2530=LINE('',#15282,#3387);
#2531=LINE('',#15284,#3388);
#2532=LINE('',#15288,#3389);
#2533=LINE('',#15290,#3390);
#2534=LINE('',#15291,#3391);
#2535=LINE('',#15296,#3392);
#2536=LINE('',#15297,#3393);
#2537=LINE('',#15300,#3394);
#2538=LINE('',#15303,#3395);
#2539=LINE('',#15307,#3396);
#2540=LINE('',#15310,#3397);
#2541=LINE('',#15312,#3398);
#2542=LINE('',#15316,#3399);
#2543=LINE('',#15318,#3400);
#2544=LINE('',#15322,#3401);
#2545=LINE('',#15325,#3402);
#2546=LINE('',#15330,#3403);
#2547=LINE('',#15331,#3404);
#2548=LINE('',#15334,#3405);
#2549=LINE('',#15337,#3406);
#2550=LINE('',#15341,#3407);
#2551=LINE('',#15344,#3408);
#2552=LINE('',#15346,#3409);
#2553=LINE('',#15350,#3410);
#2554=LINE('',#15352,#3411);
#2555=LINE('',#15356,#3412);
#2556=LINE('',#15359,#3413);
#2557=LINE('',#15377,#3414);
#2558=LINE('',#15379,#3415);
#2559=LINE('',#15383,#3416);
#2560=LINE('',#15387,#3417);
#2561=LINE('',#15391,#3418);
#2562=LINE('',#15395,#3419);
#2563=LINE('',#15399,#3420);
#2564=LINE('',#15403,#3421);
#2565=LINE('',#15408,#3422);
#2566=LINE('',#15410,#3423);
#2567=LINE('',#15413,#3424);
#2568=LINE('',#15414,#3425);
#2569=LINE('',#15416,#3426);
#2570=LINE('',#15418,#3427);
#2571=LINE('',#15421,#3428);
#2572=LINE('',#15422,#3429);
#2573=LINE('',#15424,#3430);
#2574=LINE('',#15426,#3431);
#2575=LINE('',#15429,#3432);
#2576=LINE('',#15430,#3433);
#2577=LINE('',#15432,#3434);
#2578=LINE('',#15434,#3435);
#2579=LINE('',#15444,#3436);
#2580=LINE('',#15458,#3437);
#2581=LINE('',#15462,#3438);
#2582=LINE('',#15465,#3439);
#2583=LINE('',#15467,#3440);
#2584=LINE('',#15469,#3441);
#2585=LINE('',#15472,#3442);
#2586=LINE('',#15475,#3443);
#2587=LINE('',#15478,#3444);
#2588=LINE('',#15481,#3445);
#2589=LINE('',#15484,#3446);
#2590=LINE('',#15486,#3447);
#2591=LINE('',#15489,#3448);
#2592=LINE('',#15491,#3449);
#2593=LINE('',#15494,#3450);
#2594=LINE('',#15495,#3451);
#2595=LINE('',#15499,#3452);
#2596=LINE('',#15502,#3453);
#2597=LINE('',#15503,#3454);
#2598=LINE('',#15509,#3455);
#2599=LINE('',#15513,#3456);
#2600=LINE('',#15516,#3457);
#2601=LINE('',#15519,#3458);
#2602=LINE('',#15520,#3459);
#2603=LINE('',#15524,#3460);
#2604=LINE('',#15526,#3461);
#2605=LINE('',#15532,#3462);
#2606=LINE('',#15533,#3463);
#2607=LINE('',#15536,#3464);
#2608=LINE('',#15540,#3465);
#2609=LINE('',#15542,#3466);
#2610=LINE('',#15544,#3467);
#2611=LINE('',#15546,#3468);
#2612=LINE('',#15548,#3469);
#2613=LINE('',#15550,#3470);
#2614=LINE('',#15551,#3471);
#2615=LINE('',#15558,#3472);
#2616=LINE('',#15560,#3473);
#2617=LINE('',#15562,#3474);
#2618=LINE('',#15564,#3475);
#2619=LINE('',#15566,#3476);
#2620=LINE('',#15568,#3477);
#2621=LINE('',#15570,#3478);
#2622=LINE('',#15571,#3479);
#2623=LINE('',#15574,#3480);
#2624=LINE('',#15576,#3481);
#2625=LINE('',#15577,#3482);
#2626=LINE('',#15580,#3483);
#2627=LINE('',#15581,#3484);
#2628=LINE('',#15583,#3485);
#2629=LINE('',#15586,#3486);
#2630=LINE('',#15587,#3487);
#2631=LINE('',#15588,#3488);
#2632=LINE('',#15591,#3489);
#2633=LINE('',#15593,#3490);
#2634=LINE('',#15595,#3491);
#2635=LINE('',#15597,#3492);
#2636=LINE('',#15599,#3493);
#2637=LINE('',#15601,#3494);
#2638=LINE('',#15602,#3495);
#2639=LINE('',#15604,#3496);
#2640=LINE('',#15611,#3497);
#2641=LINE('',#15613,#3498);
#2642=LINE('',#15615,#3499);
#2643=LINE('',#15616,#3500);
#2644=LINE('',#15620,#3501);
#2645=LINE('',#15622,#3502);
#2646=LINE('',#15626,#3503);
#2647=LINE('',#15627,#3504);
#2648=LINE('',#15631,#3505);
#2649=LINE('',#15633,#3506);
#2650=LINE('',#15635,#3507);
#2651=LINE('',#15638,#3508);
#2652=LINE('',#15642,#3509);
#2653=LINE('',#15644,#3510);
#2654=LINE('',#15646,#3511);
#2655=LINE('',#15648,#3512);
#2656=LINE('',#15651,#3513);
#2657=LINE('',#15655,#3514);
#2658=LINE('',#15657,#3515);
#2659=LINE('',#15661,#3516);
#2660=LINE('',#15663,#3517);
#2661=LINE('',#15664,#3518);
#2662=LINE('',#15668,#3519);
#2663=LINE('',#15670,#3520);
#2664=LINE('',#15671,#3521);
#2665=LINE('',#15675,#3522);
#2666=LINE('',#15677,#3523);
#2667=LINE('',#15678,#3524);
#2668=LINE('',#15682,#3525);
#2669=LINE('',#15684,#3526);
#2670=LINE('',#15685,#3527);
#2671=LINE('',#15689,#3528);
#2672=LINE('',#15691,#3529);
#2673=LINE('',#15692,#3530);
#2674=LINE('',#15696,#3531);
#2675=LINE('',#15697,#3532);
#2676=LINE('',#15699,#3533);
#2677=LINE('',#15705,#3534);
#2678=LINE('',#15707,#3535);
#2679=LINE('',#15709,#3536);
#2680=LINE('',#15715,#3537);
#2681=LINE('',#15717,#3538);
#2682=LINE('',#15723,#3539);
#2683=LINE('',#15725,#3540);
#2684=LINE('',#15732,#3541);
#2685=LINE('',#15734,#3542);
#2686=LINE('',#15736,#3543);
#2687=LINE('',#15738,#3544);
#2688=LINE('',#15740,#3545);
#2689=LINE('',#15742,#3546);
#2690=LINE('',#15744,#3547);
#2691=LINE('',#15746,#3548);
#2692=LINE('',#15748,#3549);
#2693=LINE('',#15753,#3550);
#2694=LINE('',#15755,#3551);
#2695=LINE('',#15756,#3552);
#2696=LINE('',#15760,#3553);
#2697=LINE('',#15762,#3554);
#2698=LINE('',#15764,#3555);
#2699=LINE('',#15766,#3556);
#2700=LINE('',#15768,#3557);
#2701=LINE('',#15770,#3558);
#2702=LINE('',#15772,#3559);
#2703=LINE('',#15773,#3560);
#2704=LINE('',#15777,#3561);
#2705=LINE('',#15779,#3562);
#2706=LINE('',#15784,#3563);
#2707=LINE('',#15786,#3564);
#2708=LINE('',#15788,#3565);
#2709=LINE('',#15790,#3566);
#2710=LINE('',#15793,#3567);
#2711=LINE('',#15799,#3568);
#2712=LINE('',#15801,#3569);
#2713=LINE('',#15803,#3570);
#2714=LINE('',#15805,#3571);
#2715=LINE('',#15807,#3572);
#2716=LINE('',#15809,#3573);
#2717=LINE('',#15811,#3574);
#2718=LINE('',#15813,#3575);
#2719=LINE('',#15814,#3576);
#2720=LINE('',#15819,#3577);
#2721=LINE('',#15820,#3578);
#2722=LINE('',#15824,#3579);
#2723=LINE('',#15827,#3580);
#2724=LINE('',#15829,#3581);
#2725=LINE('',#15832,#3582);
#2726=LINE('',#15834,#3583);
#2727=LINE('',#15837,#3584);
#2728=LINE('',#15839,#3585);
#2729=LINE('',#15843,#3586);
#2730=LINE('',#15844,#3587);
#2731=LINE('',#15846,#3588);
#2732=LINE('',#15848,#3589);
#2733=LINE('',#15850,#3590);
#2734=LINE('',#15851,#3591);
#2735=LINE('',#15854,#3592);
#2736=LINE('',#15856,#3593);
#2737=LINE('',#15858,#3594);
#2738=LINE('',#15861,#3595);
#2739=LINE('',#15864,#3596);
#2740=LINE('',#15866,#3597);
#2741=LINE('',#15870,#3598);
#2742=LINE('',#15871,#3599);
#2743=LINE('',#15874,#3600);
#2744=LINE('',#15876,#3601);
#2745=LINE('',#15878,#3602);
#2746=LINE('',#15881,#3603);
#2747=LINE('',#15884,#3604);
#2748=LINE('',#15886,#3605);
#2749=LINE('',#15890,#3606);
#2750=LINE('',#15892,#3607);
#2751=LINE('',#15893,#3608);
#2752=LINE('',#15896,#3609);
#2753=LINE('',#15898,#3610);
#2754=LINE('',#15900,#3611);
#2755=LINE('',#15902,#3612);
#2756=LINE('',#15905,#3613);
#2757=LINE('',#15908,#3614);
#2758=LINE('',#15910,#3615);
#2759=LINE('',#15914,#3616);
#2760=LINE('',#15915,#3617);
#2761=LINE('',#15918,#3618);
#2762=LINE('',#15920,#3619);
#2763=LINE('',#15921,#3620);
#2764=LINE('',#15924,#3621);
#2765=LINE('',#15926,#3622);
#2766=LINE('',#15928,#3623);
#2767=LINE('',#15930,#3624);
#2768=LINE('',#15932,#3625);
#2769=LINE('',#15934,#3626);
#2770=LINE('',#15936,#3627);
#2771=LINE('',#15937,#3628);
#2772=LINE('',#15940,#3629);
#2773=LINE('',#15942,#3630);
#2774=LINE('',#15944,#3631);
#2775=LINE('',#15946,#3632);
#2776=LINE('',#15948,#3633);
#2777=LINE('',#15949,#3634);
#2778=LINE('',#15952,#3635);
#2779=LINE('',#15954,#3636);
#2780=LINE('',#15956,#3637);
#2781=LINE('',#15958,#3638);
#2782=LINE('',#15960,#3639);
#2783=LINE('',#15962,#3640);
#2784=LINE('',#15963,#3641);
#2785=LINE('',#15966,#3642);
#2786=LINE('',#15968,#3643);
#2787=LINE('',#15969,#3644);
#2788=LINE('',#15972,#3645);
#2789=LINE('',#15974,#3646);
#2790=LINE('',#15975,#3647);
#2791=LINE('',#15978,#3648);
#2792=LINE('',#15980,#3649);
#2793=LINE('',#15981,#3650);
#2794=LINE('',#15984,#3651);
#2795=LINE('',#15986,#3652);
#2796=LINE('',#15988,#3653);
#2797=LINE('',#15989,#3654);
#2798=LINE('',#15996,#3655);
#2799=LINE('',#15997,#3656);
#2800=LINE('',#15999,#3657);
#2801=LINE('',#16002,#3658);
#2802=LINE('',#16014,#3659);
#2803=LINE('',#16016,#3660);
#2804=LINE('',#16020,#3661);
#2805=LINE('',#16028,#3662);
#2806=LINE('',#16033,#3663);
#2807=LINE('',#16037,#3664);
#2808=LINE('',#16044,#3665);
#2809=LINE('',#16049,#3666);
#2810=LINE('',#16051,#3667);
#2811=LINE('',#16053,#3668);
#2812=LINE('',#16056,#3669);
#2813=LINE('',#16058,#3670);
#2814=LINE('',#16061,#3671);
#2815=LINE('',#16063,#3672);
#2816=LINE('',#16065,#3673);
#2817=LINE('',#16068,#3674);
#2818=LINE('',#16069,#3675);
#2819=LINE('',#16071,#3676);
#2820=LINE('',#16073,#3677);
#2821=LINE('',#16075,#3678);
#2822=LINE('',#16078,#3679);
#2823=LINE('',#16079,#3680);
#2824=LINE('',#16081,#3681);
#2825=LINE('',#16083,#3682);
#2826=LINE('',#16085,#3683);
#2827=LINE('',#16088,#3684);
#2828=LINE('',#16089,#3685);
#2829=LINE('',#16093,#3686);
#2830=LINE('',#16115,#3687);
#2831=LINE('',#16126,#3688);
#2832=LINE('',#16128,#3689);
#2833=LINE('',#16131,#3690);
#2834=LINE('',#16132,#3691);
#2835=LINE('',#16134,#3692);
#2836=LINE('',#16136,#3693);
#2837=LINE('',#16138,#3694);
#2838=LINE('',#16141,#3695);
#2839=LINE('',#16142,#3696);
#2840=LINE('',#16144,#3697);
#2841=LINE('',#16146,#3698);
#2842=LINE('',#16150,#3699);
#2843=LINE('',#16161,#3700);
#2844=LINE('',#16165,#3701);
#2845=LINE('',#16166,#3702);
#2846=LINE('',#16168,#3703);
#2847=LINE('',#16170,#3704);
#2848=LINE('',#16172,#3705);
#2849=LINE('',#16174,#3706);
#2850=LINE('',#16176,#3707);
#2851=LINE('',#16178,#3708);
#2852=LINE('',#16182,#3709);
#2853=LINE('',#16183,#3710);
#2854=LINE('',#16185,#3711);
#2855=LINE('',#16187,#3712);
#2856=LINE('',#16189,#3713);
#2857=LINE('',#16191,#3714);
#2858=LINE('',#16193,#3715);
#2859=LINE('',#16196,#3716);
#2860=LINE('',#16197,#3717);
#2861=LINE('',#16199,#3718);
#2862=LINE('',#16201,#3719);
#2863=LINE('',#16203,#3720);
#2864=LINE('',#16205,#3721);
#2865=LINE('',#16208,#3722);
#2866=LINE('',#16209,#3723);
#2867=LINE('',#16211,#3724);
#2868=LINE('',#16213,#3725);
#2869=LINE('',#16215,#3726);
#2870=LINE('',#16217,#3727);
#2871=LINE('',#16220,#3728);
#2872=LINE('',#16221,#3729);
#2873=LINE('',#16223,#3730);
#2874=LINE('',#16226,#3731);
#2875=LINE('',#16227,#3732);
#2876=LINE('',#16229,#3733);
#2877=LINE('',#16232,#3734);
#2878=LINE('',#16233,#3735);
#2879=LINE('',#16235,#3736);
#2880=LINE('',#16238,#3737);
#2881=LINE('',#16239,#3738);
#2882=LINE('',#16241,#3739);
#2883=LINE('',#16245,#3740);
#2884=LINE('',#16247,#3741);
#2885=LINE('',#16248,#3742);
#2886=LINE('',#16251,#3743);
#2887=LINE('',#16252,#3744);
#2888=LINE('',#16255,#3745);
#2889=LINE('',#16256,#3746);
#2890=LINE('',#16258,#3747);
#2891=LINE('',#16263,#3748);
#2892=LINE('',#16268,#3749);
#2893=LINE('',#16272,#3750);
#2894=LINE('',#16275,#3751);
#2895=LINE('',#16279,#3752);
#2896=LINE('',#16282,#3753);
#2897=LINE('',#16286,#3754);
#2898=LINE('',#16289,#3755);
#2899=LINE('',#16293,#3756);
#2900=LINE('',#16296,#3757);
#2901=LINE('',#16300,#3758);
#2902=LINE('',#16303,#3759);
#2903=LINE('',#16307,#3760);
#2904=LINE('',#16310,#3761);
#2905=LINE('',#16316,#3762);
#2906=LINE('',#16328,#3763);
#2907=LINE('',#16330,#3764);
#2908=LINE('',#16332,#3765);
#2909=LINE('',#16333,#3766);
#2910=LINE('',#16336,#3767);
#2911=LINE('',#16338,#3768);
#2912=LINE('',#16340,#3769);
#2913=LINE('',#16342,#3770);
#2914=LINE('',#16344,#3771);
#2915=LINE('',#16346,#3772);
#2916=LINE('',#16348,#3773);
#2917=LINE('',#16350,#3774);
#2918=LINE('',#16352,#3775);
#2919=LINE('',#16354,#3776);
#2920=LINE('',#16355,#3777);
#2921=LINE('',#16379,#3778);
#2922=LINE('',#16382,#3779);
#2923=LINE('',#16404,#3780);
#2924=LINE('',#16406,#3781);
#2925=LINE('',#16408,#3782);
#2926=LINE('',#16410,#3783);
#2927=LINE('',#16412,#3784);
#2928=LINE('',#16414,#3785);
#2929=LINE('',#16416,#3786);
#2930=LINE('',#16418,#3787);
#2931=LINE('',#16420,#3788);
#2932=LINE('',#16422,#3789);
#2933=LINE('',#16423,#3790);
#2934=LINE('',#16425,#3791);
#2935=LINE('',#16427,#3792);
#2936=LINE('',#16429,#3793);
#2937=LINE('',#16431,#3794);
#2938=LINE('',#16433,#3795);
#2939=LINE('',#16435,#3796);
#2940=LINE('',#16437,#3797);
#2941=LINE('',#16439,#3798);
#2942=LINE('',#16441,#3799);
#2943=LINE('',#16443,#3800);
#2944=LINE('',#16448,#3801);
#2945=LINE('',#16450,#3802);
#2946=LINE('',#16452,#3803);
#2947=LINE('',#16453,#3804);
#2948=LINE('',#16456,#3805);
#2949=LINE('',#16458,#3806);
#2950=LINE('',#16460,#3807);
#2951=LINE('',#16462,#3808);
#2952=LINE('',#16464,#3809);
#2953=LINE('',#16466,#3810);
#2954=LINE('',#16468,#3811);
#2955=LINE('',#16470,#3812);
#2956=LINE('',#16472,#3813);
#2957=LINE('',#16474,#3814);
#2958=LINE('',#16475,#3815);
#2959=LINE('',#16499,#3816);
#2960=LINE('',#16502,#3817);
#2961=LINE('',#16524,#3818);
#2962=LINE('',#16526,#3819);
#2963=LINE('',#16528,#3820);
#2964=LINE('',#16530,#3821);
#2965=LINE('',#16532,#3822);
#2966=LINE('',#16534,#3823);
#2967=LINE('',#16536,#3824);
#2968=LINE('',#16538,#3825);
#2969=LINE('',#16540,#3826);
#2970=LINE('',#16542,#3827);
#2971=LINE('',#16543,#3828);
#2972=LINE('',#16545,#3829);
#2973=LINE('',#16547,#3830);
#2974=LINE('',#16549,#3831);
#2975=LINE('',#16551,#3832);
#2976=LINE('',#16553,#3833);
#2977=LINE('',#16555,#3834);
#2978=LINE('',#16557,#3835);
#2979=LINE('',#16559,#3836);
#2980=LINE('',#16561,#3837);
#2981=LINE('',#16563,#3838);
#2982=LINE('',#16569,#3839);
#2983=LINE('',#16578,#3840);
#2984=LINE('',#16587,#3841);
#2985=LINE('',#16596,#3842);
#2986=LINE('',#16605,#3843);
#2987=LINE('',#16614,#3844);
#2988=LINE('',#16627,#3845);
#2989=LINE('',#16631,#3846);
#2990=LINE('',#16638,#3847);
#2991=LINE('',#16645,#3848);
#2992=LINE('',#16652,#3849);
#2993=LINE('',#16660,#3850);
#2994=LINE('',#16667,#3851);
#2995=LINE('',#16671,#3852);
#2996=LINE('',#16675,#3853);
#2997=LINE('',#16682,#3854);
#2998=LINE('',#16688,#3855);
#2999=LINE('',#16697,#3856);
#3000=LINE('',#16703,#3857);
#3001=LINE('',#16713,#3858);
#3002=LINE('',#16717,#3859);
#3003=LINE('',#16721,#3860);
#3004=LINE('',#16724,#3861);
#3005=LINE('',#16727,#3862);
#3006=LINE('',#16731,#3863);
#3007=LINE('',#16735,#3864);
#3008=LINE('',#16737,#3865);
#3009=LINE('',#16738,#3866);
#3010=LINE('',#16740,#3867);
#3011=LINE('',#16742,#3868);
#3012=LINE('',#16743,#3869);
#3013=LINE('',#16749,#3870);
#3014=LINE('',#16753,#3871);
#3015=LINE('',#16757,#3872);
#3016=LINE('',#16760,#3873);
#3017=LINE('',#16763,#3874);
#3018=LINE('',#16767,#3875);
#3019=LINE('',#16771,#3876);
#3020=LINE('',#16773,#3877);
#3021=LINE('',#16774,#3878);
#3022=LINE('',#16775,#3879);
#3023=LINE('',#16776,#3880);
#3024=LINE('',#16782,#3881);
#3025=LINE('',#16791,#3882);
#3026=LINE('',#16800,#3883);
#3027=LINE('',#16801,#3884);
#3028=LINE('',#16807,#3885);
#3029=LINE('',#16808,#3886);
#3030=LINE('',#16814,#3887);
#3031=LINE('',#16815,#3888);
#3032=LINE('',#16819,#3889);
#3033=LINE('',#16822,#3890);
#3034=LINE('',#16826,#3891);
#3035=LINE('',#16829,#3892);
#3036=LINE('',#16833,#3893);
#3037=LINE('',#16836,#3894);
#3038=LINE('',#16840,#3895);
#3039=LINE('',#16843,#3896);
#3040=LINE('',#16849,#3897);
#3041=LINE('',#16850,#3898);
#3042=LINE('',#16854,#3899);
#3043=LINE('',#16856,#3900);
#3044=LINE('',#16858,#3901);
#3045=LINE('',#16859,#3902);
#3046=LINE('',#16864,#3903);
#3047=LINE('',#16868,#3904);
#3048=LINE('',#16873,#3905);
#3049=LINE('',#16875,#3906);
#3050=LINE('',#16877,#3907);
#3051=LINE('',#16878,#3908);
#3052=LINE('',#16879,#3909);
#3053=LINE('',#16884,#3910);
#3054=LINE('',#16888,#3911);
#3055=LINE('',#16890,#3912);
#3056=LINE('',#16891,#3913);
#3057=LINE('',#16899,#3914);
#3058=LINE('',#16903,#3915);
#3059=LINE('',#16905,#3916);
#3060=LINE('',#16906,#3917);
#3061=LINE('',#16911,#3918);
#3062=LINE('',#16917,#3919);
#3063=LINE('',#16923,#3920);
#3064=LINE('',#16929,#3921);
#3065=LINE('',#16933,#3922);
#3066=LINE('',#16937,#3923);
#3067=LINE('',#16938,#3924);
#3068=LINE('',#16939,#3925);
#3069=LINE('',#16941,#3926);
#3070=LINE('',#16942,#3927);
#3071=LINE('',#16943,#3928);
#3072=LINE('',#16946,#3929);
#3073=LINE('',#16947,#3930);
#3074=LINE('',#16948,#3931);
#3075=LINE('',#16950,#3932);
#3076=LINE('',#16951,#3933);
#3077=LINE('',#16953,#3934);
#3078=LINE('',#16955,#3935);
#3079=LINE('',#16956,#3936);
#3080=LINE('',#16957,#3937);
#3081=LINE('',#16959,#3938);
#3082=LINE('',#16962,#3939);
#3083=LINE('',#16963,#3940);
#3084=LINE('',#16966,#3941);
#3085=LINE('',#16977,#3942);
#3086=LINE('',#16980,#3943);
#3087=LINE('',#16988,#3944);
#3088=LINE('',#16997,#3945);
#3089=LINE('',#17003,#3946);
#3090=LINE('',#17009,#3947);
#3091=LINE('',#17015,#3948);
#3092=LINE('',#17020,#3949);
#3093=LINE('',#17027,#3950);
#3094=LINE('',#17029,#3951);
#3095=LINE('',#17035,#3952);
#3096=LINE('',#17041,#3953);
#3097=LINE('',#17044,#3954);
#3098=LINE('',#17046,#3955);
#3099=LINE('',#17047,#3956);
#3100=LINE('',#17050,#3957);
#3101=LINE('',#17052,#3958);
#3102=LINE('',#17053,#3959);
#3103=LINE('',#17055,#3960);
#3104=LINE('',#17057,#3961);
#3105=LINE('',#17063,#3962);
#3106=LINE('',#17065,#3963);
#3107=LINE('',#17066,#3964);
#3108=LINE('',#17069,#3965);
#3109=LINE('',#17071,#3966);
#3110=LINE('',#17072,#3967);
#3111=LINE('',#17074,#3968);
#3112=LINE('',#17076,#3969);
#3113=LINE('',#17082,#3970);
#3114=LINE('',#17084,#3971);
#3115=LINE('',#17085,#3972);
#3116=LINE('',#17088,#3973);
#3117=LINE('',#17090,#3974);
#3118=LINE('',#17091,#3975);
#3119=LINE('',#17093,#3976);
#3120=LINE('',#17095,#3977);
#3121=LINE('',#17101,#3978);
#3122=LINE('',#17103,#3979);
#3123=LINE('',#17104,#3980);
#3124=LINE('',#17107,#3981);
#3125=LINE('',#17109,#3982);
#3126=LINE('',#17110,#3983);
#3127=LINE('',#17112,#3984);
#3128=LINE('',#17114,#3985);
#3129=LINE('',#17120,#3986);
#3130=LINE('',#17125,#3987);
#3131=LINE('',#17130,#3988);
#3132=LINE('',#17135,#3989);
#3133=LINE('',#17143,#3990);
#3134=LINE('',#17149,#3991);
#3135=LINE('',#17159,#3992);
#3136=LINE('',#17163,#3993);
#3137=LINE('',#17166,#3994);
#3138=LINE('',#17169,#3995);
#3139=LINE('',#17172,#3996);
#3140=LINE('',#17175,#3997);
#3141=LINE('',#17176,#3998);
#3142=LINE('',#17179,#3999);
#3143=LINE('',#17181,#4000);
#3144=LINE('',#17183,#4001);
#3145=LINE('',#17185,#4002);
#3146=LINE('',#17187,#4003);
#3147=LINE('',#17189,#4004);
#3148=LINE('',#17191,#4005);
#3149=LINE('',#17195,#4006);
#3150=LINE('',#17198,#4007);
#3151=LINE('',#17204,#4008);
#3152=LINE('',#17208,#4009);
#3153=LINE('',#17212,#4010);
#3154=LINE('',#17214,#4011);
#3155=LINE('',#17216,#4012);
#3156=LINE('',#17217,#4013);
#3157=LINE('',#17222,#4014);
#3158=LINE('',#17226,#4015);
#3159=LINE('',#17233,#4016);
#3160=LINE('',#17237,#4017);
#3161=LINE('',#17240,#4018);
#3162=LINE('',#17242,#4019);
#3163=LINE('',#17243,#4020);
#3164=LINE('',#17245,#4021);
#3165=LINE('',#17247,#4022);
#3166=LINE('',#17248,#4023);
#3167=LINE('',#17263,#4024);
#3168=LINE('',#17267,#4025);
#3169=LINE('',#17273,#4026);
#3170=LINE('',#17279,#4027);
#3171=LINE('',#17281,#4028);
#3172=LINE('',#17283,#4029);
#3173=LINE('',#17285,#4030);
#3174=LINE('',#17287,#4031);
#3175=LINE('',#17289,#4032);
#3176=LINE('',#17291,#4033);
#3177=LINE('',#17293,#4034);
#3178=LINE('',#17295,#4035);
#3179=LINE('',#17296,#4036);
#3180=LINE('',#17300,#4037);
#3181=LINE('',#17302,#4038);
#3182=LINE('',#17304,#4039);
#3183=LINE('',#17305,#4040);
#3184=LINE('',#17308,#4041);
#3185=LINE('',#17310,#4042);
#3186=LINE('',#17311,#4043);
#3187=LINE('',#17314,#4044);
#3188=LINE('',#17315,#4045);
#3189=LINE('',#17319,#4046);
#3190=LINE('',#17320,#4047);
#3191=LINE('',#17322,#4048);
#3192=LINE('',#17324,#4049);
#3193=LINE('',#17326,#4050);
#3194=LINE('',#17327,#4051);
#3195=LINE('',#17328,#4052);
#3196=LINE('',#17332,#4053);
#3197=LINE('',#17334,#4054);
#3198=LINE('',#17336,#4055);
#3199=LINE('',#17337,#4056);
#3200=LINE('',#17340,#4057);
#3201=LINE('',#17342,#4058);
#3202=LINE('',#17343,#4059);
#3203=LINE('',#17347,#4060);
#3204=LINE('',#17348,#4061);
#3205=LINE('',#17349,#4062);
#3206=LINE('',#17353,#4063);
#3207=LINE('',#17355,#4064);
#3208=LINE('',#17356,#4065);
#3209=LINE('',#17358,#4066);
#3210=LINE('',#17360,#4067);
#3211=LINE('',#17361,#4068);
#3212=LINE('',#17362,#4069);
#3213=LINE('',#17364,#4070);
#3214=LINE('',#17365,#4071);
#3215=LINE('',#17367,#4072);
#3216=LINE('',#17369,#4073);
#3217=LINE('',#17370,#4074);
#3218=LINE('',#17372,#4075);
#3219=LINE('',#17375,#4076);
#3220=LINE('',#17377,#4077);
#3221=LINE('',#17378,#4078);
#3222=LINE('',#17380,#4079);
#3223=LINE('',#17382,#4080);
#3224=LINE('',#17384,#4081);
#3225=LINE('',#17386,#4082);
#3226=LINE('',#17390,#4083);
#3227=LINE('',#17392,#4084);
#3228=LINE('',#17393,#4085);
#3229=LINE('',#17394,#4086);
#3230=LINE('',#17397,#4087);
#3231=LINE('',#17399,#4088);
#3232=LINE('',#17402,#4089);
#3233=LINE('',#17408,#4090);
#3234=LINE('',#17411,#4091);
#3235=LINE('',#17412,#4092);
#3236=LINE('',#17415,#4093);
#3237=LINE('',#17416,#4094);
#3238=LINE('',#17422,#4095);
#3239=LINE('',#17423,#4096);
#3240=LINE('',#17426,#4097);
#3241=LINE('',#17430,#4098);
#3242=LINE('',#17432,#4099);
#3243=LINE('',#17433,#4100);
#3244=LINE('',#17439,#4101);
#3245=LINE('',#17441,#4102);
#3246=LINE('',#17443,#4103);
#3247=LINE('',#17444,#4104);
#3248=LINE('',#17446,#4105);
#3249=LINE('',#17448,#4106);
#3250=LINE('',#17450,#4107);
#3251=LINE('',#17452,#4108);
#3252=LINE('',#17460,#4109);
#3253=LINE('',#17466,#4110);
#3254=LINE('',#17475,#4111);
#3255=LINE('',#17481,#4112);
#3256=LINE('',#17490,#4113);
#3257=LINE('',#17496,#4114);
#3258=LINE('',#17505,#4115);
#3259=LINE('',#17511,#4116);
#3260=LINE('',#17517,#4117);
#3261=LINE('',#17523,#4118);
#3262=LINE('',#17532,#4119);
#3263=LINE('',#17539,#4120);
#3264=LINE('',#17543,#4121);
#3265=LINE('',#17551,#4122);
#3266=LINE('',#17555,#4123);
#3267=LINE('',#17560,#4124);
#3268=LINE('',#17567,#4125);
#3269=LINE('',#17586,#4126);
#3270=LINE('',#17589,#4127);
#3271=LINE('',#17593,#4128);
#3272=LINE('',#17597,#4129);
#3273=LINE('',#17601,#4130);
#3274=LINE('',#17605,#4131);
#3275=VECTOR('',#11341,2.5);
#3276=VECTOR('',#11356,2.5);
#3277=VECTOR('',#11357,2.5);
#3278=VECTOR('',#11368,3.125);
#3279=VECTOR('',#11389,3.65);
#3280=VECTOR('',#11394,5.9);
#3281=VECTOR('',#11403,3.85);
#3282=VECTOR('',#11414,5.2);
#3283=VECTOR('',#11419,6.);
#3284=VECTOR('',#11430,6.05);
#3285=VECTOR('',#11435,6.25);
#3286=VECTOR('',#11438,6.25);
#3287=VECTOR('',#11445,3.);
#3288=VECTOR('',#11446,3.);
#3289=VECTOR('',#11457,6.25);
#3290=VECTOR('',#11464,6.25);
#3291=VECTOR('',#11477,6.);
#3292=VECTOR('',#11480,6.);
#3293=VECTOR('',#11491,3.85);
#3294=VECTOR('',#11502,5.9);
#3295=VECTOR('',#11505,5.9);
#3296=VECTOR('',#11522,3.125);
#3297=VECTOR('',#11525,5.);
#3298=VECTOR('',#11530,5.);
#3299=VECTOR('',#11543,5.);
#3300=VECTOR('',#11544,5.);
#3301=VECTOR('',#11549,5.);
#3302=VECTOR('',#11554,6.25);
#3303=VECTOR('',#11557,6.25);
#3304=VECTOR('',#11570,6.);
#3305=VECTOR('',#11573,6.);
#3306=VECTOR('',#11584,3.85);
#3307=VECTOR('',#11595,5.9);
#3308=VECTOR('',#11598,5.9);
#3309=VECTOR('',#11617,3.125);
#3310=VECTOR('',#11624,3.);
#3311=VECTOR('',#11625,3.);
#3312=VECTOR('',#11638,1.65);
#3313=VECTOR('',#11645,1.65);
#3314=VECTOR('',#11654,4.74115096785468);
#3315=VECTOR('',#11655,1.473344409838);
#3316=VECTOR('',#11660,7.295833333333);
#3317=VECTOR('',#11663,10.00083333333);
#3318=VECTOR('',#11666,4.);
#3319=VECTOR('',#11669,0.915703281636938);
#3320=VECTOR('',#11674,5.296666666666);
#3321=VECTOR('',#11675,3.74530891768375);
#3322=VECTOR('',#11676,3.74530891768375);
#3323=VECTOR('',#11685,1.891999970637);
#3324=VECTOR('',#11690,4.591666666666);
#3325=VECTOR('',#11691,4.74115096785468);
#3326=VECTOR('',#11692,0.915703281637003);
#3327=VECTOR('',#11693,7.296666666666);
#3328=VECTOR('',#11694,4.);
#3329=VECTOR('',#11705,1.473344409838);
#3330=VECTOR('',#11712,1.297499999999);
#3331=VECTOR('',#11713,1.297499999999);
#3332=VECTOR('',#11714,1.83494209717788);
#3333=VECTOR('',#11723,1.872563416816);
#3334=VECTOR('',#11728,4.);
#3335=VECTOR('',#11733,7.295833333333);
#3336=VECTOR('',#11734,3.82662619752074);
#3337=VECTOR('',#11735,1.294166666667);
#3338=VECTOR('',#11736,10.00166666667);
#3339=VECTOR('',#11745,1.871309516236);
#3340=VECTOR('',#11752,2.);
#3341=VECTOR('',#11755,2.);
#3342=VECTOR('',#11760,3.214836693833);
#3343=VECTOR('',#11763,3.214836693833);
#3344=VECTOR('',#11764,3.214836693833);
#3345=VECTOR('',#11767,3.214836693833);
#3346=VECTOR('',#11770,3.214836693833);
#3347=VECTOR('',#11773,3.214836693833);
#3348=VECTOR('',#11776,3.214836693833);
#3349=VECTOR('',#11779,3.214836693833);
#3350=VECTOR('',#11784,17.75);
#3351=VECTOR('',#11801,22.05572809);
#3352=VECTOR('',#11802,1.);
#3353=VECTOR('',#11803,8.944271909999);
#3354=VECTOR('',#11804,36.);
#3355=VECTOR('',#11805,8.944271909999);
#3356=VECTOR('',#11806,1.);
#3357=VECTOR('',#11807,22.05572809);
#3358=VECTOR('',#11810,9.);
#3359=VECTOR('',#11815,9.);
#3360=VECTOR('',#11818,1.048802938506);
#3361=VECTOR('',#11821,1.048802938506);
#3362=VECTOR('',#11826,1.048802938506);
#3363=VECTOR('',#11827,1.048802938506);
#3364=VECTOR('',#11830,1.048802938506);
#3365=VECTOR('',#11833,1.048802938506);
#3366=VECTOR('',#11836,18.75);
#3367=VECTOR('',#11839,2.);
#3368=VECTOR('',#11842,2.);
#3369=VECTOR('',#11845,2.);
#3370=VECTOR('',#11848,2.);
#3371=VECTOR('',#11851,2.);
#3372=VECTOR('',#11854,2.);
#3373=VECTOR('',#11857,2.);
#3374=VECTOR('',#11860,2.);
#3375=VECTOR('',#11863,2.);
#3376=VECTOR('',#11866,2.);
#3377=VECTOR('',#11869,2.);
#3378=VECTOR('',#11872,2.);
#3379=VECTOR('',#11877,34.);
#3380=VECTOR('',#11880,34.);
#3381=VECTOR('',#11887,1.048802938506);
#3382=VECTOR('',#11890,1.048802938506);
#3383=VECTOR('',#11897,0.499999999999981);
#3384=VECTOR('',#11898,0.499999999999981);
#3385=VECTOR('',#11903,0.499999999999978);
#3386=VECTOR('',#11904,0.500000000000009);
#3387=VECTOR('',#11909,0.500000000000016);
#3388=VECTOR('',#11910,0.499999999999979);
#3389=VECTOR('',#11915,1.);
#3390=VECTOR('',#11916,1.);
#3391=VECTOR('',#11917,0.499999999999981);
#3392=VECTOR('',#11922,0.499999999999981);
#3393=VECTOR('',#11923,0.499999999999978);
#3394=VECTOR('',#11926,0.499999999999981);
#3395=VECTOR('',#11929,0.499999999999978);
#3396=VECTOR('',#11934,0.499999999999978);
#3397=VECTOR('',#11937,0.499999999999981);
#3398=VECTOR('',#11938,0.499999999999978);
#3399=VECTOR('',#11943,0.500000000000016);
#3400=VECTOR('',#11944,0.500000000000016);
#3401=VECTOR('',#11949,0.500000000000016);
#3402=VECTOR('',#11952,0.500000000000009);
#3403=VECTOR('',#11957,1.);
#3404=VECTOR('',#11958,1.);
#3405=VECTOR('',#11961,1.);
#3406=VECTOR('',#11964,1.);
#3407=VECTOR('',#11969,1.);
#3408=VECTOR('',#11972,1.);
#3409=VECTOR('',#11973,1.);
#3410=VECTOR('',#11978,1.);
#3411=VECTOR('',#11979,1.);
#3412=VECTOR('',#11984,1.);
#3413=VECTOR('',#11987,1.);
#3414=VECTOR('',#12014,3.214836693833);
#3415=VECTOR('',#12015,3.214836693833);
#3416=VECTOR('',#12018,3.214836693833);
#3417=VECTOR('',#12021,3.214836693833);
#3418=VECTOR('',#12024,3.214836693833);
#3419=VECTOR('',#12027,3.214836693833);
#3420=VECTOR('',#12030,3.214836693833);
#3421=VECTOR('',#12033,3.214836693833);
#3422=VECTOR('',#12040,2.);
#3423=VECTOR('',#12043,2.);
#3424=VECTOR('',#12048,2.);
#3425=VECTOR('',#12049,2.);
#3426=VECTOR('',#12052,2.);
#3427=VECTOR('',#12055,2.);
#3428=VECTOR('',#12060,2.);
#3429=VECTOR('',#12061,2.);
#3430=VECTOR('',#12064,2.);
#3431=VECTOR('',#12067,2.);
#3432=VECTOR('',#12072,2.);
#3433=VECTOR('',#12073,2.);
#3434=VECTOR('',#12076,2.);
#3435=VECTOR('',#12079,2.);
#3436=VECTOR('',#12092,6.);
#3437=VECTOR('',#12111,4.);
#3438=VECTOR('',#12116,1.);
#3439=VECTOR('',#12119,1.);
#3440=VECTOR('',#12122,0.500000000000016);
#3441=VECTOR('',#12125,0.499999999999979);
#3442=VECTOR('',#12128,0.499999999999981);
#3443=VECTOR('',#12131,0.499999999999981);
#3444=VECTOR('',#12134,0.499999999999978);
#3445=VECTOR('',#12137,0.500000000000016);
#3446=VECTOR('',#12142,1.);
#3447=VECTOR('',#12145,1.);
#3448=VECTOR('',#12150,1.);
#3449=VECTOR('',#12153,1.);
#3450=VECTOR('',#12158,1.);
#3451=VECTOR('',#12159,1.);
#3452=VECTOR('',#12166,1.);
#3453=VECTOR('',#12171,1.);
#3454=VECTOR('',#12172,1.);
#3455=VECTOR('',#12181,1.25);
#3456=VECTOR('',#12186,0.999999999999984);
#3457=VECTOR('',#12189,0.999999999999984);
#3458=VECTOR('',#12192,34.);
#3459=VECTOR('',#12193,0.999999999999984);
#3460=VECTOR('',#12198,0.999999999999984);
#3461=VECTOR('',#12201,34.);
#3462=VECTOR('',#12208,27.);
#3463=VECTOR('',#12209,27.);
#3464=VECTOR('',#12212,18.);
#3465=VECTOR('',#12215,46.5);
#3466=VECTOR('',#12216,7.5);
#3467=VECTOR('',#12217,3.5);
#3468=VECTOR('',#12218,23.);
#3469=VECTOR('',#12219,3.5);
#3470=VECTOR('',#12220,7.5);
#3471=VECTOR('',#12221,46.5);
#3472=VECTOR('',#12228,7.5);
#3473=VECTOR('',#12229,3.5);
#3474=VECTOR('',#12230,23.);
#3475=VECTOR('',#12231,3.5);
#3476=VECTOR('',#12232,7.5);
#3477=VECTOR('',#12233,15.5);
#3478=VECTOR('',#12234,3.);
#3479=VECTOR('',#12235,12.);
#3480=VECTOR('',#12238,12.);
#3481=VECTOR('',#12239,1.);
#3482=VECTOR('',#12240,12.);
#3483=VECTOR('',#12243,12.);
#3484=VECTOR('',#12244,1.);
#3485=VECTOR('',#12247,8.);
#3486=VECTOR('',#12250,38.);
#3487=VECTOR('',#12251,3.);
#3488=VECTOR('',#12252,8.);
#3489=VECTOR('',#12257,27.);
#3490=VECTOR('',#12258,15.5);
#3491=VECTOR('',#12259,7.5);
#3492=VECTOR('',#12260,3.5);
#3493=VECTOR('',#12261,23.);
#3494=VECTOR('',#12262,3.5);
#3495=VECTOR('',#12263,7.5);
#3496=VECTOR('',#12266,27.);
#3497=VECTOR('',#12273,3.000833333332);
#3498=VECTOR('',#12274,9.091666666666);
#3499=VECTOR('',#12275,9.19356666672538);
#3500=VECTOR('',#12276,4.262406208588);
#3501=VECTOR('',#12279,9.091666666666);
#3502=VECTOR('',#12280,3.000833333332);
#3503=VECTOR('',#12283,3.01406445205183);
#3504=VECTOR('',#12284,11.2347482417492);
#3505=VECTOR('',#12287,9.091666666666);
#3506=VECTOR('',#12288,11.2347482417492);
#3507=VECTOR('',#12289,3.11857295265379);
#3508=VECTOR('',#12292,2.750833333333);
#3509=VECTOR('',#12295,5.500833333334);
#3510=VECTOR('',#12296,3.59);
#3511=VECTOR('',#12297,6.15654304153059);
#3512=VECTOR('',#12298,3.0164821661998);
#3513=VECTOR('',#12301,3.);
#3514=VECTOR('',#12304,5.500833333334);
#3515=VECTOR('',#12305,2.75);
#3516=VECTOR('',#12308,3.11857295265379);
#3517=VECTOR('',#12309,6.15654304153059);
#3518=VECTOR('',#12310,3.59);
#3519=VECTOR('',#12313,2.09);
#3520=VECTOR('',#12314,2.09);
#3521=VECTOR('',#12315,2.9557063453598);
#3522=VECTOR('',#12318,5.16070099135965);
#3523=VECTOR('',#12319,7.298333333334);
#3524=VECTOR('',#12320,5.16070099135965);
#3525=VECTOR('',#12323,7.298333333334);
#3526=VECTOR('',#12324,5.16070099135965);
#3527=VECTOR('',#12325,5.16070099135965);
#3528=VECTOR('',#12328,3.25386970475901);
#3529=VECTOR('',#12329,3.25386970475878);
#3530=VECTOR('',#12330,4.601666666665);
#3531=VECTOR('',#12333,4.);
#3532=VECTOR('',#12334,7.5);
#3533=VECTOR('',#12335,4.);
#3534=VECTOR('',#12342,4.);
#3535=VECTOR('',#12343,7.5);
#3536=VECTOR('',#12344,4.);
#3537=VECTOR('',#12351,3.75);
#3538=VECTOR('',#12352,3.75);
#3539=VECTOR('',#12359,4.);
#3540=VECTOR('',#12360,4.);
#3541=VECTOR('',#12367,7.000833915929);
#3542=VECTOR('',#12368,9.90067344791133);
#3543=VECTOR('',#12369,12.2305902919192);
#3544=VECTOR('',#12370,6.15654304153059);
#3545=VECTOR('',#12371,10.);
#3546=VECTOR('',#12372,1.290276705277);
#3547=VECTOR('',#12373,4.24971175492972);
#3548=VECTOR('',#12374,6.07522576169359);
#3549=VECTOR('',#12375,4.295833241768);
#3550=VECTOR('',#12380,3.591666666666);
#3551=VECTOR('',#12381,3.591666666666);
#3552=VECTOR('',#12382,5.07938371152266);
#3553=VECTOR('',#12385,7.296666666666);
#3554=VECTOR('',#12386,7.07106781186453);
#3555=VECTOR('',#12387,4.94739044570167);
#3556=VECTOR('',#12388,6.500833333333);
#3557=VECTOR('',#12389,1.501666666666);
#3558=VECTOR('',#12390,2.297499999999);
#3559=VECTOR('',#12391,7.07106781186553);
#3560=VECTOR('',#12392,7.07106781186453);
#3561=VECTOR('',#12395,1.234280520525);
#3562=VECTOR('',#12396,0.686565322190302);
#3563=VECTOR('',#12401,1.886666666667);
#3564=VECTOR('',#12402,9.90067344791133);
#3565=VECTOR('',#12403,9.091666666666);
#3566=VECTOR('',#12404,3.000833333332);
#3567=VECTOR('',#12407,1.68240737236089);
#3568=VECTOR('',#12412,4.295833312517);
#3569=VECTOR('',#12413,6.07522576169359);
#3570=VECTOR('',#12414,4.24971175492972);
#3571=VECTOR('',#12415,1.290276705277);
#3572=VECTOR('',#12416,10.);
#3573=VECTOR('',#12417,6.15654304153059);
#3574=VECTOR('',#12418,12.2305902919192);
#3575=VECTOR('',#12419,9.90067344791133);
#3576=VECTOR('',#12420,7.000833913657);
#3577=VECTOR('',#12425,3.5);
#3578=VECTOR('',#12426,3.5);
#3579=VECTOR('',#12429,4.);
#3580=VECTOR('',#12432,4.);
#3581=VECTOR('',#12433,4.);
#3582=VECTOR('',#12436,4.);
#3583=VECTOR('',#12437,3.75);
#3584=VECTOR('',#12440,3.75);
#3585=VECTOR('',#12441,4.);
#3586=VECTOR('',#12444,4.);
#3587=VECTOR('',#12445,23.);
#3588=VECTOR('',#12446,4.262406208588);
#3589=VECTOR('',#12447,9.19356666672538);
#3590=VECTOR('',#12448,9.091666666666);
#3591=VECTOR('',#12449,3.000833333332);
#3592=VECTOR('',#12450,9.091666666666);
#3593=VECTOR('',#12451,11.2347482417492);
#3594=VECTOR('',#12452,3.01406445205183);
#3595=VECTOR('',#12455,3.000833333332);
#3596=VECTOR('',#12456,9.091666666666);
#3597=VECTOR('',#12457,2.750833333333);
#3598=VECTOR('',#12460,3.11857295265379);
#3599=VECTOR('',#12461,11.2347482417492);
#3600=VECTOR('',#12462,9.091666666666);
#3601=VECTOR('',#12463,11.2347482417492);
#3602=VECTOR('',#12464,3.0164821661998);
#3603=VECTOR('',#12467,3.000833333332);
#3604=VECTOR('',#12468,5.500833333334);
#3605=VECTOR('',#12469,3.);
#3606=VECTOR('',#12472,3.0164821661998);
#3607=VECTOR('',#12473,6.15654304153059);
#3608=VECTOR('',#12474,3.59);
#3609=VECTOR('',#12475,5.500833333334);
#3610=VECTOR('',#12476,3.59);
#3611=VECTOR('',#12477,6.15654304153059);
#3612=VECTOR('',#12478,3.11857295265379);
#3613=VECTOR('',#12481,2.75);
#3614=VECTOR('',#12482,9.091666666666);
#3615=VECTOR('',#12483,3.000833333332);
#3616=VECTOR('',#12486,3.0164821661998);
#3617=VECTOR('',#12487,11.2347482417492);
#3618=VECTOR('',#12488,2.09);
#3619=VECTOR('',#12489,2.9557063453598);
#3620=VECTOR('',#12490,2.09);
#3621=VECTOR('',#12491,12.2305902919192);
#3622=VECTOR('',#12492,11.3160655215892);
#3623=VECTOR('',#12493,1.293333333333);
#3624=VECTOR('',#12494,11.3160655215892);
#3625=VECTOR('',#12495,4.24971175492972);
#3626=VECTOR('',#12496,1.29);
#3627=VECTOR('',#12497,1.29);
#3628=VECTOR('',#12498,6.15654304153059);
#3629=VECTOR('',#12499,6.500833333333);
#3630=VECTOR('',#12500,4.94739044570167);
#3631=VECTOR('',#12501,12.2305902919192);
#3632=VECTOR('',#12502,12.2305902919192);
#3633=VECTOR('',#12503,10.3202234714193);
#3634=VECTOR('',#12504,3.799166666666);
#3635=VECTOR('',#12505,12.2305902919192);
#3636=VECTOR('',#12506,12.2305902919192);
#3637=VECTOR('',#12507,12.2305902919192);
#3638=VECTOR('',#12508,6.15654304153059);
#3639=VECTOR('',#12509,1.29);
#3640=VECTOR('',#12510,1.29);
#3641=VECTOR('',#12511,4.24971175492972);
#3642=VECTOR('',#12512,5.16070099135965);
#3643=VECTOR('',#12513,5.16070099135965);
#3644=VECTOR('',#12514,7.298333333334);
#3645=VECTOR('',#12515,7.298333333334);
#3646=VECTOR('',#12516,5.16070099135965);
#3647=VECTOR('',#12517,5.16070099135965);
#3648=VECTOR('',#12518,3.25386970475901);
#3649=VECTOR('',#12519,4.601666666665);
#3650=VECTOR('',#12520,3.25386970475878);
#3651=VECTOR('',#12521,9.);
#3652=VECTOR('',#12522,1.);
#3653=VECTOR('',#12523,9.);
#3654=VECTOR('',#12524,1.);
#3655=VECTOR('',#12533,3.5);
#3656=VECTOR('',#12534,3.5);
#3657=VECTOR('',#12537,3.5);
#3658=VECTOR('',#12542,3.5);
#3659=VECTOR('',#12557,3.5);
#3660=VECTOR('',#12560,3.5);
#3661=VECTOR('',#12565,2.);
#3662=VECTOR('',#12576,3.25);
#3663=VECTOR('',#12583,3.);
#3664=VECTOR('',#12588,2.);
#3665=VECTOR('',#12597,3.25);
#3666=VECTOR('',#12604,3.);
#3667=VECTOR('',#12607,3.5);
#3668=VECTOR('',#12610,3.5);
#3669=VECTOR('',#12615,3.5);
#3670=VECTOR('',#12618,3.5);
#3671=VECTOR('',#12623,3.5);
#3672=VECTOR('',#12626,3.5);
#3673=VECTOR('',#12629,3.5);
#3674=VECTOR('',#12634,3.5);
#3675=VECTOR('',#12635,3.5);
#3676=VECTOR('',#12638,3.5);
#3677=VECTOR('',#12641,3.5);
#3678=VECTOR('',#12644,3.5);
#3679=VECTOR('',#12649,3.5);
#3680=VECTOR('',#12650,3.5);
#3681=VECTOR('',#12653,3.5);
#3682=VECTOR('',#12656,3.5);
#3683=VECTOR('',#12659,3.5);
#3684=VECTOR('',#12664,3.5);
#3685=VECTOR('',#12665,3.5);
#3686=VECTOR('',#12670,1.315939052539);
#3687=VECTOR('',#12683,3.000833333332);
#3688=VECTOR('',#12700,3.5);
#3689=VECTOR('',#12703,3.5);
#3690=VECTOR('',#12708,1.841687604822);
#3691=VECTOR('',#12709,3.5);
#3692=VECTOR('',#12712,0.8221755565383);
#3693=VECTOR('',#12715,3.5);
#3694=VECTOR('',#12718,1.841687604822);
#3695=VECTOR('',#12723,0.5708936706071);
#3696=VECTOR('',#12724,3.5);
#3697=VECTOR('',#12727,3.5);
#3698=VECTOR('',#12730,3.5);
#3699=VECTOR('',#12735,0.5834105962616);
#3700=VECTOR('',#12752,3.5);
#3701=VECTOR('',#12759,1.263186945923);
#3702=VECTOR('',#12760,3.5);
#3703=VECTOR('',#12763,3.5);
#3704=VECTOR('',#12766,3.5);
#3705=VECTOR('',#12769,10.);
#3706=VECTOR('',#12772,3.5);
#3707=VECTOR('',#12775,3.5);
#3708=VECTOR('',#12778,0.5842154905487);
#3709=VECTOR('',#12785,0.8221755565383);
#3710=VECTOR('',#12786,3.5);
#3711=VECTOR('',#12789,3.5);
#3712=VECTOR('',#12792,10.);
#3713=VECTOR('',#12795,3.5);
#3714=VECTOR('',#12798,3.5);
#3715=VECTOR('',#12801,3.5);
#3716=VECTOR('',#12806,3.5);
#3717=VECTOR('',#12807,3.5);
#3718=VECTOR('',#12810,3.5);
#3719=VECTOR('',#12813,3.5);
#3720=VECTOR('',#12816,3.5);
#3721=VECTOR('',#12819,3.5);
#3722=VECTOR('',#12824,3.5);
#3723=VECTOR('',#12825,3.5);
#3724=VECTOR('',#12828,3.5);
#3725=VECTOR('',#12831,3.5);
#3726=VECTOR('',#12834,3.5);
#3727=VECTOR('',#12837,3.5);
#3728=VECTOR('',#12842,3.5);
#3729=VECTOR('',#12843,3.5);
#3730=VECTOR('',#12846,3.5);
#3731=VECTOR('',#12851,3.5);
#3732=VECTOR('',#12852,3.5);
#3733=VECTOR('',#12855,3.5);
#3734=VECTOR('',#12860,3.5);
#3735=VECTOR('',#12861,3.5);
#3736=VECTOR('',#12864,3.5);
#3737=VECTOR('',#12869,3.5);
#3738=VECTOR('',#12870,3.5);
#3739=VECTOR('',#12873,3.5);
#3740=VECTOR('',#12878,0.5);
#3741=VECTOR('',#12879,9.);
#3742=VECTOR('',#12880,0.5);
#3743=VECTOR('',#12883,1.);
#3744=VECTOR('',#12884,0.5);
#3745=VECTOR('',#12887,9.);
#3746=VECTOR('',#12888,0.5);
#3747=VECTOR('',#12891,1.);
#3748=VECTOR('',#12898,2.5);
#3749=VECTOR('',#12905,1.75);
#3750=VECTOR('',#12910,1.25);
#3751=VECTOR('',#12913,0.6857692461084);
#3752=VECTOR('',#12918,1.25);
#3753=VECTOR('',#12921,0.6857692461084);
#3754=VECTOR('',#12926,1.25);
#3755=VECTOR('',#12929,0.6857692461084);
#3756=VECTOR('',#12934,1.25);
#3757=VECTOR('',#12937,0.6857692461084);
#3758=VECTOR('',#12942,1.25);
#3759=VECTOR('',#12945,0.6857692461084);
#3760=VECTOR('',#12950,1.25);
#3761=VECTOR('',#12953,0.6857692461084);
#3762=VECTOR('',#12958,1.5);
#3763=VECTOR('',#12975,1.5);
#3764=VECTOR('',#12976,0.5);
#3765=VECTOR('',#12977,1.5);
#3766=VECTOR('',#12978,0.5);
#3767=VECTOR('',#12981,1.5);
#3768=VECTOR('',#12982,1.5);
#3769=VECTOR('',#12983,0.5);
#3770=VECTOR('',#12984,4.5);
#3771=VECTOR('',#12985,1.41421356237301);
#3772=VECTOR('',#12986,1.);
#3773=VECTOR('',#12987,1.);
#3774=VECTOR('',#12988,1.41421356237301);
#3775=VECTOR('',#12989,4.5);
#3776=VECTOR('',#12990,0.5);
#3777=VECTOR('',#12991,1.5);
#3778=VECTOR('',#12996,0.5);
#3779=VECTOR('',#12999,0.5);
#3780=VECTOR('',#13004,1.5);
#3781=VECTOR('',#13005,1.5);
#3782=VECTOR('',#13006,0.5);
#3783=VECTOR('',#13007,4.5);
#3784=VECTOR('',#13008,1.41421356237301);
#3785=VECTOR('',#13009,1.);
#3786=VECTOR('',#13010,1.);
#3787=VECTOR('',#13011,1.41421356237301);
#3788=VECTOR('',#13012,4.5);
#3789=VECTOR('',#13013,0.5);
#3790=VECTOR('',#13014,1.5);
#3791=VECTOR('',#13017,0.5);
#3792=VECTOR('',#13020,0.5);
#3793=VECTOR('',#13023,0.5);
#3794=VECTOR('',#13026,0.5);
#3795=VECTOR('',#13029,0.5);
#3796=VECTOR('',#13032,0.5);
#3797=VECTOR('',#13035,0.5);
#3798=VECTOR('',#13038,0.5);
#3799=VECTOR('',#13041,0.5);
#3800=VECTOR('',#13044,0.5);
#3801=VECTOR('',#13049,1.5);
#3802=VECTOR('',#13050,0.5);
#3803=VECTOR('',#13051,1.5);
#3804=VECTOR('',#13052,0.5);
#3805=VECTOR('',#13055,1.5);
#3806=VECTOR('',#13056,1.5);
#3807=VECTOR('',#13057,0.5);
#3808=VECTOR('',#13058,4.5);
#3809=VECTOR('',#13059,1.41421356237301);
#3810=VECTOR('',#13060,1.);
#3811=VECTOR('',#13061,1.);
#3812=VECTOR('',#13062,1.41421356237301);
#3813=VECTOR('',#13063,4.5);
#3814=VECTOR('',#13064,0.5);
#3815=VECTOR('',#13065,1.5);
#3816=VECTOR('',#13070,0.5);
#3817=VECTOR('',#13073,0.5);
#3818=VECTOR('',#13078,1.5);
#3819=VECTOR('',#13079,1.5);
#3820=VECTOR('',#13080,0.5);
#3821=VECTOR('',#13081,4.5);
#3822=VECTOR('',#13082,1.41421356237301);
#3823=VECTOR('',#13083,1.);
#3824=VECTOR('',#13084,1.);
#3825=VECTOR('',#13085,1.41421356237301);
#3826=VECTOR('',#13086,4.5);
#3827=VECTOR('',#13087,0.5);
#3828=VECTOR('',#13088,1.5);
#3829=VECTOR('',#13091,0.5);
#3830=VECTOR('',#13094,0.5);
#3831=VECTOR('',#13097,0.5);
#3832=VECTOR('',#13100,0.5);
#3833=VECTOR('',#13103,0.5);
#3834=VECTOR('',#13106,0.5);
#3835=VECTOR('',#13109,0.5);
#3836=VECTOR('',#13112,0.5);
#3837=VECTOR('',#13115,0.5);
#3838=VECTOR('',#13118,0.5);
#3839=VECTOR('',#13125,1.5);
#3840=VECTOR('',#13136,1.5);
#3841=VECTOR('',#13147,1.5);
#3842=VECTOR('',#13158,1.5);
#3843=VECTOR('',#13169,1.5);
#3844=VECTOR('',#13180,1.5);
#3845=VECTOR('',#13197,0.6);
#3846=VECTOR('',#13202,0.45);
#3847=VECTOR('',#13211,0.499999988824129);
#3848=VECTOR('',#13220,1.);
#3849=VECTOR('',#13229,2.);
#3850=VECTOR('',#13240,4.00000000000001);
#3851=VECTOR('',#13249,3.);
#3852=VECTOR('',#13254,2.5);
#3853=VECTOR('',#13259,1.50000000745058);
#3854=VECTOR('',#13268,2.);
#3855=VECTOR('',#13275,3.);
#3856=VECTOR('',#13288,3.);
#3857=VECTOR('',#13295,4.);
#3858=VECTOR('',#13308,5.);
#3859=VECTOR('',#13311,10.3);
#3860=VECTOR('',#13314,5.);
#3861=VECTOR('',#13317,0.299999999999992);
#3862=VECTOR('',#13318,0.3);
#3863=VECTOR('',#13321,0.299999999999999);
#3864=VECTOR('',#13326,0.111805977845998);
#3865=VECTOR('',#13327,0.299999999999994);
#3866=VECTOR('',#13328,0.111805977845998);
#3867=VECTOR('',#13329,9.58030472130398);
#3868=VECTOR('',#13330,10.3);
#3869=VECTOR('',#13331,9.58030472130398);
#3870=VECTOR('',#13336,4.99999999999999);
#3871=VECTOR('',#13339,10.3);
#3872=VECTOR('',#13342,4.99999999999999);
#3873=VECTOR('',#13345,0.30000000000001);
#3874=VECTOR('',#13346,0.3);
#3875=VECTOR('',#13349,0.3);
#3876=VECTOR('',#13354,0.479818366653436);
#3877=VECTOR('',#13355,0.300000000000011);
#3878=VECTOR('',#13356,0.479818366653436);
#3879=VECTOR('',#13357,1.32858826085235);
#3880=VECTOR('',#13358,1.32858826085235);
#3881=VECTOR('',#13363,1.85);
#3882=VECTOR('',#13374,1.85);
#3883=VECTOR('',#13383,1.84929183725695);
#3884=VECTOR('',#13384,1.83461776287209);
#3885=VECTOR('',#13389,1.82713050288984);
#3886=VECTOR('',#13390,1.81316687677245);
#3887=VECTOR('',#13395,1.81316687677245);
#3888=VECTOR('',#13396,1.82713050288984);
#3889=VECTOR('',#13399,1.85003726164423);
#3890=VECTOR('',#13402,1.85003726164424);
#3891=VECTOR('',#13405,1.85003726164423);
#3892=VECTOR('',#13408,1.85003726164423);
#3893=VECTOR('',#13411,1.85003726164423);
#3894=VECTOR('',#13414,1.85003726164422);
#3895=VECTOR('',#13417,1.85003726164422);
#3896=VECTOR('',#13420,1.85003726164423);
#3897=VECTOR('',#13425,1.83461776287209);
#3898=VECTOR('',#13426,1.84929183725696);
#3899=VECTOR('',#13429,0.387456074731265);
#3900=VECTOR('',#13430,10.3);
#3901=VECTOR('',#13431,0.387456074731265);
#3902=VECTOR('',#13432,10.3);
#3903=VECTOR('',#13437,4.62);
#3904=VECTOR('',#13440,5.68);
#3905=VECTOR('',#13445,4.62);
#3906=VECTOR('',#13446,7.26883750079739);
#3907=VECTOR('',#13447,10.3);
#3908=VECTOR('',#13448,8.89854806078833);
#3909=VECTOR('',#13449,1.62971055999093);
#3910=VECTOR('',#13454,10.3);
#3911=VECTOR('',#13459,0.368646171823363);
#3912=VECTOR('',#13460,10.3);
#3913=VECTOR('',#13461,0.368646171823363);
#3914=VECTOR('',#13472,10.3);
#3915=VECTOR('',#13477,0.368646171823331);
#3916=VECTOR('',#13478,10.3);
#3917=VECTOR('',#13479,0.368646171823331);
#3918=VECTOR('',#13484,10.3);
#3919=VECTOR('',#13491,1.95);
#3920=VECTOR('',#13498,1.95);
#3921=VECTOR('',#13505,4.62);
#3922=VECTOR('',#13508,4.62);
#3923=VECTOR('',#13515,2.42868977166706);
#3924=VECTOR('',#13516,0.919925476711532);
#3925=VECTOR('',#13517,0.15160226642);
#3926=VECTOR('',#13520,0.131459331329022);
#3927=VECTOR('',#13521,2.16684198279298);
#3928=VECTOR('',#13522,0.958251734238069);
#3929=VECTOR('',#13525,0.459962738355771);
#3930=VECTOR('',#13526,0.45996273835577);
#3931=VECTOR('',#13527,0.15160226642);
#3932=VECTOR('',#13530,2.42868977166706);
#3933=VECTOR('',#13531,0.919925476711539);
#3934=VECTOR('',#13534,0.919925476711552);
#3935=VECTOR('',#13537,0.131459331329022);
#3936=VECTOR('',#13538,0.958251734238069);
#3937=VECTOR('',#13539,2.16684198279298);
#3938=VECTOR('',#13542,0.993666246455098);
#3939=VECTOR('',#13545,0.460708162743047);
#3940=VECTOR('',#13546,0.460708162743044);
#3941=VECTOR('',#13549,0.0453483225790063);
#3942=VECTOR('',#13570,1.85);
#3943=VECTOR('',#13573,0.0454218149369268);
#3944=VECTOR('',#13588,2.35916544492805);
#3945=VECTOR('',#13599,1.74533065442144);
#3946=VECTOR('',#13608,2.84892997117578);
#3947=VECTOR('',#13615,1.);
#3948=VECTOR('',#13624,1.85);
#3949=VECTOR('',#13629,1.84252852046561);
#3950=VECTOR('',#13638,1.85710700756394);
#3951=VECTOR('',#13641,2.88806722745341);
#3952=VECTOR('',#13648,1.);
#3953=VECTOR('',#13657,1.85);
#3954=VECTOR('',#13660,2.09793705260425);
#3955=VECTOR('',#13661,2.09793705260425);
#3956=VECTOR('',#13662,0.30000000000001);
#3957=VECTOR('',#13665,2.);
#3958=VECTOR('',#13666,2.);
#3959=VECTOR('',#13667,0.300000000000011);
#3960=VECTOR('',#13670,1.2);
#3961=VECTOR('',#13673,1.2);
#3962=VECTOR('',#13680,2.62399962387147);
#3963=VECTOR('',#13681,2.62399962387147);
#3964=VECTOR('',#13682,0.3);
#3965=VECTOR('',#13685,3.29147067296268);
#3966=VECTOR('',#13686,3.29147067296268);
#3967=VECTOR('',#13687,0.3);
#3968=VECTOR('',#13690,1.2);
#3969=VECTOR('',#13693,1.2);
#3970=VECTOR('',#13700,2.23600973358058);
#3971=VECTOR('',#13701,2.23600973358058);
#3972=VECTOR('',#13702,0.300000000000001);
#3973=VECTOR('',#13705,2.04020232286001);
#3974=VECTOR('',#13706,2.04020232286001);
#3975=VECTOR('',#13707,0.3);
#3976=VECTOR('',#13710,1.19999999999999);
#3977=VECTOR('',#13713,1.19999999999999);
#3978=VECTOR('',#13720,2.81584650995767);
#3979=VECTOR('',#13721,2.81584650995767);
#3980=VECTOR('',#13722,0.299999999999994);
#3981=VECTOR('',#13725,3.46943631075882);
#3982=VECTOR('',#13726,3.46943631075882);
#3983=VECTOR('',#13727,0.299999999999994);
#3984=VECTOR('',#13730,1.19999999999999);
#3985=VECTOR('',#13733,1.19999999999999);
#3986=VECTOR('',#13740,0.100493955088612);
#3987=VECTOR('',#13747,0.100493955088613);
#3988=VECTOR('',#13754,0.100493955088611);
#3989=VECTOR('',#13761,0.114580737963053);
#3990=VECTOR('',#13772,2.);
#3991=VECTOR('',#13779,3.);
#3992=VECTOR('',#13792,10.);
#3993=VECTOR('',#13795,10.);
#3994=VECTOR('',#13798,10.);
#3995=VECTOR('',#13801,10.);
#3996=VECTOR('',#13804,10.);
#3997=VECTOR('',#13807,10.);
#3998=VECTOR('',#13808,10.);
#3999=VECTOR('',#13811,10.);
#4000=VECTOR('',#13812,10.);
#4001=VECTOR('',#13813,10.);
#4002=VECTOR('',#13814,10.);
#4003=VECTOR('',#13815,10.);
#4004=VECTOR('',#13816,10.);
#4005=VECTOR('',#13817,10.);
#4006=VECTOR('',#13822,10.);
#4007=VECTOR('',#13825,10.);
#4008=VECTOR('',#13830,10.);
#4009=VECTOR('',#13833,10.);
#4010=VECTOR('',#13838,10.);
#4011=VECTOR('',#13839,10.);
#4012=VECTOR('',#13840,10.);
#4013=VECTOR('',#13841,10.);
#4014=VECTOR('',#13846,1.65);
#4015=VECTOR('',#13851,1.5);
#4016=VECTOR('',#13858,10.);
#4017=VECTOR('',#13861,10.);
#4018=VECTOR('',#13864,10.);
#4019=VECTOR('',#13865,10.);
#4020=VECTOR('',#13866,10.);
#4021=VECTOR('',#13867,10.);
#4022=VECTOR('',#13868,10.);
#4023=VECTOR('',#13869,10.);
#4024=VECTOR('',#13884,2.5);
#4025=VECTOR('',#13889,2.5);
#4026=VECTOR('',#13896,2.5);
#4027=VECTOR('',#13903,10.);
#4028=VECTOR('',#13904,10.);
#4029=VECTOR('',#13905,10.);
#4030=VECTOR('',#13906,10.);
#4031=VECTOR('',#13907,10.);
#4032=VECTOR('',#13908,10.);
#4033=VECTOR('',#13909,10.);
#4034=VECTOR('',#13910,10.);
#4035=VECTOR('',#13911,10.);
#4036=VECTOR('',#13912,10.);
#4037=VECTOR('',#13915,10.);
#4038=VECTOR('',#13916,10.);
#4039=VECTOR('',#13917,10.);
#4040=VECTOR('',#13918,10.);
#4041=VECTOR('',#13921,10.);
#4042=VECTOR('',#13922,10.);
#4043=VECTOR('',#13923,10.);
#4044=VECTOR('',#13926,10.);
#4045=VECTOR('',#13927,10.);
#4046=VECTOR('',#13930,10.);
#4047=VECTOR('',#13931,10.);
#4048=VECTOR('',#13932,10.);
#4049=VECTOR('',#13933,10.);
#4050=VECTOR('',#13934,10.);
#4051=VECTOR('',#13935,10.);
#4052=VECTOR('',#13936,10.);
#4053=VECTOR('',#13939,10.);
#4054=VECTOR('',#13940,10.);
#4055=VECTOR('',#13941,10.);
#4056=VECTOR('',#13942,10.);
#4057=VECTOR('',#13945,10.);
#4058=VECTOR('',#13946,10.);
#4059=VECTOR('',#13947,10.);
#4060=VECTOR('',#13950,10.);
#4061=VECTOR('',#13951,10.);
#4062=VECTOR('',#13952,10.);
#4063=VECTOR('',#13955,10.);
#4064=VECTOR('',#13956,10.);
#4065=VECTOR('',#13957,10.);
#4066=VECTOR('',#13958,10.);
#4067=VECTOR('',#13959,10.);
#4068=VECTOR('',#13960,10.);
#4069=VECTOR('',#13961,10.);
#4070=VECTOR('',#13964,10.);
#4071=VECTOR('',#13965,10.);
#4072=VECTOR('',#13968,10.);
#4073=VECTOR('',#13971,10.);
#4074=VECTOR('',#13972,10.);
#4075=VECTOR('',#13975,10.);
#4076=VECTOR('',#13980,10.);
#4077=VECTOR('',#13983,10.);
#4078=VECTOR('',#13984,10.);
#4079=VECTOR('',#13987,10.);
#4080=VECTOR('',#13990,10.);
#4081=VECTOR('',#13993,10.);
#4082=VECTOR('',#13996,10.);
#4083=VECTOR('',#14001,10.);
#4084=VECTOR('',#14002,10.);
#4085=VECTOR('',#14003,10.);
#4086=VECTOR('',#14004,10.);
#4087=VECTOR('',#14007,10.);
#4088=VECTOR('',#14008,10.);
#4089=VECTOR('',#14011,10.);
#4090=VECTOR('',#14018,10.);
#4091=VECTOR('',#14023,10.);
#4092=VECTOR('',#14024,10.);
#4093=VECTOR('',#14029,10.);
#4094=VECTOR('',#14030,10.);
#4095=VECTOR('',#14037,10.);
#4096=VECTOR('',#14038,10.);
#4097=VECTOR('',#14041,10.);
#4098=VECTOR('',#14044,10.);
#4099=VECTOR('',#14045,10.);
#4100=VECTOR('',#14046,10.);
#4101=VECTOR('',#14053,10.);
#4102=VECTOR('',#14056,10.);
#4103=VECTOR('',#14059,10.);
#4104=VECTOR('',#14060,10.);
#4105=VECTOR('',#14063,1.95);
#4106=VECTOR('',#14066,1.95);
#4107=VECTOR('',#14069,1.65);
#4108=VECTOR('',#14072,1.65);
#4109=VECTOR('',#14083,1.25);
#4110=VECTOR('',#14090,2.);
#4111=VECTOR('',#14103,2.);
#4112=VECTOR('',#14110,3.);
#4113=VECTOR('',#14123,2.);
#4114=VECTOR('',#14130,3.);
#4115=VECTOR('',#14143,1.65);
#4116=VECTOR('',#14150,1.65);
#4117=VECTOR('',#14157,1.65);
#4118=VECTOR('',#14164,1.65);
#4119=VECTOR('',#14175,4.00000005960464);
#4120=VECTOR('',#14184,3.1);
#4121=VECTOR('',#14189,2.7);
#4122=VECTOR('',#14200,4.70498726826545);
#4123=VECTOR('',#14205,5.09999944907143);
#4124=VECTOR('',#14212,12.5000001862645);
#4125=VECTOR('',#14221,6.);
#4126=VECTOR('',#14244,3.1);
#4127=VECTOR('',#14247,1.65);
#4128=VECTOR('',#14252,1.65);
#4129=VECTOR('',#14257,1.65);
#4130=VECTOR('',#14262,1.65);
#4131=VECTOR('',#14267,12.5000001862645);
#4132=ELLIPSE('',#10275,3.53553390593274,2.5);
#4133=ELLIPSE('',#10276,3.53553390593274,2.5);
#4134=ELLIPSE('',#10278,3.53553390593274,2.5);
#4135=ELLIPSE('',#10279,3.53553390593274,2.5);
#4136=ELLIPSE('',#10360,7.07106781186548,5.);
#4137=ELLIPSE('',#10361,7.07106781186548,5.);
#4138=ELLIPSE('',#10362,7.07106781186548,5.);
#4139=ELLIPSE('',#10363,7.07106781186548,5.);
#4140=ELLIPSE('',#10413,2.82842712474619,2.);
#4141=ELLIPSE('',#10416,2.82842712474619,2.);
#4142=ELLIPSE('',#10422,2.82842712474619,2.);
#4143=ELLIPSE('',#10423,2.82842712474619,2.);
#4144=ELLIPSE('',#10428,2.82842712474619,2.);
#4145=ELLIPSE('',#10430,2.82842712474619,2.);
#4146=ELLIPSE('',#10436,2.82842712474619,2.);
#4147=ELLIPSE('',#10444,2.82842712474619,2.);
#4148=ELLIPSE('',#10735,4.24264068711929,3.);
#4149=ELLIPSE('',#10737,4.24264068711929,3.);
#4150=ELLIPSE('',#10740,4.24264068711929,3.);
#4151=ELLIPSE('',#10741,4.24264068711929,3.);
#4152=ELLIPSE('',#10743,4.24264068711929,3.);
#4153=ELLIPSE('',#10744,4.24264068711929,3.);
#4154=ELLIPSE('',#10746,4.24264068711929,3.);
#4155=ELLIPSE('',#10747,4.24264068711929,3.);
#4156=ELLIPSE('',#10748,4.24264068711929,3.);
#4157=ELLIPSE('',#10763,4.24264068711929,3.);
#4158=ELLIPSE('',#10765,4.24264068711929,3.);
#4159=ELLIPSE('',#10766,4.24264068711929,3.);
#4160=ELLIPSE('',#10768,4.24264068711929,3.);
#4161=ELLIPSE('',#10851,1.5,1.00000000000001);
#4162=ELLIPSE('',#10852,1.5,1.);
#4163=ELLIPSE('',#10853,1.5,1.00000000000001);
#4164=ELLIPSE('',#10854,1.5,1.);
#4165=ELLIPSE('',#10869,1.5,1.00000000000001);
#4166=ELLIPSE('',#10870,1.5,1.);
#4167=ELLIPSE('',#10871,1.5,1.00000000000001);
#4168=ELLIPSE('',#10872,1.5,1.);
#4169=ELLIPSE('',#11156,7.07106781186548,5.);
#4170=VERTEX_POINT('',#14306);
#4171=VERTEX_POINT('',#14307);
#4172=VERTEX_POINT('',#14309);
#4173=VERTEX_POINT('',#14311);
#4174=VERTEX_POINT('',#14314);
#4175=VERTEX_POINT('',#14318);
#4176=VERTEX_POINT('',#14321);
#4177=VERTEX_POINT('',#14324);
#4178=VERTEX_POINT('',#14328);
#4179=VERTEX_POINT('',#14331);
#4180=VERTEX_POINT('',#14332);
#4181=VERTEX_POINT('',#14337);
#4182=VERTEX_POINT('',#14338);
#4183=VERTEX_POINT('',#14436);
#4184=VERTEX_POINT('',#14441);
#4185=VERTEX_POINT('',#14444);
#4186=VERTEX_POINT('',#14445);
#4187=VERTEX_POINT('',#14450);
#4188=VERTEX_POINT('',#14454);
#4189=VERTEX_POINT('',#14457);
#4190=VERTEX_POINT('',#14461);
#4191=VERTEX_POINT('',#14464);
#4192=VERTEX_POINT('',#14465);
#4193=VERTEX_POINT('',#14470);
#4194=VERTEX_POINT('',#14474);
#4195=VERTEX_POINT('',#14477);
#4196=VERTEX_POINT('',#14478);
#4197=VERTEX_POINT('',#14483);
#4198=VERTEX_POINT('',#14484);
#4199=VERTEX_POINT('',#14486);
#4200=VERTEX_POINT('',#14493);
#4201=VERTEX_POINT('',#14507);
#4202=VERTEX_POINT('',#14527);
#4203=VERTEX_POINT('',#14536);
#4204=VERTEX_POINT('',#14548);
#4205=VERTEX_POINT('',#14551);
#4206=VERTEX_POINT('',#14554);
#4207=VERTEX_POINT('',#14555);
#4208=VERTEX_POINT('',#14572);
#4209=VERTEX_POINT('',#14601);
#4210=VERTEX_POINT('',#14604);
#4211=VERTEX_POINT('',#14607);
#4212=VERTEX_POINT('',#14609);
#4213=VERTEX_POINT('',#14639);
#4214=VERTEX_POINT('',#14643);
#4215=VERTEX_POINT('',#14646);
#4216=VERTEX_POINT('',#14647);
#4217=VERTEX_POINT('',#14652);
#4218=VERTEX_POINT('',#14656);
#4219=VERTEX_POINT('',#14659);
#4220=VERTEX_POINT('',#14663);
#4221=VERTEX_POINT('',#14666);
#4222=VERTEX_POINT('',#14667);
#4223=VERTEX_POINT('',#14672);
#4224=VERTEX_POINT('',#14676);
#4225=VERTEX_POINT('',#14679);
#4226=VERTEX_POINT('',#14680);
#4227=VERTEX_POINT('',#14687);
#4228=VERTEX_POINT('',#14696);
#4229=VERTEX_POINT('',#14708);
#4230=VERTEX_POINT('',#14710);
#4231=VERTEX_POINT('',#14712);
#4232=VERTEX_POINT('',#14714);
#4233=VERTEX_POINT('',#14718);
#4234=VERTEX_POINT('',#14723);
#4235=VERTEX_POINT('',#14724);
#4236=VERTEX_POINT('',#14726);
#4237=VERTEX_POINT('',#14745);
#4238=VERTEX_POINT('',#14747);
#4239=VERTEX_POINT('',#14749);
#4240=VERTEX_POINT('',#14768);
#4241=VERTEX_POINT('',#14788);
#4242=VERTEX_POINT('',#14792);
#4243=VERTEX_POINT('',#14795);
#4244=VERTEX_POINT('',#14796);
#4245=VERTEX_POINT('',#14801);
#4246=VERTEX_POINT('',#14805);
#4247=VERTEX_POINT('',#14808);
#4248=VERTEX_POINT('',#14812);
#4249=VERTEX_POINT('',#14815);
#4250=VERTEX_POINT('',#14816);
#4251=VERTEX_POINT('',#14821);
#4252=VERTEX_POINT('',#14825);
#4253=VERTEX_POINT('',#14828);
#4254=VERTEX_POINT('',#14829);
#4255=VERTEX_POINT('',#14834);
#4256=VERTEX_POINT('',#14839);
#4257=VERTEX_POINT('',#14842);
#4258=VERTEX_POINT('',#14846);
#4259=VERTEX_POINT('',#14849);
#4260=VERTEX_POINT('',#14854);
#4261=VERTEX_POINT('',#14861);
#4262=VERTEX_POINT('',#14862);
#4263=VERTEX_POINT('',#14864);
#4264=VERTEX_POINT('',#14868);
#4265=VERTEX_POINT('',#14869);
#4266=VERTEX_POINT('',#14872);
#4267=VERTEX_POINT('',#14881);
#4268=VERTEX_POINT('',#14882);
#4269=VERTEX_POINT('',#14884);
#4270=VERTEX_POINT('',#14888);
#4271=VERTEX_POINT('',#14895);
#4272=VERTEX_POINT('',#14896);
#4273=VERTEX_POINT('',#14898);
#4274=VERTEX_POINT('',#14900);
#4275=VERTEX_POINT('',#14902);
#4276=VERTEX_POINT('',#14906);
#4277=VERTEX_POINT('',#14915);
#4278=VERTEX_POINT('',#14916);
#4279=VERTEX_POINT('',#14918);
#4280=VERTEX_POINT('',#14922);
#4281=VERTEX_POINT('',#14929);
#4282=VERTEX_POINT('',#14930);
#4283=VERTEX_POINT('',#14934);
#4284=VERTEX_POINT('',#14936);
#4285=VERTEX_POINT('',#14938);
#4286=VERTEX_POINT('',#14942);
#4287=VERTEX_POINT('',#14949);
#4288=VERTEX_POINT('',#14950);
#4289=VERTEX_POINT('',#14952);
#4290=VERTEX_POINT('',#14954);
#4291=VERTEX_POINT('',#14958);
#4292=VERTEX_POINT('',#14960);
#4293=VERTEX_POINT('',#14962);
#4294=VERTEX_POINT('',#14965);
#4295=VERTEX_POINT('',#14966);
#4296=VERTEX_POINT('',#14968);
#4297=VERTEX_POINT('',#14970);
#4298=VERTEX_POINT('',#14973);
#4299=VERTEX_POINT('',#14974);
#4300=VERTEX_POINT('',#14976);
#4301=VERTEX_POINT('',#14978);
#4302=VERTEX_POINT('',#14981);
#4303=VERTEX_POINT('',#14982);
#4304=VERTEX_POINT('',#14984);
#4305=VERTEX_POINT('',#14986);
#4306=VERTEX_POINT('',#14990);
#4307=VERTEX_POINT('',#14993);
#4308=VERTEX_POINT('',#14994);
#4309=VERTEX_POINT('',#14996);
#4310=VERTEX_POINT('',#15015);
#4311=VERTEX_POINT('',#15036);
#4312=VERTEX_POINT('',#15037);
#4313=VERTEX_POINT('',#15039);
#4314=VERTEX_POINT('',#15059);
#4315=VERTEX_POINT('',#15081);
#4316=VERTEX_POINT('',#15082);
#4317=VERTEX_POINT('',#15084);
#4318=VERTEX_POINT('',#15086);
#4319=VERTEX_POINT('',#15088);
#4320=VERTEX_POINT('',#15090);
#4321=VERTEX_POINT('',#15092);
#4322=VERTEX_POINT('',#15094);
#4323=VERTEX_POINT('',#15096);
#4324=VERTEX_POINT('',#15098);
#4325=VERTEX_POINT('',#15100);
#4326=VERTEX_POINT('',#15102);
#4327=VERTEX_POINT('',#15107);
#4328=VERTEX_POINT('',#15109);
#4329=VERTEX_POINT('',#15113);
#4330=VERTEX_POINT('',#15114);
#4331=VERTEX_POINT('',#15119);
#4332=VERTEX_POINT('',#15140);
#4333=VERTEX_POINT('',#15161);
#4334=VERTEX_POINT('',#15163);
#4335=VERTEX_POINT('',#15165);
#4336=VERTEX_POINT('',#15167);
#4337=VERTEX_POINT('',#15169);
#4338=VERTEX_POINT('',#15171);
#4339=VERTEX_POINT('',#15173);
#4340=VERTEX_POINT('',#15175);
#4341=VERTEX_POINT('',#15177);
#4342=VERTEX_POINT('',#15179);
#4343=VERTEX_POINT('',#15181);
#4344=VERTEX_POINT('',#15183);
#4345=VERTEX_POINT('',#15185);
#4346=VERTEX_POINT('',#15187);
#4347=VERTEX_POINT('',#15189);
#4348=VERTEX_POINT('',#15191);
#4349=VERTEX_POINT('',#15193);
#4350=VERTEX_POINT('',#15195);
#4351=VERTEX_POINT('',#15197);
#4352=VERTEX_POINT('',#15199);
#4353=VERTEX_POINT('',#15201);
#4354=VERTEX_POINT('',#15203);
#4355=VERTEX_POINT('',#15205);
#4356=VERTEX_POINT('',#15207);
#4357=VERTEX_POINT('',#15209);
#4358=VERTEX_POINT('',#15212);
#4359=VERTEX_POINT('',#15213);
#4360=VERTEX_POINT('',#15215);
#4361=VERTEX_POINT('',#15217);
#4362=VERTEX_POINT('',#15220);
#4363=VERTEX_POINT('',#15241);
#4364=VERTEX_POINT('',#15269);
#4365=VERTEX_POINT('',#15271);
#4366=VERTEX_POINT('',#15275);
#4367=VERTEX_POINT('',#15277);
#4368=VERTEX_POINT('',#15281);
#4369=VERTEX_POINT('',#15283);
#4370=VERTEX_POINT('',#15287);
#4371=VERTEX_POINT('',#15289);
#4372=VERTEX_POINT('',#15293);
#4373=VERTEX_POINT('',#15294);
#4374=VERTEX_POINT('',#15299);
#4375=VERTEX_POINT('',#15301);
#4376=VERTEX_POINT('',#15305);
#4377=VERTEX_POINT('',#15309);
#4378=VERTEX_POINT('',#15311);
#4379=VERTEX_POINT('',#15315);
#4380=VERTEX_POINT('',#15317);
#4381=VERTEX_POINT('',#15321);
#4382=VERTEX_POINT('',#15323);
#4383=VERTEX_POINT('',#15327);
#4384=VERTEX_POINT('',#15328);
#4385=VERTEX_POINT('',#15333);
#4386=VERTEX_POINT('',#15335);
#4387=VERTEX_POINT('',#15339);
#4388=VERTEX_POINT('',#15343);
#4389=VERTEX_POINT('',#15345);
#4390=VERTEX_POINT('',#15349);
#4391=VERTEX_POINT('',#15351);
#4392=VERTEX_POINT('',#15355);
#4393=VERTEX_POINT('',#15357);
#4394=VERTEX_POINT('',#15367);
#4395=VERTEX_POINT('',#15369);
#4396=VERTEX_POINT('',#15372);
#4397=VERTEX_POINT('',#15376);
#4398=VERTEX_POINT('',#15378);
#4399=VERTEX_POINT('',#15381);
#4400=VERTEX_POINT('',#15382);
#4401=VERTEX_POINT('',#15384);
#4402=VERTEX_POINT('',#15386);
#4403=VERTEX_POINT('',#15389);
#4404=VERTEX_POINT('',#15390);
#4405=VERTEX_POINT('',#15392);
#4406=VERTEX_POINT('',#15394);
#4407=VERTEX_POINT('',#15397);
#4408=VERTEX_POINT('',#15398);
#4409=VERTEX_POINT('',#15400);
#4410=VERTEX_POINT('',#15402);
#4411=VERTEX_POINT('',#15405);
#4412=VERTEX_POINT('',#15437);
#4413=VERTEX_POINT('',#15439);
#4414=VERTEX_POINT('',#15443);
#4415=VERTEX_POINT('',#15445);
#4416=VERTEX_POINT('',#15449);
#4417=VERTEX_POINT('',#15453);
#4418=VERTEX_POINT('',#15456);
#4419=VERTEX_POINT('',#15461);
#4420=VERTEX_POINT('',#15463);
#4421=VERTEX_POINT('',#15471);
#4422=VERTEX_POINT('',#15473);
#4423=VERTEX_POINT('',#15477);
#4424=VERTEX_POINT('',#15479);
#4425=VERTEX_POINT('',#15507);
#4426=VERTEX_POINT('',#15512);
#4427=VERTEX_POINT('',#15514);
#4428=VERTEX_POINT('',#15518);
#4429=VERTEX_POINT('',#15522);
#4430=VERTEX_POINT('',#15529);
#4431=VERTEX_POINT('',#15530);
#4432=VERTEX_POINT('',#15535);
#4433=VERTEX_POINT('',#15537);
#4434=VERTEX_POINT('',#15539);
#4435=VERTEX_POINT('',#15541);
#4436=VERTEX_POINT('',#15543);
#4437=VERTEX_POINT('',#15545);
#4438=VERTEX_POINT('',#15547);
#4439=VERTEX_POINT('',#15549);
#4440=VERTEX_POINT('',#15552);
#4441=VERTEX_POINT('',#15554);
#4442=VERTEX_POINT('',#15557);
#4443=VERTEX_POINT('',#15559);
#4444=VERTEX_POINT('',#15561);
#4445=VERTEX_POINT('',#15563);
#4446=VERTEX_POINT('',#15565);
#4447=VERTEX_POINT('',#15567);
#4448=VERTEX_POINT('',#15569);
#4449=VERTEX_POINT('',#15573);
#4450=VERTEX_POINT('',#15575);
#4451=VERTEX_POINT('',#15579);
#4452=VERTEX_POINT('',#15585);
#4453=VERTEX_POINT('',#15592);
#4454=VERTEX_POINT('',#15594);
#4455=VERTEX_POINT('',#15596);
#4456=VERTEX_POINT('',#15598);
#4457=VERTEX_POINT('',#15600);
#4458=VERTEX_POINT('',#15607);
#4459=VERTEX_POINT('',#15608);
#4460=VERTEX_POINT('',#15610);
#4461=VERTEX_POINT('',#15612);
#4462=VERTEX_POINT('',#15614);
#4463=VERTEX_POINT('',#15618);
#4464=VERTEX_POINT('',#15619);
#4465=VERTEX_POINT('',#15621);
#4466=VERTEX_POINT('',#15623);
#4467=VERTEX_POINT('',#15625);
#4468=VERTEX_POINT('',#15629);
#4469=VERTEX_POINT('',#15630);
#4470=VERTEX_POINT('',#15632);
#4471=VERTEX_POINT('',#15634);
#4472=VERTEX_POINT('',#15636);
#4473=VERTEX_POINT('',#15640);
#4474=VERTEX_POINT('',#15641);
#4475=VERTEX_POINT('',#15643);
#4476=VERTEX_POINT('',#15645);
#4477=VERTEX_POINT('',#15647);
#4478=VERTEX_POINT('',#15649);
#4479=VERTEX_POINT('',#15653);
#4480=VERTEX_POINT('',#15654);
#4481=VERTEX_POINT('',#15656);
#4482=VERTEX_POINT('',#15658);
#4483=VERTEX_POINT('',#15660);
#4484=VERTEX_POINT('',#15662);
#4485=VERTEX_POINT('',#15666);
#4486=VERTEX_POINT('',#15667);
#4487=VERTEX_POINT('',#15669);
#4488=VERTEX_POINT('',#15673);
#4489=VERTEX_POINT('',#15674);
#4490=VERTEX_POINT('',#15676);
#4491=VERTEX_POINT('',#15680);
#4492=VERTEX_POINT('',#15681);
#4493=VERTEX_POINT('',#15683);
#4494=VERTEX_POINT('',#15687);
#4495=VERTEX_POINT('',#15688);
#4496=VERTEX_POINT('',#15690);
#4497=VERTEX_POINT('',#15694);
#4498=VERTEX_POINT('',#15695);
#4499=VERTEX_POINT('',#15698);
#4500=VERTEX_POINT('',#15701);
#4501=VERTEX_POINT('',#15704);
#4502=VERTEX_POINT('',#15706);
#4503=VERTEX_POINT('',#15708);
#4504=VERTEX_POINT('',#15711);
#4505=VERTEX_POINT('',#15714);
#4506=VERTEX_POINT('',#15716);
#4507=VERTEX_POINT('',#15719);
#4508=VERTEX_POINT('',#15722);
#4509=VERTEX_POINT('',#15724);
#4510=VERTEX_POINT('',#15727);
#4511=VERTEX_POINT('',#15730);
#4512=VERTEX_POINT('',#15731);
#4513=VERTEX_POINT('',#15733);
#4514=VERTEX_POINT('',#15735);
#4515=VERTEX_POINT('',#15737);
#4516=VERTEX_POINT('',#15739);
#4517=VERTEX_POINT('',#15741);
#4518=VERTEX_POINT('',#15743);
#4519=VERTEX_POINT('',#15745);
#4520=VERTEX_POINT('',#15747);
#4521=VERTEX_POINT('',#15751);
#4522=VERTEX_POINT('',#15752);
#4523=VERTEX_POINT('',#15754);
#4524=VERTEX_POINT('',#15758);
#4525=VERTEX_POINT('',#15759);
#4526=VERTEX_POINT('',#15761);
#4527=VERTEX_POINT('',#15763);
#4528=VERTEX_POINT('',#15765);
#4529=VERTEX_POINT('',#15767);
#4530=VERTEX_POINT('',#15769);
#4531=VERTEX_POINT('',#15771);
#4532=VERTEX_POINT('',#15775);
#4533=VERTEX_POINT('',#15776);
#4534=VERTEX_POINT('',#15778);
#4535=VERTEX_POINT('',#15782);
#4536=VERTEX_POINT('',#15783);
#4537=VERTEX_POINT('',#15785);
#4538=VERTEX_POINT('',#15787);
#4539=VERTEX_POINT('',#15789);
#4540=VERTEX_POINT('',#15791);
#4541=VERTEX_POINT('',#15795);
#4542=VERTEX_POINT('',#15796);
#4543=VERTEX_POINT('',#15798);
#4544=VERTEX_POINT('',#15800);
#4545=VERTEX_POINT('',#15802);
#4546=VERTEX_POINT('',#15804);
#4547=VERTEX_POINT('',#15806);
#4548=VERTEX_POINT('',#15808);
#4549=VERTEX_POINT('',#15810);
#4550=VERTEX_POINT('',#15812);
#4551=VERTEX_POINT('',#15816);
#4552=VERTEX_POINT('',#15817);
#4553=VERTEX_POINT('',#15822);
#4554=VERTEX_POINT('',#15823);
#4555=VERTEX_POINT('',#15825);
#4556=VERTEX_POINT('',#15828);
#4557=VERTEX_POINT('',#15830);
#4558=VERTEX_POINT('',#15833);
#4559=VERTEX_POINT('',#15835);
#4560=VERTEX_POINT('',#15838);
#4561=VERTEX_POINT('',#15840);
#4562=VERTEX_POINT('',#15842);
#4563=VERTEX_POINT('',#15845);
#4564=VERTEX_POINT('',#15847);
#4565=VERTEX_POINT('',#15849);
#4566=VERTEX_POINT('',#15852);
#4567=VERTEX_POINT('',#15853);
#4568=VERTEX_POINT('',#15855);
#4569=VERTEX_POINT('',#15857);
#4570=VERTEX_POINT('',#15859);
#4571=VERTEX_POINT('',#15862);
#4572=VERTEX_POINT('',#15863);
#4573=VERTEX_POINT('',#15865);
#4574=VERTEX_POINT('',#15867);
#4575=VERTEX_POINT('',#15869);
#4576=VERTEX_POINT('',#15872);
#4577=VERTEX_POINT('',#15873);
#4578=VERTEX_POINT('',#15875);
#4579=VERTEX_POINT('',#15877);
#4580=VERTEX_POINT('',#15879);
#4581=VERTEX_POINT('',#15882);
#4582=VERTEX_POINT('',#15883);
#4583=VERTEX_POINT('',#15885);
#4584=VERTEX_POINT('',#15887);
#4585=VERTEX_POINT('',#15889);
#4586=VERTEX_POINT('',#15891);
#4587=VERTEX_POINT('',#15894);
#4588=VERTEX_POINT('',#15895);
#4589=VERTEX_POINT('',#15897);
#4590=VERTEX_POINT('',#15899);
#4591=VERTEX_POINT('',#15901);
#4592=VERTEX_POINT('',#15903);
#4593=VERTEX_POINT('',#15906);
#4594=VERTEX_POINT('',#15907);
#4595=VERTEX_POINT('',#15909);
#4596=VERTEX_POINT('',#15911);
#4597=VERTEX_POINT('',#15913);
#4598=VERTEX_POINT('',#15916);
#4599=VERTEX_POINT('',#15917);
#4600=VERTEX_POINT('',#15919);
#4601=VERTEX_POINT('',#15922);
#4602=VERTEX_POINT('',#15923);
#4603=VERTEX_POINT('',#15925);
#4604=VERTEX_POINT('',#15927);
#4605=VERTEX_POINT('',#15929);
#4606=VERTEX_POINT('',#15931);
#4607=VERTEX_POINT('',#15933);
#4608=VERTEX_POINT('',#15935);
#4609=VERTEX_POINT('',#15938);
#4610=VERTEX_POINT('',#15939);
#4611=VERTEX_POINT('',#15941);
#4612=VERTEX_POINT('',#15943);
#4613=VERTEX_POINT('',#15945);
#4614=VERTEX_POINT('',#15947);
#4615=VERTEX_POINT('',#15950);
#4616=VERTEX_POINT('',#15951);
#4617=VERTEX_POINT('',#15953);
#4618=VERTEX_POINT('',#15955);
#4619=VERTEX_POINT('',#15957);
#4620=VERTEX_POINT('',#15959);
#4621=VERTEX_POINT('',#15961);
#4622=VERTEX_POINT('',#15964);
#4623=VERTEX_POINT('',#15965);
#4624=VERTEX_POINT('',#15967);
#4625=VERTEX_POINT('',#15970);
#4626=VERTEX_POINT('',#15971);
#4627=VERTEX_POINT('',#15973);
#4628=VERTEX_POINT('',#15976);
#4629=VERTEX_POINT('',#15977);
#4630=VERTEX_POINT('',#15979);
#4631=VERTEX_POINT('',#15982);
#4632=VERTEX_POINT('',#15983);
#4633=VERTEX_POINT('',#15985);
#4634=VERTEX_POINT('',#15987);
#4635=VERTEX_POINT('',#15990);
#4636=VERTEX_POINT('',#15993);
#4637=VERTEX_POINT('',#16003);
#4638=VERTEX_POINT('',#16005);
#4639=VERTEX_POINT('',#16008);
#4640=VERTEX_POINT('',#16011);
#4641=VERTEX_POINT('',#16019);
#4642=VERTEX_POINT('',#16023);
#4643=VERTEX_POINT('',#16026);
#4644=VERTEX_POINT('',#16030);
#4645=VERTEX_POINT('',#16035);
#4646=VERTEX_POINT('',#16039);
#4647=VERTEX_POINT('',#16042);
#4648=VERTEX_POINT('',#16046);
#4649=VERTEX_POINT('',#16091);
#4650=VERTEX_POINT('',#16097);
#4651=VERTEX_POINT('',#16099);
#4652=VERTEX_POINT('',#16102);
#4653=VERTEX_POINT('',#16117);
#4654=VERTEX_POINT('',#16122);
#4655=VERTEX_POINT('',#16148);
#4656=VERTEX_POINT('',#16155);
#4657=VERTEX_POINT('',#16157);
#4658=VERTEX_POINT('',#16244);
#4659=VERTEX_POINT('',#16246);
#4660=VERTEX_POINT('',#16250);
#4661=VERTEX_POINT('',#16254);
#4662=VERTEX_POINT('',#16261);
#4663=VERTEX_POINT('',#16265);
#4664=VERTEX_POINT('',#16270);
#4665=VERTEX_POINT('',#16274);
#4666=VERTEX_POINT('',#16277);
#4667=VERTEX_POINT('',#16281);
#4668=VERTEX_POINT('',#16284);
#4669=VERTEX_POINT('',#16288);
#4670=VERTEX_POINT('',#16291);
#4671=VERTEX_POINT('',#16295);
#4672=VERTEX_POINT('',#16298);
#4673=VERTEX_POINT('',#16302);
#4674=VERTEX_POINT('',#16305);
#4675=VERTEX_POINT('',#16309);
#4676=VERTEX_POINT('',#16312);
#4677=VERTEX_POINT('',#16313);
#4678=VERTEX_POINT('',#16315);
#4679=VERTEX_POINT('',#16320);
#4680=VERTEX_POINT('',#16326);
#4681=VERTEX_POINT('',#16327);
#4682=VERTEX_POINT('',#16329);
#4683=VERTEX_POINT('',#16331);
#4684=VERTEX_POINT('',#16335);
#4685=VERTEX_POINT('',#16337);
#4686=VERTEX_POINT('',#16339);
#4687=VERTEX_POINT('',#16341);
#4688=VERTEX_POINT('',#16343);
#4689=VERTEX_POINT('',#16345);
#4690=VERTEX_POINT('',#16347);
#4691=VERTEX_POINT('',#16349);
#4692=VERTEX_POINT('',#16351);
#4693=VERTEX_POINT('',#16353);
#4694=VERTEX_POINT('',#16356);
#4695=VERTEX_POINT('',#16357);
#4696=VERTEX_POINT('',#16378);
#4697=VERTEX_POINT('',#16380);
#4698=VERTEX_POINT('',#16403);
#4699=VERTEX_POINT('',#16405);
#4700=VERTEX_POINT('',#16407);
#4701=VERTEX_POINT('',#16409);
#4702=VERTEX_POINT('',#16411);
#4703=VERTEX_POINT('',#16413);
#4704=VERTEX_POINT('',#16415);
#4705=VERTEX_POINT('',#16417);
#4706=VERTEX_POINT('',#16419);
#4707=VERTEX_POINT('',#16421);
#4708=VERTEX_POINT('',#16446);
#4709=VERTEX_POINT('',#16447);
#4710=VERTEX_POINT('',#16449);
#4711=VERTEX_POINT('',#16451);
#4712=VERTEX_POINT('',#16455);
#4713=VERTEX_POINT('',#16457);
#4714=VERTEX_POINT('',#16459);
#4715=VERTEX_POINT('',#16461);
#4716=VERTEX_POINT('',#16463);
#4717=VERTEX_POINT('',#16465);
#4718=VERTEX_POINT('',#16467);
#4719=VERTEX_POINT('',#16469);
#4720=VERTEX_POINT('',#16471);
#4721=VERTEX_POINT('',#16473);
#4722=VERTEX_POINT('',#16476);
#4723=VERTEX_POINT('',#16477);
#4724=VERTEX_POINT('',#16498);
#4725=VERTEX_POINT('',#16500);
#4726=VERTEX_POINT('',#16523);
#4727=VERTEX_POINT('',#16525);
#4728=VERTEX_POINT('',#16527);
#4729=VERTEX_POINT('',#16529);
#4730=VERTEX_POINT('',#16531);
#4731=VERTEX_POINT('',#16533);
#4732=VERTEX_POINT('',#16535);
#4733=VERTEX_POINT('',#16537);
#4734=VERTEX_POINT('',#16539);
#4735=VERTEX_POINT('',#16541);
#4736=VERTEX_POINT('',#16566);
#4737=VERTEX_POINT('',#16568);
#4738=VERTEX_POINT('',#16572);
#4739=VERTEX_POINT('',#16575);
#4740=VERTEX_POINT('',#16577);
#4741=VERTEX_POINT('',#16581);
#4742=VERTEX_POINT('',#16584);
#4743=VERTEX_POINT('',#16586);
#4744=VERTEX_POINT('',#16590);
#4745=VERTEX_POINT('',#16593);
#4746=VERTEX_POINT('',#16595);
#4747=VERTEX_POINT('',#16599);
#4748=VERTEX_POINT('',#16602);
#4749=VERTEX_POINT('',#16604);
#4750=VERTEX_POINT('',#16608);
#4751=VERTEX_POINT('',#16611);
#4752=VERTEX_POINT('',#16613);
#4753=VERTEX_POINT('',#16617);
#4754=VERTEX_POINT('',#16621);
#4755=VERTEX_POINT('',#16623);
#4756=VERTEX_POINT('',#16626);
#4757=VERTEX_POINT('',#16630);
#4758=VERTEX_POINT('',#16634);
#4759=VERTEX_POINT('',#16637);
#4760=VERTEX_POINT('',#16641);
#4761=VERTEX_POINT('',#16644);
#4762=VERTEX_POINT('',#16648);
#4763=VERTEX_POINT('',#16651);
#4764=VERTEX_POINT('',#16655);
#4765=VERTEX_POINT('',#16658);
#4766=VERTEX_POINT('',#16662);
#4767=VERTEX_POINT('',#16665);
#4768=VERTEX_POINT('',#16669);
#4769=VERTEX_POINT('',#16673);
#4770=VERTEX_POINT('',#16679);
#4771=VERTEX_POINT('',#16681);
#4772=VERTEX_POINT('',#16685);
#4773=VERTEX_POINT('',#16687);
#4774=VERTEX_POINT('',#16694);
#4775=VERTEX_POINT('',#16696);
#4776=VERTEX_POINT('',#16700);
#4777=VERTEX_POINT('',#16702);
#4778=VERTEX_POINT('',#16709);
#4779=VERTEX_POINT('',#16710);
#4780=VERTEX_POINT('',#16712);
#4781=VERTEX_POINT('',#16714);
#4782=VERTEX_POINT('',#16716);
#4783=VERTEX_POINT('',#16718);
#4784=VERTEX_POINT('',#16720);
#4785=VERTEX_POINT('',#16722);
#4786=VERTEX_POINT('',#16725);
#4787=VERTEX_POINT('',#16726);
#4788=VERTEX_POINT('',#16728);
#4789=VERTEX_POINT('',#16730);
#4790=VERTEX_POINT('',#16734);
#4791=VERTEX_POINT('',#16736);
#4792=VERTEX_POINT('',#16739);
#4793=VERTEX_POINT('',#16741);
#4794=VERTEX_POINT('',#16745);
#4795=VERTEX_POINT('',#16746);
#4796=VERTEX_POINT('',#16748);
#4797=VERTEX_POINT('',#16750);
#4798=VERTEX_POINT('',#16752);
#4799=VERTEX_POINT('',#16754);
#4800=VERTEX_POINT('',#16756);
#4801=VERTEX_POINT('',#16758);
#4802=VERTEX_POINT('',#16761);
#4803=VERTEX_POINT('',#16762);
#4804=VERTEX_POINT('',#16764);
#4805=VERTEX_POINT('',#16766);
#4806=VERTEX_POINT('',#16770);
#4807=VERTEX_POINT('',#16772);
#4808=VERTEX_POINT('',#16778);
#4809=VERTEX_POINT('',#16779);
#4810=VERTEX_POINT('',#16781);
#4811=VERTEX_POINT('',#16783);
#4812=VERTEX_POINT('',#16788);
#4813=VERTEX_POINT('',#16790);
#4814=VERTEX_POINT('',#16792);
#4815=VERTEX_POINT('',#16796);
#4816=VERTEX_POINT('',#16797);
#4817=VERTEX_POINT('',#16799);
#4818=VERTEX_POINT('',#16803);
#4819=VERTEX_POINT('',#16804);
#4820=VERTEX_POINT('',#16806);
#4821=VERTEX_POINT('',#16810);
#4822=VERTEX_POINT('',#16811);
#4823=VERTEX_POINT('',#16813);
#4824=VERTEX_POINT('',#16817);
#4825=VERTEX_POINT('',#16818);
#4826=VERTEX_POINT('',#16820);
#4827=VERTEX_POINT('',#16824);
#4828=VERTEX_POINT('',#16825);
#4829=VERTEX_POINT('',#16827);
#4830=VERTEX_POINT('',#16831);
#4831=VERTEX_POINT('',#16832);
#4832=VERTEX_POINT('',#16834);
#4833=VERTEX_POINT('',#16838);
#4834=VERTEX_POINT('',#16839);
#4835=VERTEX_POINT('',#16841);
#4836=VERTEX_POINT('',#16845);
#4837=VERTEX_POINT('',#16846);
#4838=VERTEX_POINT('',#16848);
#4839=VERTEX_POINT('',#16852);
#4840=VERTEX_POINT('',#16853);
#4841=VERTEX_POINT('',#16855);
#4842=VERTEX_POINT('',#16857);
#4843=VERTEX_POINT('',#16861);
#4844=VERTEX_POINT('',#16863);
#4845=VERTEX_POINT('',#16865);
#4846=VERTEX_POINT('',#16867);
#4847=VERTEX_POINT('',#16871);
#4848=VERTEX_POINT('',#16872);
#4849=VERTEX_POINT('',#16874);
#4850=VERTEX_POINT('',#16876);
#4851=VERTEX_POINT('',#16881);
#4852=VERTEX_POINT('',#16883);
#4853=VERTEX_POINT('',#16887);
#4854=VERTEX_POINT('',#16889);
#4855=VERTEX_POINT('',#16896);
#4856=VERTEX_POINT('',#16898);
#4857=VERTEX_POINT('',#16902);
#4858=VERTEX_POINT('',#16904);
#4859=VERTEX_POINT('',#16908);
#4860=VERTEX_POINT('',#16910);
#4861=VERTEX_POINT('',#16914);
#4862=VERTEX_POINT('',#16916);
#4863=VERTEX_POINT('',#16920);
#4864=VERTEX_POINT('',#16922);
#4865=VERTEX_POINT('',#16926);
#4866=VERTEX_POINT('',#16928);
#4867=VERTEX_POINT('',#16930);
#4868=VERTEX_POINT('',#16932);
#4869=VERTEX_POINT('',#16945);
#4870=VERTEX_POINT('',#16961);
#4871=VERTEX_POINT('',#16965);
#4872=VERTEX_POINT('',#16979);
#4873=VERTEX_POINT('',#16993);
#4874=VERTEX_POINT('',#16994);
#4875=VERTEX_POINT('',#16996);
#4876=VERTEX_POINT('',#16998);
#4877=VERTEX_POINT('',#17005);
#4878=VERTEX_POINT('',#17008);
#4879=VERTEX_POINT('',#17012);
#4880=VERTEX_POINT('',#17017);
#4881=VERTEX_POINT('',#17019);
#4882=VERTEX_POINT('',#17021);
#4883=VERTEX_POINT('',#17025);
#4884=VERTEX_POINT('',#17031);
#4885=VERTEX_POINT('',#17034);
#4886=VERTEX_POINT('',#17038);
#4887=VERTEX_POINT('',#17043);
#4888=VERTEX_POINT('',#17045);
#4889=VERTEX_POINT('',#17049);
#4890=VERTEX_POINT('',#17051);
#4891=VERTEX_POINT('',#17059);
#4892=VERTEX_POINT('',#17062);
#4893=VERTEX_POINT('',#17064);
#4894=VERTEX_POINT('',#17068);
#4895=VERTEX_POINT('',#17070);
#4896=VERTEX_POINT('',#17078);
#4897=VERTEX_POINT('',#17081);
#4898=VERTEX_POINT('',#17083);
#4899=VERTEX_POINT('',#17087);
#4900=VERTEX_POINT('',#17089);
#4901=VERTEX_POINT('',#17097);
#4902=VERTEX_POINT('',#17100);
#4903=VERTEX_POINT('',#17102);
#4904=VERTEX_POINT('',#17106);
#4905=VERTEX_POINT('',#17108);
#4906=VERTEX_POINT('',#17116);
#4907=VERTEX_POINT('',#17119);
#4908=VERTEX_POINT('',#17124);
#4909=VERTEX_POINT('',#17129);
#4910=VERTEX_POINT('',#17134);
#4911=VERTEX_POINT('',#17140);
#4912=VERTEX_POINT('',#17142);
#4913=VERTEX_POINT('',#17146);
#4914=VERTEX_POINT('',#17148);
#4915=VERTEX_POINT('',#17155);
#4916=VERTEX_POINT('',#17156);
#4917=VERTEX_POINT('',#17158);
#4918=VERTEX_POINT('',#17160);
#4919=VERTEX_POINT('',#17162);
#4920=VERTEX_POINT('',#17164);
#4921=VERTEX_POINT('',#17168);
#4922=VERTEX_POINT('',#17170);
#4923=VERTEX_POINT('',#17174);
#4924=VERTEX_POINT('',#17178);
#4925=VERTEX_POINT('',#17180);
#4926=VERTEX_POINT('',#17182);
#4927=VERTEX_POINT('',#17184);
#4928=VERTEX_POINT('',#17186);
#4929=VERTEX_POINT('',#17188);
#4930=VERTEX_POINT('',#17190);
#4931=VERTEX_POINT('',#17194);
#4932=VERTEX_POINT('',#17196);
#4933=VERTEX_POINT('',#17200);
#4934=VERTEX_POINT('',#17201);
#4935=VERTEX_POINT('',#17203);
#4936=VERTEX_POINT('',#17205);
#4937=VERTEX_POINT('',#17207);
#4938=VERTEX_POINT('',#17211);
#4939=VERTEX_POINT('',#17213);
#4940=VERTEX_POINT('',#17215);
#4941=VERTEX_POINT('',#17219);
#4942=VERTEX_POINT('',#17221);
#4943=VERTEX_POINT('',#17225);
#4944=VERTEX_POINT('',#17229);
#4945=VERTEX_POINT('',#17230);
#4946=VERTEX_POINT('',#17232);
#4947=VERTEX_POINT('',#17234);
#4948=VERTEX_POINT('',#17236);
#4949=VERTEX_POINT('',#17238);
#4950=VERTEX_POINT('',#17241);
#4951=VERTEX_POINT('',#17244);
#4952=VERTEX_POINT('',#17246);
#4953=VERTEX_POINT('',#17249);
#4954=VERTEX_POINT('',#17251);
#4955=VERTEX_POINT('',#17253);
#4956=VERTEX_POINT('',#17255);
#4957=VERTEX_POINT('',#17257);
#4958=VERTEX_POINT('',#17259);
#4959=VERTEX_POINT('',#17262);
#4960=VERTEX_POINT('',#17266);
#4961=VERTEX_POINT('',#17270);
#4962=VERTEX_POINT('',#17272);
#4963=VERTEX_POINT('',#17277);
#4964=VERTEX_POINT('',#17278);
#4965=VERTEX_POINT('',#17280);
#4966=VERTEX_POINT('',#17282);
#4967=VERTEX_POINT('',#17284);
#4968=VERTEX_POINT('',#17286);
#4969=VERTEX_POINT('',#17288);
#4970=VERTEX_POINT('',#17290);
#4971=VERTEX_POINT('',#17292);
#4972=VERTEX_POINT('',#17294);
#4973=VERTEX_POINT('',#17298);
#4974=VERTEX_POINT('',#17299);
#4975=VERTEX_POINT('',#17301);
#4976=VERTEX_POINT('',#17303);
#4977=VERTEX_POINT('',#17307);
#4978=VERTEX_POINT('',#17309);
#4979=VERTEX_POINT('',#17313);
#4980=VERTEX_POINT('',#17317);
#4981=VERTEX_POINT('',#17318);
#4982=VERTEX_POINT('',#17321);
#4983=VERTEX_POINT('',#17323);
#4984=VERTEX_POINT('',#17325);
#4985=VERTEX_POINT('',#17330);
#4986=VERTEX_POINT('',#17331);
#4987=VERTEX_POINT('',#17333);
#4988=VERTEX_POINT('',#17335);
#4989=VERTEX_POINT('',#17339);
#4990=VERTEX_POINT('',#17341);
#4991=VERTEX_POINT('',#17345);
#4992=VERTEX_POINT('',#17346);
#4993=VERTEX_POINT('',#17351);
#4994=VERTEX_POINT('',#17352);
#4995=VERTEX_POINT('',#17354);
#4996=VERTEX_POINT('',#17357);
#4997=VERTEX_POINT('',#17359);
#4998=VERTEX_POINT('',#17389);
#4999=VERTEX_POINT('',#17391);
#5000=VERTEX_POINT('',#17396);
#5001=VERTEX_POINT('',#17398);
#5002=VERTEX_POINT('',#17400);
#5003=VERTEX_POINT('',#17403);
#5004=VERTEX_POINT('',#17405);
#5005=VERTEX_POINT('',#17419);
#5006=VERTEX_POINT('',#17420);
#5007=VERTEX_POINT('',#17425);
#5008=VERTEX_POINT('',#17427);
#5009=VERTEX_POINT('',#17429);
#5010=VERTEX_POINT('',#17431);
#5011=VERTEX_POINT('',#17434);
#5012=VERTEX_POINT('',#17436);
#5013=VERTEX_POINT('',#17457);
#5014=VERTEX_POINT('',#17459);
#5015=VERTEX_POINT('',#17463);
#5016=VERTEX_POINT('',#17465);
#5017=VERTEX_POINT('',#17472);
#5018=VERTEX_POINT('',#17474);
#5019=VERTEX_POINT('',#17478);
#5020=VERTEX_POINT('',#17480);
#5021=VERTEX_POINT('',#17487);
#5022=VERTEX_POINT('',#17489);
#5023=VERTEX_POINT('',#17493);
#5024=VERTEX_POINT('',#17495);
#5025=VERTEX_POINT('',#17502);
#5026=VERTEX_POINT('',#17504);
#5027=VERTEX_POINT('',#17508);
#5028=VERTEX_POINT('',#17510);
#5029=VERTEX_POINT('',#17514);
#5030=VERTEX_POINT('',#17516);
#5031=VERTEX_POINT('',#17520);
#5032=VERTEX_POINT('',#17522);
#5033=VERTEX_POINT('',#17526);
#5034=VERTEX_POINT('',#17528);
#5035=VERTEX_POINT('',#17531);
#5036=VERTEX_POINT('',#17535);
#5037=VERTEX_POINT('',#17538);
#5038=VERTEX_POINT('',#17542);
#5039=VERTEX_POINT('',#17546);
#5040=VERTEX_POINT('',#17549);
#5041=VERTEX_POINT('',#17553);
#5042=VERTEX_POINT('',#17557);
#5043=VERTEX_POINT('',#17564);
#5044=VERTEX_POINT('',#17566);
#5045=VERTEX_POINT('',#17570);
#5046=VERTEX_POINT('',#17572);
#5047=VERTEX_POINT('',#17574);
#5048=VERTEX_POINT('',#17576);
#5049=VERTEX_POINT('',#17578);
#5050=VERTEX_POINT('',#17581);
#5051=VERTEX_POINT('',#17584);
#5052=VERTEX_POINT('',#17588);
#5053=VERTEX_POINT('',#17592);
#5054=VERTEX_POINT('',#17596);
#5055=VERTEX_POINT('',#17600);
#5056=VERTEX_POINT('',#17604);
#5057=EDGE_CURVE('',#4170,#4171,#4132,.T.);
#5058=EDGE_CURVE('',#4172,#4170,#4133,.T.);
#5059=EDGE_CURVE('',#4172,#4173,#2418,.T.);
#5060=EDGE_CURVE('',#4173,#4173,#1995,.T.);
#5061=EDGE_CURVE('',#4174,#4172,#4134,.T.);
#5062=EDGE_CURVE('',#4171,#4174,#4135,.T.);
#5063=EDGE_CURVE('',#4175,#4175,#1996,.T.);
#5064=EDGE_CURVE('',#4176,#4176,#1997,.T.);
#5065=EDGE_CURVE('',#4176,#4171,#2419,.T.);
#5066=EDGE_CURVE('',#4172,#4177,#2420,.T.);
#5067=EDGE_CURVE('',#4177,#4177,#1998,.T.);
#5068=EDGE_CURVE('',#4178,#4178,#1999,.T.);
#5069=EDGE_CURVE('',#4179,#4180,#2000,.T.);
#5070=EDGE_CURVE('',#4179,#4178,#2421,.T.);
#5071=EDGE_CURVE('',#4180,#4179,#2001,.T.);
#5072=EDGE_CURVE('',#4181,#4182,#170,.T.);
#5073=EDGE_CURVE('',#4183,#4181,#2002,.T.);
#5074=EDGE_CURVE('',#4183,#4180,#2003,.T.);
#5075=EDGE_CURVE('',#4182,#4183,#2004,.T.);
#5076=EDGE_CURVE('',#4184,#4184,#2005,.T.);
#5077=EDGE_CURVE('',#4185,#4186,#2006,.T.);
#5078=EDGE_CURVE('',#4186,#4185,#2007,.T.);
#5079=EDGE_CURVE('',#4186,#4184,#2422,.T.);
#5080=EDGE_CURVE('',#4187,#4187,#2008,.T.);
#5081=EDGE_CURVE('',#4187,#4185,#2423,.T.);
#5082=EDGE_CURVE('',#4188,#4188,#2009,.T.);
#5083=EDGE_CURVE('',#4189,#4189,#2010,.T.);
#5084=EDGE_CURVE('',#4189,#4188,#2424,.T.);
#5085=EDGE_CURVE('',#4190,#4190,#2011,.T.);
#5086=EDGE_CURVE('',#4191,#4192,#2012,.T.);
#5087=EDGE_CURVE('',#4192,#4191,#2013,.T.);
#5088=EDGE_CURVE('',#4192,#4190,#2425,.T.);
#5089=EDGE_CURVE('',#4193,#4193,#2014,.T.);
#5090=EDGE_CURVE('',#4193,#4191,#2426,.T.);
#5091=EDGE_CURVE('',#4194,#4194,#2015,.T.);
#5092=EDGE_CURVE('',#4195,#4196,#2016,.T.);
#5093=EDGE_CURVE('',#4196,#4195,#2017,.T.);
#5094=EDGE_CURVE('',#4196,#4194,#2427,.T.);
#5095=EDGE_CURVE('',#4197,#4198,#2018,.T.);
#5096=EDGE_CURVE('',#4199,#4197,#171,.T.);
#5097=EDGE_CURVE('',#4200,#4199,#172,.T.);
#5098=EDGE_CURVE('',#4200,#4195,#2428,.T.);
#5099=EDGE_CURVE('',#4201,#4200,#173,.T.);
#5100=EDGE_CURVE('',#4198,#4201,#174,.T.);
#5101=EDGE_CURVE('',#4202,#4198,#175,.T.);
#5102=EDGE_CURVE('',#4202,#4203,#2429,.T.);
#5103=EDGE_CURVE('',#4203,#4203,#2019,.T.);
#5104=EDGE_CURVE('',#4197,#4202,#176,.T.);
#5105=EDGE_CURVE('',#4204,#4204,#2020,.T.);
#5106=EDGE_CURVE('',#4204,#4199,#2430,.T.);
#5107=EDGE_CURVE('',#4201,#4205,#2431,.T.);
#5108=EDGE_CURVE('',#4205,#4205,#2021,.T.);
#5109=EDGE_CURVE('',#4206,#4207,#177,.T.);
#5110=EDGE_CURVE('',#4207,#4208,#178,.T.);
#5111=EDGE_CURVE('',#4208,#4206,#179,.T.);
#5112=EDGE_CURVE('',#4209,#4209,#2022,.T.);
#5113=EDGE_CURVE('',#4210,#4210,#2023,.T.);
#5114=EDGE_CURVE('',#4210,#4207,#2432,.T.);
#5115=EDGE_CURVE('',#4206,#4211,#2024,.T.);
#5116=EDGE_CURVE('',#4212,#4211,#180,.F.);
#5117=EDGE_CURVE('',#4212,#4208,#2025,.T.);
#5118=EDGE_CURVE('',#4210,#4213,#2433,.T.);
#5119=EDGE_CURVE('',#4213,#4213,#2026,.T.);
#5120=EDGE_CURVE('',#4214,#4214,#2027,.T.);
#5121=EDGE_CURVE('',#4215,#4216,#2028,.T.);
#5122=EDGE_CURVE('',#4216,#4215,#2029,.T.);
#5123=EDGE_CURVE('',#4216,#4214,#2434,.T.);
#5124=EDGE_CURVE('',#4215,#4217,#2435,.T.);
#5125=EDGE_CURVE('',#4217,#4217,#2030,.T.);
#5126=EDGE_CURVE('',#4218,#4218,#2031,.T.);
#5127=EDGE_CURVE('',#4219,#4219,#2032,.T.);
#5128=EDGE_CURVE('',#4219,#4218,#2436,.T.);
#5129=EDGE_CURVE('',#4220,#4220,#2033,.T.);
#5130=EDGE_CURVE('',#4221,#4222,#2034,.T.);
#5131=EDGE_CURVE('',#4222,#4221,#2035,.T.);
#5132=EDGE_CURVE('',#4222,#4220,#2437,.T.);
#5133=EDGE_CURVE('',#4221,#4223,#2438,.T.);
#5134=EDGE_CURVE('',#4223,#4223,#2036,.T.);
#5135=EDGE_CURVE('',#4224,#4224,#2037,.T.);
#5136=EDGE_CURVE('',#4225,#4226,#2038,.T.);
#5137=EDGE_CURVE('',#4226,#4225,#2039,.T.);
#5138=EDGE_CURVE('',#4226,#4224,#2040,.T.);
#5139=EDGE_CURVE('',#4175,#4225,#2439,.T.);
#5140=EDGE_CURVE('',#4227,#4212,#181,.T.);
#5141=EDGE_CURVE('',#4227,#4228,#2440,.T.);
#5142=EDGE_CURVE('',#4228,#4228,#2041,.T.);
#5143=EDGE_CURVE('',#4211,#4227,#182,.T.);
#5144=EDGE_CURVE('',#4228,#4229,#2441,.T.);
#5145=EDGE_CURVE('',#4230,#4229,#4136,.T.);
#5146=EDGE_CURVE('',#4231,#4230,#4137,.T.);
#5147=EDGE_CURVE('',#4232,#4231,#4138,.T.);
#5148=EDGE_CURVE('',#4229,#4232,#4139,.T.);
#5149=EDGE_CURVE('',#4233,#4233,#2042,.T.);
#5150=EDGE_CURVE('',#4233,#4229,#2442,.T.);
#5151=EDGE_CURVE('',#4231,#4203,#2443,.T.);
#5152=EDGE_CURVE('',#4234,#4235,#2043,.T.);
#5153=EDGE_CURVE('',#4236,#4234,#183,.T.);
#5154=EDGE_CURVE('',#4236,#4233,#2444,.T.);
#5155=EDGE_CURVE('',#4235,#4236,#184,.T.);
#5156=EDGE_CURVE('',#4237,#4237,#2044,.T.);
#5157=EDGE_CURVE('',#4237,#4238,#2445,.T.);
#5158=EDGE_CURVE('',#4239,#4238,#185,.T.);
#5159=EDGE_CURVE('',#4234,#4239,#186,.T.);
#5160=EDGE_CURVE('',#4240,#4235,#187,.T.);
#5161=EDGE_CURVE('',#4238,#4240,#188,.T.);
#5162=EDGE_CURVE('',#4237,#4241,#2446,.T.);
#5163=EDGE_CURVE('',#4241,#4241,#2045,.T.);
#5164=EDGE_CURVE('',#4242,#4242,#2046,.T.);
#5165=EDGE_CURVE('',#4243,#4244,#2047,.T.);
#5166=EDGE_CURVE('',#4244,#4243,#2048,.T.);
#5167=EDGE_CURVE('',#4244,#4242,#2447,.T.);
#5168=EDGE_CURVE('',#4243,#4245,#2448,.T.);
#5169=EDGE_CURVE('',#4245,#4245,#2049,.T.);
#5170=EDGE_CURVE('',#4246,#4246,#2050,.T.);
#5171=EDGE_CURVE('',#4247,#4247,#2051,.T.);
#5172=EDGE_CURVE('',#4247,#4246,#2449,.T.);
#5173=EDGE_CURVE('',#4248,#4248,#2052,.T.);
#5174=EDGE_CURVE('',#4249,#4250,#2053,.T.);
#5175=EDGE_CURVE('',#4250,#4249,#2054,.T.);
#5176=EDGE_CURVE('',#4250,#4248,#2450,.T.);
#5177=EDGE_CURVE('',#4249,#4251,#2451,.T.);
#5178=EDGE_CURVE('',#4251,#4251,#2055,.T.);
#5179=EDGE_CURVE('',#4252,#4252,#2056,.T.);
#5180=EDGE_CURVE('',#4253,#4254,#2057,.T.);
#5181=EDGE_CURVE('',#4254,#4253,#2058,.T.);
#5182=EDGE_CURVE('',#4254,#4252,#2059,.T.);
#5183=EDGE_CURVE('',#4255,#4255,#2060,.T.);
#5184=EDGE_CURVE('',#4255,#4253,#2452,.T.);
#5185=EDGE_CURVE('',#4256,#4256,#2061,.T.);
#5186=EDGE_CURVE('',#4256,#4239,#2453,.T.);
#5187=EDGE_CURVE('',#4240,#4257,#2454,.T.);
#5188=EDGE_CURVE('',#4257,#4257,#2062,.T.);
#5189=EDGE_CURVE('',#4258,#4258,#2063,.T.);
#5190=EDGE_CURVE('',#4259,#4259,#2064,.T.);
#5191=EDGE_CURVE('',#4258,#4259,#2455,.T.);
#5192=EDGE_CURVE('',#4260,#4260,#2065,.T.);
#5193=EDGE_CURVE('',#4209,#4260,#2456,.T.);
#5194=EDGE_CURVE('',#4261,#4262,#4140,.T.);
#5195=EDGE_CURVE('',#4263,#4262,#2457,.T.);
#5196=EDGE_CURVE('',#4261,#4263,#2458,.T.);
#5197=EDGE_CURVE('',#4264,#4265,#2066,.T.);
#5198=EDGE_CURVE('',#4262,#4264,#2459,.T.);
#5199=EDGE_CURVE('',#4266,#4261,#4141,.T.);
#5200=EDGE_CURVE('',#4266,#4265,#2460,.T.);
#5201=EDGE_CURVE('',#4265,#4264,#2461,.T.);
#5202=EDGE_CURVE('',#4266,#4263,#2462,.T.);
#5203=EDGE_CURVE('',#4267,#4268,#2463,.T.);
#5204=EDGE_CURVE('',#4268,#4269,#2464,.T.);
#5205=EDGE_CURVE('',#4269,#4267,#2465,.T.);
#5206=EDGE_CURVE('',#4268,#4270,#4142,.T.);
#5207=EDGE_CURVE('',#4270,#4267,#4143,.T.);
#5208=EDGE_CURVE('',#4270,#4269,#2466,.T.);
#5209=EDGE_CURVE('',#4271,#4272,#2467,.T.);
#5210=EDGE_CURVE('',#4272,#4273,#2468,.T.);
#5211=EDGE_CURVE('',#4273,#4274,#2469,.T.);
#5212=EDGE_CURVE('',#4275,#4274,#2470,.T.);
#5213=EDGE_CURVE('',#4275,#4271,#2471,.T.);
#5214=EDGE_CURVE('',#4272,#4276,#4144,.T.);
#5215=EDGE_CURVE('',#4275,#4271,#2067,.T.);
#5216=EDGE_CURVE('',#4274,#4276,#4145,.T.);
#5217=EDGE_CURVE('',#4276,#4273,#2472,.T.);
#5218=EDGE_CURVE('',#4277,#4278,#2473,.T.);
#5219=EDGE_CURVE('',#4278,#4279,#2474,.T.);
#5220=EDGE_CURVE('',#4279,#4277,#2475,.T.);
#5221=EDGE_CURVE('',#4280,#4277,#4146,.T.);
#5222=EDGE_CURVE('',#4280,#4278,#2068,.T.);
#5223=EDGE_CURVE('',#4280,#4279,#2476,.T.);
#5224=EDGE_CURVE('',#4281,#4282,#2477,.T.);
#5225=EDGE_CURVE('',#4281,#4282,#2069,.T.);
#5226=EDGE_CURVE('',#4282,#4283,#2478,.T.);
#5227=EDGE_CURVE('',#4283,#4284,#2479,.T.);
#5228=EDGE_CURVE('',#4284,#4285,#2480,.T.);
#5229=EDGE_CURVE('',#4281,#4285,#2481,.T.);
#5230=EDGE_CURVE('',#4283,#4286,#4147,.T.);
#5231=EDGE_CURVE('',#4285,#4286,#2070,.T.);
#5232=EDGE_CURVE('',#4286,#4284,#2482,.T.);
#5233=EDGE_CURVE('',#4287,#4288,#2071,.T.);
#5234=EDGE_CURVE('',#4289,#4288,#2483,.T.);
#5235=EDGE_CURVE('',#4290,#4289,#2072,.T.);
#5236=EDGE_CURVE('',#4290,#4287,#2484,.T.);
#5237=EDGE_CURVE('',#4291,#4291,#2073,.T.);
#5238=EDGE_CURVE('',#4287,#4292,#2485,.T.);
#5239=EDGE_CURVE('',#4292,#4293,#2074,.T.);
#5240=EDGE_CURVE('',#4293,#4288,#2486,.T.);
#5241=EDGE_CURVE('',#4294,#4295,#2487,.T.);
#5242=EDGE_CURVE('',#4295,#4296,#2075,.T.);
#5243=EDGE_CURVE('',#4296,#4297,#2488,.T.);
#5244=EDGE_CURVE('',#4294,#4297,#2076,.T.);
#5245=EDGE_CURVE('',#4298,#4299,#2489,.T.);
#5246=EDGE_CURVE('',#4299,#4300,#2077,.T.);
#5247=EDGE_CURVE('',#4300,#4301,#2490,.T.);
#5248=EDGE_CURVE('',#4298,#4301,#2078,.T.);
#5249=EDGE_CURVE('',#4302,#4303,#2491,.T.);
#5250=EDGE_CURVE('',#4303,#4304,#2079,.T.);
#5251=EDGE_CURVE('',#4304,#4305,#2492,.T.);
#5252=EDGE_CURVE('',#4302,#4305,#2080,.T.);
#5253=EDGE_CURVE('',#4291,#4306,#2493,.T.);
#5254=EDGE_CURVE('',#4306,#4306,#2081,.T.);
#5255=EDGE_CURVE('',#4307,#4308,#2082,.T.);
#5256=EDGE_CURVE('',#4308,#4309,#189,.T.);
#5257=EDGE_CURVE('',#4310,#4309,#2083,.T.);
#5258=EDGE_CURVE('',#4310,#4307,#190,.T.);
#5259=EDGE_CURVE('',#4311,#4312,#2084,.T.);
#5260=EDGE_CURVE('',#4312,#4313,#191,.T.);
#5261=EDGE_CURVE('',#4314,#4313,#2085,.T.);
#5262=EDGE_CURVE('',#4314,#4311,#192,.T.);
#5263=EDGE_CURVE('',#4315,#4316,#2086,.T.);
#5264=EDGE_CURVE('',#4317,#4316,#2494,.T.);
#5265=EDGE_CURVE('',#4318,#4317,#2495,.T.);
#5266=EDGE_CURVE('',#4318,#4319,#2496,.T.);
#5267=EDGE_CURVE('',#4320,#4319,#2497,.T.);
#5268=EDGE_CURVE('',#4321,#4320,#2498,.T.);
#5269=EDGE_CURVE('',#4322,#4321,#2499,.T.);
#5270=EDGE_CURVE('',#4322,#4323,#2500,.T.);
#5271=EDGE_CURVE('',#4323,#4324,#2087,.T.);
#5272=EDGE_CURVE('',#4324,#4325,#2501,.T.);
#5273=EDGE_CURVE('',#4325,#4326,#2088,.T.);
#5274=EDGE_CURVE('',#4326,#4325,#2089,.T.);
#5275=EDGE_CURVE('',#4325,#4315,#2502,.T.);
#5276=EDGE_CURVE('',#4327,#4307,#2503,.T.);
#5277=EDGE_CURVE('',#4328,#4327,#2090,.T.);
#5278=EDGE_CURVE('',#4328,#4308,#2504,.T.);
#5279=EDGE_CURVE('',#4329,#4330,#2091,.T.);
#5280=EDGE_CURVE('',#4312,#4329,#2505,.T.);
#5281=EDGE_CURVE('',#4311,#4330,#2506,.T.);
#5282=EDGE_CURVE('',#4331,#4328,#193,.T.);
#5283=EDGE_CURVE('',#4331,#4309,#2507,.T.);
#5284=EDGE_CURVE('',#4330,#4332,#194,.T.);
#5285=EDGE_CURVE('',#4314,#4332,#2508,.T.);
#5286=EDGE_CURVE('',#4326,#4333,#2509,.T.);
#5287=EDGE_CURVE('',#4334,#4333,#2092,.T.);
#5288=EDGE_CURVE('',#4334,#4335,#2510,.T.);
#5289=EDGE_CURVE('',#4335,#4336,#2093,.T.);
#5290=EDGE_CURVE('',#4337,#4336,#2511,.T.);
#5291=EDGE_CURVE('',#4338,#4337,#2094,.T.);
#5292=EDGE_CURVE('',#4338,#4339,#2512,.T.);
#5293=EDGE_CURVE('',#4340,#4339,#2095,.T.);
#5294=EDGE_CURVE('',#4341,#4340,#2513,.T.);
#5295=EDGE_CURVE('',#4342,#4341,#2096,.T.);
#5296=EDGE_CURVE('',#4342,#4343,#2514,.T.);
#5297=EDGE_CURVE('',#4343,#4344,#2097,.T.);
#5298=EDGE_CURVE('',#4345,#4344,#2515,.T.);
#5299=EDGE_CURVE('',#4345,#4346,#2098,.T.);
#5300=EDGE_CURVE('',#4346,#4347,#2516,.T.);
#5301=EDGE_CURVE('',#4347,#4348,#2099,.T.);
#5302=EDGE_CURVE('',#4349,#4348,#2517,.T.);
#5303=EDGE_CURVE('',#4349,#4350,#2100,.T.);
#5304=EDGE_CURVE('',#4350,#4351,#2518,.T.);
#5305=EDGE_CURVE('',#4352,#4351,#2101,.T.);
#5306=EDGE_CURVE('',#4353,#4352,#2519,.T.);
#5307=EDGE_CURVE('',#4353,#4354,#2102,.T.);
#5308=EDGE_CURVE('',#4354,#4355,#2520,.T.);
#5309=EDGE_CURVE('',#4355,#4356,#2103,.T.);
#5310=EDGE_CURVE('',#4357,#4356,#2521,.T.);
#5311=EDGE_CURVE('',#4333,#4357,#2104,.T.);
#5312=EDGE_CURVE('',#4358,#4359,#2105,.T.);
#5313=EDGE_CURVE('',#4358,#4360,#2522,.T.);
#5314=EDGE_CURVE('',#4360,#4361,#2106,.T.);
#5315=EDGE_CURVE('',#4359,#4361,#2523,.T.);
#5316=EDGE_CURVE('',#4332,#4362,#2107,.T.);
#5317=EDGE_CURVE('',#4362,#4329,#195,.T.);
#5318=EDGE_CURVE('',#4327,#4363,#196,.T.);
#5319=EDGE_CURVE('',#4363,#4331,#2108,.T.);
#5320=EDGE_CURVE('',#4363,#4310,#2524,.T.);
#5321=EDGE_CURVE('',#4313,#4362,#2525,.T.);
#5322=EDGE_CURVE('',#4340,#4364,#2526,.T.);
#5323=EDGE_CURVE('',#4365,#4339,#2527,.T.);
#5324=EDGE_CURVE('',#4364,#4365,#2109,.T.);
#5325=EDGE_CURVE('',#4336,#4366,#2528,.T.);
#5326=EDGE_CURVE('',#4367,#4335,#2529,.T.);
#5327=EDGE_CURVE('',#4366,#4367,#2110,.T.);
#5328=EDGE_CURVE('',#4344,#4368,#2530,.T.);
#5329=EDGE_CURVE('',#4369,#4343,#2531,.T.);
#5330=EDGE_CURVE('',#4368,#4369,#2111,.T.);
#5331=EDGE_CURVE('',#4370,#4364,#2532,.T.);
#5332=EDGE_CURVE('',#4371,#4370,#2533,.T.);
#5333=EDGE_CURVE('',#4341,#4371,#2534,.T.);
#5334=EDGE_CURVE('',#4372,#4373,#2112,.T.);
#5335=EDGE_CURVE('',#4350,#4373,#2535,.T.);
#5336=EDGE_CURVE('',#4372,#4349,#2536,.T.);
#5337=EDGE_CURVE('',#4374,#4353,#2537,.T.);
#5338=EDGE_CURVE('',#4374,#4375,#2113,.T.);
#5339=EDGE_CURVE('',#4354,#4375,#2538,.T.);
#5340=EDGE_CURVE('',#4371,#4376,#2114,.T.);
#5341=EDGE_CURVE('',#4376,#4342,#2539,.T.);
#5342=EDGE_CURVE('',#4377,#4338,#2540,.T.);
#5343=EDGE_CURVE('',#4337,#4378,#2541,.T.);
#5344=EDGE_CURVE('',#4378,#4377,#2115,.T.);
#5345=EDGE_CURVE('',#4379,#4334,#2542,.T.);
#5346=EDGE_CURVE('',#4380,#4357,#2543,.T.);
#5347=EDGE_CURVE('',#4380,#4379,#2116,.T.);
#5348=EDGE_CURVE('',#4345,#4381,#2544,.T.);
#5349=EDGE_CURVE('',#4381,#4382,#2117,.T.);
#5350=EDGE_CURVE('',#4346,#4382,#2545,.T.);
#5351=EDGE_CURVE('',#4383,#4384,#2118,.T.);
#5352=EDGE_CURVE('',#4373,#4384,#2546,.T.);
#5353=EDGE_CURVE('',#4372,#4383,#2547,.T.);
#5354=EDGE_CURVE('',#4374,#4385,#2548,.T.);
#5355=EDGE_CURVE('',#4385,#4386,#2119,.T.);
#5356=EDGE_CURVE('',#4375,#4386,#2549,.T.);
#5357=EDGE_CURVE('',#4387,#4370,#2120,.T.);
#5358=EDGE_CURVE('',#4376,#4387,#2550,.T.);
#5359=EDGE_CURVE('',#4377,#4388,#2551,.T.);
#5360=EDGE_CURVE('',#4378,#4389,#2552,.T.);
#5361=EDGE_CURVE('',#4388,#4389,#2121,.T.);
#5362=EDGE_CURVE('',#4379,#4390,#2553,.T.);
#5363=EDGE_CURVE('',#4380,#4391,#2554,.T.);
#5364=EDGE_CURVE('',#4390,#4391,#2122,.T.);
#5365=EDGE_CURVE('',#4381,#4392,#2555,.T.);
#5366=EDGE_CURVE('',#4393,#4392,#2123,.T.);
#5367=EDGE_CURVE('',#4382,#4393,#2556,.T.);
#5368=EDGE_CURVE('',#4387,#4392,#2124,.T.);
#5369=EDGE_CURVE('',#4388,#4370,#2125,.T.);
#5370=EDGE_CURVE('',#4390,#4389,#2126,.T.);
#5371=EDGE_CURVE('',#4391,#4386,#2127,.T.);
#5372=EDGE_CURVE('',#4385,#4384,#2128,.T.);
#5373=EDGE_CURVE('',#4383,#4393,#2129,.T.);
#5374=EDGE_CURVE('',#4394,#4394,#2130,.T.);
#5375=EDGE_CURVE('',#4395,#4395,#2131,.T.);
#5376=EDGE_CURVE('',#4396,#4396,#2132,.T.);
#5377=EDGE_CURVE('',#4396,#4394,#2133,.T.);
#5378=EDGE_CURVE('',#4290,#4397,#2557,.T.);
#5379=EDGE_CURVE('',#4398,#4289,#2558,.T.);
#5380=EDGE_CURVE('',#4397,#4398,#2134,.T.);
#5381=EDGE_CURVE('',#4399,#4400,#2559,.T.);
#5382=EDGE_CURVE('',#4399,#4401,#2135,.T.);
#5383=EDGE_CURVE('',#4402,#4401,#2560,.T.);
#5384=EDGE_CURVE('',#4400,#4402,#2136,.T.);
#5385=EDGE_CURVE('',#4403,#4404,#2561,.T.);
#5386=EDGE_CURVE('',#4403,#4405,#2137,.T.);
#5387=EDGE_CURVE('',#4406,#4405,#2562,.T.);
#5388=EDGE_CURVE('',#4404,#4406,#2138,.T.);
#5389=EDGE_CURVE('',#4407,#4408,#2563,.T.);
#5390=EDGE_CURVE('',#4407,#4409,#2139,.T.);
#5391=EDGE_CURVE('',#4410,#4409,#2564,.T.);
#5392=EDGE_CURVE('',#4408,#4410,#2140,.T.);
#5393=EDGE_CURVE('',#4411,#4411,#2141,.T.);
#5394=EDGE_CURVE('',#4397,#4292,#2565,.T.);
#5395=EDGE_CURVE('',#4398,#4293,#2566,.T.);
#5396=EDGE_CURVE('',#4399,#4294,#2567,.T.);
#5397=EDGE_CURVE('',#4400,#4295,#2568,.T.);
#5398=EDGE_CURVE('',#4402,#4296,#2569,.T.);
#5399=EDGE_CURVE('',#4401,#4297,#2570,.T.);
#5400=EDGE_CURVE('',#4403,#4298,#2571,.T.);
#5401=EDGE_CURVE('',#4404,#4299,#2572,.T.);
#5402=EDGE_CURVE('',#4406,#4300,#2573,.T.);
#5403=EDGE_CURVE('',#4405,#4301,#2574,.T.);
#5404=EDGE_CURVE('',#4407,#4302,#2575,.T.);
#5405=EDGE_CURVE('',#4408,#4303,#2576,.T.);
#5406=EDGE_CURVE('',#4410,#4304,#2577,.T.);
#5407=EDGE_CURVE('',#4409,#4305,#2578,.T.);
#5408=EDGE_CURVE('',#4411,#4412,#2142,.T.);
#5409=EDGE_CURVE('',#4412,#4413,#2143,.T.);
#5410=EDGE_CURVE('',#4413,#4412,#2144,.T.);
#5411=EDGE_CURVE('',#4413,#4414,#2579,.T.);
#5412=EDGE_CURVE('',#4415,#4414,#2145,.T.);
#5413=EDGE_CURVE('',#4414,#4415,#2146,.T.);
#5414=EDGE_CURVE('',#4415,#4416,#2147,.T.);
#5415=EDGE_CURVE('',#4416,#4416,#2148,.T.);
#5416=EDGE_CURVE('',#4417,#4417,#2149,.T.);
#5417=EDGE_CURVE('',#4418,#4418,#2150,.T.);
#5418=EDGE_CURVE('',#4418,#4417,#2580,.T.);
#5419=EDGE_CURVE('',#4383,#4419,#2581,.T.);
#5420=EDGE_CURVE('',#4420,#4419,#2151,.T.);
#5421=EDGE_CURVE('',#4393,#4420,#2582,.T.);
#5422=EDGE_CURVE('',#4347,#4420,#2583,.T.);
#5423=EDGE_CURVE('',#4419,#4348,#2584,.T.);
#5424=EDGE_CURVE('',#4351,#4421,#2585,.T.);
#5425=EDGE_CURVE('',#4421,#4422,#2152,.T.);
#5426=EDGE_CURVE('',#4422,#4352,#2586,.T.);
#5427=EDGE_CURVE('',#4355,#4423,#2587,.T.);
#5428=EDGE_CURVE('',#4423,#4424,#2153,.T.);
#5429=EDGE_CURVE('',#4424,#4356,#2588,.T.);
#5430=EDGE_CURVE('',#4385,#4422,#2589,.T.);
#5431=EDGE_CURVE('',#4384,#4421,#2590,.T.);
#5432=EDGE_CURVE('',#4391,#4424,#2591,.T.);
#5433=EDGE_CURVE('',#4386,#4423,#2592,.T.);
#5434=EDGE_CURVE('',#4389,#4366,#2593,.T.);
#5435=EDGE_CURVE('',#4390,#4367,#2594,.T.);
#5436=EDGE_CURVE('',#4388,#4365,#2595,.T.);
#5437=EDGE_CURVE('',#4392,#4368,#2596,.T.);
#5438=EDGE_CURVE('',#4387,#4369,#2597,.T.);
#5439=EDGE_CURVE('',#4425,#4425,#2154,.T.);
#5440=EDGE_CURVE('',#4425,#4395,#2598,.T.);
#5441=EDGE_CURVE('',#4426,#4360,#2599,.T.);
#5442=EDGE_CURVE('',#4427,#4426,#2155,.T.);
#5443=EDGE_CURVE('',#4361,#4427,#2600,.T.);
#5444=EDGE_CURVE('',#4428,#4427,#2601,.T.);
#5445=EDGE_CURVE('',#4359,#4428,#2602,.T.);
#5446=EDGE_CURVE('',#4428,#4429,#2156,.T.);
#5447=EDGE_CURVE('',#4429,#4358,#2603,.T.);
#5448=EDGE_CURVE('',#4429,#4426,#2604,.T.);
#5449=EDGE_CURVE('',#4430,#4431,#2157,.T.);
#5450=EDGE_CURVE('',#4316,#4430,#2605,.T.);
#5451=EDGE_CURVE('',#4315,#4431,#2606,.T.);
#5452=EDGE_CURVE('',#4432,#4431,#2607,.T.);
#5453=EDGE_CURVE('',#4432,#4433,#2158,.T.);
#5454=EDGE_CURVE('',#4433,#4434,#2608,.T.);
#5455=EDGE_CURVE('',#4434,#4435,#2609,.T.);
#5456=EDGE_CURVE('',#4436,#4435,#2610,.T.);
#5457=EDGE_CURVE('',#4436,#4437,#2611,.T.);
#5458=EDGE_CURVE('',#4437,#4438,#2612,.T.);
#5459=EDGE_CURVE('',#4438,#4439,#2613,.T.);
#5460=EDGE_CURVE('',#4430,#4439,#2614,.T.);
#5461=EDGE_CURVE('',#4440,#4440,#2159,.T.);
#5462=EDGE_CURVE('',#4441,#4441,#2160,.T.);
#5463=EDGE_CURVE('',#4442,#4439,#2615,.T.);
#5464=EDGE_CURVE('',#4443,#4442,#2616,.T.);
#5465=EDGE_CURVE('',#4443,#4444,#2617,.T.);
#5466=EDGE_CURVE('',#4444,#4445,#2618,.T.);
#5467=EDGE_CURVE('',#4446,#4445,#2619,.T.);
#5468=EDGE_CURVE('',#4446,#4447,#2620,.T.);
#5469=EDGE_CURVE('',#4447,#4448,#2621,.T.);
#5470=EDGE_CURVE('',#4448,#4317,#2622,.T.);
#5471=EDGE_CURVE('',#4449,#4321,#2623,.T.);
#5472=EDGE_CURVE('',#4450,#4449,#2624,.T.);
#5473=EDGE_CURVE('',#4450,#4322,#2625,.T.);
#5474=EDGE_CURVE('',#4451,#4318,#2626,.T.);
#5475=EDGE_CURVE('',#4451,#4448,#2627,.T.);
#5476=EDGE_CURVE('',#4320,#4449,#2628,.T.);
#5477=EDGE_CURVE('',#4452,#4447,#2629,.T.);
#5478=EDGE_CURVE('',#4452,#4450,#2630,.T.);
#5479=EDGE_CURVE('',#4319,#4451,#2631,.T.);
#5480=EDGE_CURVE('',#4433,#4323,#2632,.T.);
#5481=EDGE_CURVE('',#4453,#4452,#2633,.T.);
#5482=EDGE_CURVE('',#4453,#4454,#2634,.T.);
#5483=EDGE_CURVE('',#4455,#4454,#2635,.T.);
#5484=EDGE_CURVE('',#4456,#4455,#2636,.T.);
#5485=EDGE_CURVE('',#4456,#4457,#2637,.T.);
#5486=EDGE_CURVE('',#4457,#4434,#2638,.T.);
#5487=EDGE_CURVE('',#4432,#4324,#2639,.T.);
#5488=EDGE_CURVE('',#4458,#4459,#2161,.T.);
#5489=EDGE_CURVE('',#4459,#4460,#2640,.T.);
#5490=EDGE_CURVE('',#4460,#4461,#2641,.T.);
#5491=EDGE_CURVE('',#4461,#4462,#2642,.T.);
#5492=EDGE_CURVE('',#4462,#4458,#2643,.T.);
#5493=EDGE_CURVE('',#4463,#4464,#2644,.T.);
#5494=EDGE_CURVE('',#4464,#4465,#2645,.T.);
#5495=EDGE_CURVE('',#4465,#4466,#2162,.T.);
#5496=EDGE_CURVE('',#4466,#4467,#2646,.T.);
#5497=EDGE_CURVE('',#4467,#4463,#2647,.T.);
#5498=EDGE_CURVE('',#4468,#4469,#2648,.T.);
#5499=EDGE_CURVE('',#4469,#4470,#2649,.T.);
#5500=EDGE_CURVE('',#4470,#4471,#2650,.T.);
#5501=EDGE_CURVE('',#4471,#4472,#2163,.T.);
#5502=EDGE_CURVE('',#4472,#4468,#2651,.T.);
#5503=EDGE_CURVE('',#4473,#4474,#2652,.T.);
#5504=EDGE_CURVE('',#4474,#4475,#2653,.T.);
#5505=EDGE_CURVE('',#4475,#4476,#2654,.T.);
#5506=EDGE_CURVE('',#4476,#4477,#2655,.T.);
#5507=EDGE_CURVE('',#4477,#4478,#2164,.T.);
#5508=EDGE_CURVE('',#4478,#4473,#2656,.T.);
#5509=EDGE_CURVE('',#4479,#4480,#2657,.T.);
#5510=EDGE_CURVE('',#4480,#4481,#2658,.T.);
#5511=EDGE_CURVE('',#4481,#4482,#2165,.T.);
#5512=EDGE_CURVE('',#4482,#4483,#2659,.T.);
#5513=EDGE_CURVE('',#4483,#4484,#2660,.T.);
#5514=EDGE_CURVE('',#4484,#4479,#2661,.T.);
#5515=EDGE_CURVE('',#4485,#4486,#2662,.T.);
#5516=EDGE_CURVE('',#4486,#4487,#2663,.T.);
#5517=EDGE_CURVE('',#4487,#4485,#2664,.T.);
#5518=EDGE_CURVE('',#4488,#4489,#2665,.T.);
#5519=EDGE_CURVE('',#4489,#4490,#2666,.T.);
#5520=EDGE_CURVE('',#4490,#4488,#2667,.T.);
#5521=EDGE_CURVE('',#4491,#4492,#2668,.T.);
#5522=EDGE_CURVE('',#4492,#4493,#2669,.T.);
#5523=EDGE_CURVE('',#4493,#4491,#2670,.T.);
#5524=EDGE_CURVE('',#4494,#4495,#2671,.T.);
#5525=EDGE_CURVE('',#4495,#4496,#2672,.T.);
#5526=EDGE_CURVE('',#4496,#4494,#2673,.T.);
#5527=EDGE_CURVE('',#4497,#4498,#2674,.T.);
#5528=EDGE_CURVE('',#4498,#4446,#2675,.T.);
#5529=EDGE_CURVE('',#4445,#4499,#2676,.T.);
#5530=EDGE_CURVE('',#4499,#4497,#2166,.T.);
#5531=EDGE_CURVE('',#4500,#4500,#2167,.T.);
#5532=EDGE_CURVE('',#4501,#4454,#2677,.T.);
#5533=EDGE_CURVE('',#4502,#4453,#2678,.T.);
#5534=EDGE_CURVE('',#4502,#4503,#2679,.T.);
#5535=EDGE_CURVE('',#4503,#4501,#2168,.T.);
#5536=EDGE_CURVE('',#4504,#4504,#2169,.T.);
#5537=EDGE_CURVE('',#4505,#4435,#2680,.T.);
#5538=EDGE_CURVE('',#4457,#4506,#2681,.T.);
#5539=EDGE_CURVE('',#4506,#4505,#2170,.T.);
#5540=EDGE_CURVE('',#4507,#4507,#2171,.T.);
#5541=EDGE_CURVE('',#4508,#4442,#2682,.T.);
#5542=EDGE_CURVE('',#4438,#4509,#2683,.T.);
#5543=EDGE_CURVE('',#4509,#4508,#2172,.T.);
#5544=EDGE_CURVE('',#4510,#4510,#2173,.T.);
#5545=EDGE_CURVE('',#4511,#4512,#2684,.T.);
#5546=EDGE_CURVE('',#4512,#4513,#2685,.T.);
#5547=EDGE_CURVE('',#4513,#4514,#2686,.T.);
#5548=EDGE_CURVE('',#4514,#4515,#2687,.T.);
#5549=EDGE_CURVE('',#4515,#4516,#2688,.T.);
#5550=EDGE_CURVE('',#4516,#4517,#2689,.T.);
#5551=EDGE_CURVE('',#4517,#4518,#2690,.T.);
#5552=EDGE_CURVE('',#4518,#4519,#2691,.T.);
#5553=EDGE_CURVE('',#4520,#4519,#2692,.T.);
#5554=EDGE_CURVE('',#4520,#4511,#2174,.T.);
#5555=EDGE_CURVE('',#4521,#4522,#2693,.T.);
#5556=EDGE_CURVE('',#4521,#4523,#2694,.T.);
#5557=EDGE_CURVE('',#4523,#4522,#2695,.T.);
#5558=EDGE_CURVE('',#4524,#4525,#2696,.T.);
#5559=EDGE_CURVE('',#4524,#4526,#2697,.T.);
#5560=EDGE_CURVE('',#4526,#4527,#2698,.T.);
#5561=EDGE_CURVE('',#4527,#4528,#2699,.T.);
#5562=EDGE_CURVE('',#4528,#4529,#2700,.T.);
#5563=EDGE_CURVE('',#4530,#4529,#2701,.T.);
#5564=EDGE_CURVE('',#4530,#4531,#2702,.T.);
#5565=EDGE_CURVE('',#4531,#4525,#2703,.T.);
#5566=EDGE_CURVE('',#4532,#4533,#2704,.T.);
#5567=EDGE_CURVE('',#4533,#4534,#2705,.T.);
#5568=EDGE_CURVE('',#4534,#4532,#2175,.T.);
#5569=EDGE_CURVE('',#4535,#4536,#2706,.T.);
#5570=EDGE_CURVE('',#4536,#4537,#2707,.T.);
#5571=EDGE_CURVE('',#4537,#4538,#2708,.T.);
#5572=EDGE_CURVE('',#4538,#4539,#2709,.T.);
#5573=EDGE_CURVE('',#4539,#4540,#2176,.T.);
#5574=EDGE_CURVE('',#4540,#4535,#2710,.T.);
#5575=EDGE_CURVE('',#4541,#4542,#2177,.T.);
#5576=EDGE_CURVE('',#4543,#4542,#2711,.T.);
#5577=EDGE_CURVE('',#4543,#4544,#2712,.T.);
#5578=EDGE_CURVE('',#4544,#4545,#2713,.T.);
#5579=EDGE_CURVE('',#4545,#4546,#2714,.T.);
#5580=EDGE_CURVE('',#4546,#4547,#2715,.T.);
#5581=EDGE_CURVE('',#4547,#4548,#2716,.T.);
#5582=EDGE_CURVE('',#4548,#4549,#2717,.T.);
#5583=EDGE_CURVE('',#4549,#4550,#2718,.T.);
#5584=EDGE_CURVE('',#4550,#4541,#2719,.T.);
#5585=EDGE_CURVE('',#4551,#4552,#2178,.T.);
#5586=EDGE_CURVE('',#4551,#4459,#2720,.T.);
#5587=EDGE_CURVE('',#4552,#4458,#2721,.T.);
#5588=EDGE_CURVE('',#4553,#4554,#2722,.T.);
#5589=EDGE_CURVE('',#4555,#4554,#2179,.T.);
#5590=EDGE_CURVE('',#4444,#4555,#2723,.T.);
#5591=EDGE_CURVE('',#4443,#4556,#2724,.T.);
#5592=EDGE_CURVE('',#4557,#4556,#2180,.T.);
#5593=EDGE_CURVE('',#4437,#4557,#2725,.T.);
#5594=EDGE_CURVE('',#4436,#4558,#2726,.T.);
#5595=EDGE_CURVE('',#4559,#4558,#2181,.T.);
#5596=EDGE_CURVE('',#4559,#4456,#2727,.T.);
#5597=EDGE_CURVE('',#4455,#4560,#2728,.T.);
#5598=EDGE_CURVE('',#4561,#4560,#2182,.T.);
#5599=EDGE_CURVE('',#4561,#4562,#2729,.T.);
#5600=EDGE_CURVE('',#4562,#4553,#2730,.T.);
#5601=EDGE_CURVE('',#4552,#4563,#2731,.T.);
#5602=EDGE_CURVE('',#4564,#4563,#2732,.T.);
#5603=EDGE_CURVE('',#4565,#4564,#2733,.T.);
#5604=EDGE_CURVE('',#4551,#4565,#2734,.T.);
#5605=EDGE_CURVE('',#4566,#4567,#2735,.T.);
#5606=EDGE_CURVE('',#4568,#4566,#2736,.T.);
#5607=EDGE_CURVE('',#4569,#4568,#2737,.T.);
#5608=EDGE_CURVE('',#4569,#4570,#2183,.T.);
#5609=EDGE_CURVE('',#4567,#4570,#2738,.T.);
#5610=EDGE_CURVE('',#4571,#4572,#2739,.T.);
#5611=EDGE_CURVE('',#4573,#4571,#2740,.T.);
#5612=EDGE_CURVE('',#4573,#4574,#2184,.T.);
#5613=EDGE_CURVE('',#4574,#4575,#2741,.T.);
#5614=EDGE_CURVE('',#4572,#4575,#2742,.T.);
#5615=EDGE_CURVE('',#4576,#4577,#2743,.T.);
#5616=EDGE_CURVE('',#4578,#4576,#2744,.T.);
#5617=EDGE_CURVE('',#4578,#4579,#2745,.T.);
#5618=EDGE_CURVE('',#4579,#4580,#2185,.T.);
#5619=EDGE_CURVE('',#4577,#4580,#2746,.T.);
#5620=EDGE_CURVE('',#4581,#4582,#2747,.T.);
#5621=EDGE_CURVE('',#4583,#4581,#2748,.T.);
#5622=EDGE_CURVE('',#4583,#4584,#2186,.T.);
#5623=EDGE_CURVE('',#4584,#4585,#2749,.T.);
#5624=EDGE_CURVE('',#4586,#4585,#2750,.T.);
#5625=EDGE_CURVE('',#4582,#4586,#2751,.T.);
#5626=EDGE_CURVE('',#4587,#4588,#2752,.T.);
#5627=EDGE_CURVE('',#4589,#4587,#2753,.T.);
#5628=EDGE_CURVE('',#4590,#4589,#2754,.T.);
#5629=EDGE_CURVE('',#4590,#4591,#2755,.T.);
#5630=EDGE_CURVE('',#4591,#4592,#2187,.T.);
#5631=EDGE_CURVE('',#4588,#4592,#2756,.T.);
#5632=EDGE_CURVE('',#4593,#4594,#2757,.T.);
#5633=EDGE_CURVE('',#4595,#4593,#2758,.T.);
#5634=EDGE_CURVE('',#4595,#4596,#2188,.T.);
#5635=EDGE_CURVE('',#4596,#4597,#2759,.T.);
#5636=EDGE_CURVE('',#4594,#4597,#2760,.T.);
#5637=EDGE_CURVE('',#4598,#4599,#2761,.T.);
#5638=EDGE_CURVE('',#4600,#4598,#2762,.T.);
#5639=EDGE_CURVE('',#4599,#4600,#2763,.T.);
#5640=EDGE_CURVE('',#4601,#4602,#2764,.T.);
#5641=EDGE_CURVE('',#4603,#4601,#2765,.T.);
#5642=EDGE_CURVE('',#4604,#4603,#2766,.T.);
#5643=EDGE_CURVE('',#4605,#4604,#2767,.T.);
#5644=EDGE_CURVE('',#4606,#4605,#2768,.T.);
#5645=EDGE_CURVE('',#4607,#4606,#2769,.T.);
#5646=EDGE_CURVE('',#4608,#4607,#2770,.T.);
#5647=EDGE_CURVE('',#4602,#4608,#2771,.T.);
#5648=EDGE_CURVE('',#4609,#4610,#2772,.T.);
#5649=EDGE_CURVE('',#4611,#4609,#2773,.T.);
#5650=EDGE_CURVE('',#4612,#4611,#2774,.T.);
#5651=EDGE_CURVE('',#4613,#4612,#2775,.T.);
#5652=EDGE_CURVE('',#4614,#4613,#2776,.T.);
#5653=EDGE_CURVE('',#4610,#4614,#2777,.T.);
#5654=EDGE_CURVE('',#4615,#4616,#2778,.T.);
#5655=EDGE_CURVE('',#4617,#4615,#2779,.T.);
#5656=EDGE_CURVE('',#4618,#4617,#2780,.T.);
#5657=EDGE_CURVE('',#4619,#4618,#2781,.T.);
#5658=EDGE_CURVE('',#4620,#4619,#2782,.T.);
#5659=EDGE_CURVE('',#4621,#4620,#2783,.T.);
#5660=EDGE_CURVE('',#4616,#4621,#2784,.T.);
#5661=EDGE_CURVE('',#4622,#4623,#2785,.T.);
#5662=EDGE_CURVE('',#4624,#4622,#2786,.T.);
#5663=EDGE_CURVE('',#4623,#4624,#2787,.T.);
#5664=EDGE_CURVE('',#4625,#4626,#2788,.T.);
#5665=EDGE_CURVE('',#4627,#4625,#2789,.T.);
#5666=EDGE_CURVE('',#4626,#4627,#2790,.T.);
#5667=EDGE_CURVE('',#4628,#4629,#2791,.T.);
#5668=EDGE_CURVE('',#4630,#4628,#2792,.T.);
#5669=EDGE_CURVE('',#4629,#4630,#2793,.T.);
#5670=EDGE_CURVE('',#4631,#4632,#2794,.T.);
#5671=EDGE_CURVE('',#4633,#4631,#2795,.T.);
#5672=EDGE_CURVE('',#4634,#4633,#2796,.T.);
#5673=EDGE_CURVE('',#4632,#4634,#2797,.T.);
#5674=EDGE_CURVE('',#4635,#4635,#2189,.T.);
#5675=EDGE_CURVE('',#4636,#4636,#2190,.T.);
#5676=EDGE_CURVE('',#4553,#4498,#2798,.T.);
#5677=EDGE_CURVE('',#4554,#4497,#2799,.T.);
#5678=EDGE_CURVE('',#4555,#4499,#2800,.T.);
#5679=EDGE_CURVE('',#4562,#4502,#2801,.T.);
#5680=EDGE_CURVE('',#4637,#4637,#2191,.T.);
#5681=EDGE_CURVE('',#4638,#4638,#2192,.T.);
#5682=EDGE_CURVE('',#4639,#4639,#2193,.T.);
#5683=EDGE_CURVE('',#4640,#4640,#2194,.T.);
#5684=EDGE_CURVE('',#4561,#4503,#2802,.T.);
#5685=EDGE_CURVE('',#4560,#4501,#2803,.T.);
#5686=EDGE_CURVE('',#4639,#4641,#2804,.T.);
#5687=EDGE_CURVE('',#4641,#4641,#2195,.T.);
#5688=EDGE_CURVE('',#4642,#4642,#2196,.T.);
#5689=EDGE_CURVE('',#4643,#4643,#2197,.T.);
#5690=EDGE_CURVE('',#4643,#4642,#2805,.T.);
#5691=EDGE_CURVE('',#4644,#4644,#2198,.T.);
#5692=EDGE_CURVE('',#4644,#4637,#2806,.T.);
#5693=EDGE_CURVE('',#4645,#4645,#2199,.T.);
#5694=EDGE_CURVE('',#4645,#4640,#2807,.T.);
#5695=EDGE_CURVE('',#4646,#4646,#2200,.T.);
#5696=EDGE_CURVE('',#4647,#4647,#2201,.T.);
#5697=EDGE_CURVE('',#4647,#4646,#2808,.T.);
#5698=EDGE_CURVE('',#4648,#4648,#2202,.T.);
#5699=EDGE_CURVE('',#4638,#4648,#2809,.T.);
#5700=EDGE_CURVE('',#4559,#4506,#2810,.T.);
#5701=EDGE_CURVE('',#4558,#4505,#2811,.T.);
#5702=EDGE_CURVE('',#4557,#4509,#2812,.T.);
#5703=EDGE_CURVE('',#4556,#4508,#2813,.T.);
#5704=EDGE_CURVE('',#4565,#4460,#2814,.T.);
#5705=EDGE_CURVE('',#4564,#4461,#2815,.T.);
#5706=EDGE_CURVE('',#4563,#4462,#2816,.T.);
#5707=EDGE_CURVE('',#4567,#4464,#2817,.T.);
#5708=EDGE_CURVE('',#4566,#4463,#2818,.T.);
#5709=EDGE_CURVE('',#4568,#4467,#2819,.T.);
#5710=EDGE_CURVE('',#4569,#4466,#2820,.T.);
#5711=EDGE_CURVE('',#4570,#4465,#2821,.T.);
#5712=EDGE_CURVE('',#4572,#4469,#2822,.T.);
#5713=EDGE_CURVE('',#4571,#4468,#2823,.T.);
#5714=EDGE_CURVE('',#4573,#4472,#2824,.T.);
#5715=EDGE_CURVE('',#4574,#4471,#2825,.T.);
#5716=EDGE_CURVE('',#4575,#4470,#2826,.T.);
#5717=EDGE_CURVE('',#4577,#4538,#2827,.T.);
#5718=EDGE_CURVE('',#4576,#4537,#2828,.T.);
#5719=EDGE_CURVE('',#4536,#4649,#4148,.T.);
#5720=EDGE_CURVE('',#4578,#4649,#2829,.T.);
#5721=EDGE_CURVE('',#4535,#4649,#4149,.T.);
#5722=EDGE_CURVE('',#4521,#4650,#2203,.T.);
#5723=EDGE_CURVE('',#4651,#4522,#4150,.T.);
#5724=EDGE_CURVE('',#4533,#4651,#4151,.T.);
#5725=EDGE_CURVE('',#4532,#4652,#197,.T.);
#5726=EDGE_CURVE('',#4650,#4652,#2830,.T.);
#5727=EDGE_CURVE('',#4524,#4653,#4152,.T.);
#5728=EDGE_CURVE('',#4653,#4525,#4153,.T.);
#5729=EDGE_CURVE('',#4542,#4541,#4154,.T.);
#5730=EDGE_CURVE('',#4550,#4654,#4155,.T.);
#5731=EDGE_CURVE('',#4543,#4654,#4156,.T.);
#5732=EDGE_CURVE('',#4579,#4540,#2831,.T.);
#5733=EDGE_CURVE('',#4580,#4539,#2832,.T.);
#5734=EDGE_CURVE('',#4593,#4650,#2833,.T.);
#5735=EDGE_CURVE('',#4594,#4523,#2834,.T.);
#5736=EDGE_CURVE('',#4597,#4651,#2835,.T.);
#5737=EDGE_CURVE('',#4596,#4534,#2836,.T.);
#5738=EDGE_CURVE('',#4595,#4652,#2837,.T.);
#5739=EDGE_CURVE('',#4612,#4653,#2838,.T.);
#5740=EDGE_CURVE('',#4611,#4526,#2839,.T.);
#5741=EDGE_CURVE('',#4609,#4527,#2840,.T.);
#5742=EDGE_CURVE('',#4610,#4528,#2841,.T.);
#5743=EDGE_CURVE('',#4655,#4529,#2204,.T.);
#5744=EDGE_CURVE('',#4614,#4655,#2842,.T.);
#5745=EDGE_CURVE('',#4655,#4530,#4157,.T.);
#5746=EDGE_CURVE('',#4511,#4520,#4158,.T.);
#5747=EDGE_CURVE('',#4656,#4519,#4159,.T.);
#5748=EDGE_CURVE('',#4657,#4656,#2205,.T.);
#5749=EDGE_CURVE('',#4512,#4657,#4160,.T.);
#5750=EDGE_CURVE('',#4613,#4531,#2843,.T.);
#5751=EDGE_CURVE('',#4603,#4657,#2844,.T.);
#5752=EDGE_CURVE('',#4601,#4513,#2845,.T.);
#5753=EDGE_CURVE('',#4602,#4514,#2846,.T.);
#5754=EDGE_CURVE('',#4608,#4515,#2847,.T.);
#5755=EDGE_CURVE('',#4607,#4516,#2848,.T.);
#5756=EDGE_CURVE('',#4606,#4517,#2849,.T.);
#5757=EDGE_CURVE('',#4605,#4518,#2850,.T.);
#5758=EDGE_CURVE('',#4604,#4656,#2851,.T.);
#5759=EDGE_CURVE('',#4615,#4654,#2852,.T.);
#5760=EDGE_CURVE('',#4616,#4544,#2853,.T.);
#5761=EDGE_CURVE('',#4621,#4545,#2854,.T.);
#5762=EDGE_CURVE('',#4620,#4546,#2855,.T.);
#5763=EDGE_CURVE('',#4619,#4547,#2856,.T.);
#5764=EDGE_CURVE('',#4618,#4548,#2857,.T.);
#5765=EDGE_CURVE('',#4617,#4549,#2858,.T.);
#5766=EDGE_CURVE('',#4582,#4474,#2859,.T.);
#5767=EDGE_CURVE('',#4581,#4473,#2860,.T.);
#5768=EDGE_CURVE('',#4583,#4478,#2861,.T.);
#5769=EDGE_CURVE('',#4584,#4477,#2862,.T.);
#5770=EDGE_CURVE('',#4585,#4476,#2863,.T.);
#5771=EDGE_CURVE('',#4586,#4475,#2864,.T.);
#5772=EDGE_CURVE('',#4588,#4480,#2865,.T.);
#5773=EDGE_CURVE('',#4587,#4479,#2866,.T.);
#5774=EDGE_CURVE('',#4589,#4484,#2867,.T.);
#5775=EDGE_CURVE('',#4590,#4483,#2868,.T.);
#5776=EDGE_CURVE('',#4591,#4482,#2869,.T.);
#5777=EDGE_CURVE('',#4592,#4481,#2870,.T.);
#5778=EDGE_CURVE('',#4599,#4486,#2871,.T.);
#5779=EDGE_CURVE('',#4598,#4485,#2872,.T.);
#5780=EDGE_CURVE('',#4600,#4487,#2873,.T.);
#5781=EDGE_CURVE('',#4623,#4489,#2874,.T.);
#5782=EDGE_CURVE('',#4622,#4488,#2875,.T.);
#5783=EDGE_CURVE('',#4624,#4490,#2876,.T.);
#5784=EDGE_CURVE('',#4626,#4492,#2877,.T.);
#5785=EDGE_CURVE('',#4625,#4491,#2878,.T.);
#5786=EDGE_CURVE('',#4627,#4493,#2879,.T.);
#5787=EDGE_CURVE('',#4629,#4495,#2880,.T.);
#5788=EDGE_CURVE('',#4628,#4494,#2881,.T.);
#5789=EDGE_CURVE('',#4630,#4496,#2882,.T.);
#5790=EDGE_CURVE('',#4632,#4658,#2883,.T.);
#5791=EDGE_CURVE('',#4659,#4658,#2884,.T.);
#5792=EDGE_CURVE('',#4631,#4659,#2885,.T.);
#5793=EDGE_CURVE('',#4660,#4659,#2886,.T.);
#5794=EDGE_CURVE('',#4633,#4660,#2887,.T.);
#5795=EDGE_CURVE('',#4661,#4660,#2888,.T.);
#5796=EDGE_CURVE('',#4634,#4661,#2889,.T.);
#5797=EDGE_CURVE('',#4658,#4661,#2890,.T.);
#5798=EDGE_CURVE('',#4662,#4662,#2206,.T.);
#5799=EDGE_CURVE('',#4662,#4635,#2891,.T.);
#5800=EDGE_CURVE('',#4663,#4663,#2207,.T.);
#5801=EDGE_CURVE('',#4636,#4663,#2892,.T.);
#5802=EDGE_CURVE('',#4664,#4664,#2208,.T.);
#5803=EDGE_CURVE('',#4664,#4504,#2893,.T.);
#5804=EDGE_CURVE('',#4665,#4664,#2894,.T.);
#5805=EDGE_CURVE('',#4666,#4666,#2209,.T.);
#5806=EDGE_CURVE('',#4666,#4507,#2895,.T.);
#5807=EDGE_CURVE('',#4667,#4666,#2896,.T.);
#5808=EDGE_CURVE('',#4668,#4668,#2210,.T.);
#5809=EDGE_CURVE('',#4668,#4500,#2897,.T.);
#5810=EDGE_CURVE('',#4669,#4668,#2898,.T.);
#5811=EDGE_CURVE('',#4670,#4670,#2211,.T.);
#5812=EDGE_CURVE('',#4670,#4510,#2899,.T.);
#5813=EDGE_CURVE('',#4671,#4670,#2900,.T.);
#5814=EDGE_CURVE('',#4672,#4672,#2212,.T.);
#5815=EDGE_CURVE('',#4672,#4440,#2901,.T.);
#5816=EDGE_CURVE('',#4673,#4672,#2902,.T.);
#5817=EDGE_CURVE('',#4674,#4674,#2213,.T.);
#5818=EDGE_CURVE('',#4674,#4441,#2903,.T.);
#5819=EDGE_CURVE('',#4675,#4674,#2904,.T.);
#5820=EDGE_CURVE('',#4676,#4677,#2214,.T.);
#5821=EDGE_CURVE('',#4676,#4678,#2905,.T.);
#5822=EDGE_CURVE('',#4678,#4678,#2215,.T.);
#5823=EDGE_CURVE('',#4677,#4676,#2216,.T.);
#5824=EDGE_CURVE('',#4679,#4679,#2217,.T.);
#5825=EDGE_CURVE('',#4679,#4677,#2218,.T.);
#5826=EDGE_CURVE('',#4680,#4681,#2906,.T.);
#5827=EDGE_CURVE('',#4681,#4682,#2907,.T.);
#5828=EDGE_CURVE('',#4683,#4682,#2908,.T.);
#5829=EDGE_CURVE('',#4680,#4683,#2909,.T.);
#5830=EDGE_CURVE('',#4681,#4684,#2910,.T.);
#5831=EDGE_CURVE('',#4685,#4680,#2911,.T.);
#5832=EDGE_CURVE('',#4686,#4685,#2912,.T.);
#5833=EDGE_CURVE('',#4687,#4686,#2913,.T.);
#5834=EDGE_CURVE('',#4688,#4687,#2914,.T.);
#5835=EDGE_CURVE('',#4689,#4688,#2915,.T.);
#5836=EDGE_CURVE('',#4690,#4689,#2916,.T.);
#5837=EDGE_CURVE('',#4691,#4690,#2917,.T.);
#5838=EDGE_CURVE('',#4692,#4691,#2918,.T.);
#5839=EDGE_CURVE('',#4693,#4692,#2919,.T.);
#5840=EDGE_CURVE('',#4684,#4693,#2920,.T.);
#5841=EDGE_CURVE('',#4694,#4695,#4161,.T.);
#5842=EDGE_CURVE('',#4695,#4694,#4162,.T.);
#5843=EDGE_CURVE('',#4695,#4696,#2921,.T.);
#5844=EDGE_CURVE('',#4697,#4696,#4163,.T.);
#5845=EDGE_CURVE('',#4694,#4697,#2922,.T.);
#5846=EDGE_CURVE('',#4696,#4697,#4164,.T.);
#5847=EDGE_CURVE('',#4682,#4698,#2923,.T.);
#5848=EDGE_CURVE('',#4698,#4699,#2924,.T.);
#5849=EDGE_CURVE('',#4699,#4700,#2925,.T.);
#5850=EDGE_CURVE('',#4700,#4701,#2926,.T.);
#5851=EDGE_CURVE('',#4701,#4702,#2927,.T.);
#5852=EDGE_CURVE('',#4702,#4703,#2928,.T.);
#5853=EDGE_CURVE('',#4703,#4704,#2929,.T.);
#5854=EDGE_CURVE('',#4704,#4705,#2930,.T.);
#5855=EDGE_CURVE('',#4705,#4706,#2931,.T.);
#5856=EDGE_CURVE('',#4706,#4707,#2932,.T.);
#5857=EDGE_CURVE('',#4707,#4683,#2933,.T.);
#5858=EDGE_CURVE('',#4684,#4698,#2934,.T.);
#5859=EDGE_CURVE('',#4693,#4699,#2935,.T.);
#5860=EDGE_CURVE('',#4692,#4700,#2936,.T.);
#5861=EDGE_CURVE('',#4691,#4701,#2937,.T.);
#5862=EDGE_CURVE('',#4690,#4702,#2938,.T.);
#5863=EDGE_CURVE('',#4689,#4703,#2939,.T.);
#5864=EDGE_CURVE('',#4688,#4704,#2940,.T.);
#5865=EDGE_CURVE('',#4687,#4705,#2941,.T.);
#5866=EDGE_CURVE('',#4686,#4706,#2942,.T.);
#5867=EDGE_CURVE('',#4685,#4707,#2943,.T.);
#5868=EDGE_CURVE('',#4708,#4709,#2944,.T.);
#5869=EDGE_CURVE('',#4708,#4710,#2945,.T.);
#5870=EDGE_CURVE('',#4710,#4711,#2946,.T.);
#5871=EDGE_CURVE('',#4709,#4711,#2947,.T.);
#5872=EDGE_CURVE('',#4709,#4712,#2948,.T.);
#5873=EDGE_CURVE('',#4712,#4713,#2949,.T.);
#5874=EDGE_CURVE('',#4713,#4714,#2950,.T.);
#5875=EDGE_CURVE('',#4714,#4715,#2951,.T.);
#5876=EDGE_CURVE('',#4715,#4716,#2952,.T.);
#5877=EDGE_CURVE('',#4716,#4717,#2953,.T.);
#5878=EDGE_CURVE('',#4717,#4718,#2954,.T.);
#5879=EDGE_CURVE('',#4718,#4719,#2955,.T.);
#5880=EDGE_CURVE('',#4719,#4720,#2956,.T.);
#5881=EDGE_CURVE('',#4720,#4721,#2957,.T.);
#5882=EDGE_CURVE('',#4721,#4708,#2958,.T.);
#5883=EDGE_CURVE('',#4722,#4723,#4165,.T.);
#5884=EDGE_CURVE('',#4723,#4722,#4166,.T.);
#5885=EDGE_CURVE('',#4722,#4724,#2959,.T.);
#5886=EDGE_CURVE('',#4724,#4725,#4167,.T.);
#5887=EDGE_CURVE('',#4723,#4725,#2960,.T.);
#5888=EDGE_CURVE('',#4725,#4724,#4168,.T.);
#5889=EDGE_CURVE('',#4711,#4726,#2961,.T.);
#5890=EDGE_CURVE('',#4727,#4710,#2962,.T.);
#5891=EDGE_CURVE('',#4728,#4727,#2963,.T.);
#5892=EDGE_CURVE('',#4729,#4728,#2964,.T.);
#5893=EDGE_CURVE('',#4730,#4729,#2965,.T.);
#5894=EDGE_CURVE('',#4731,#4730,#2966,.T.);
#5895=EDGE_CURVE('',#4732,#4731,#2967,.T.);
#5896=EDGE_CURVE('',#4733,#4732,#2968,.T.);
#5897=EDGE_CURVE('',#4734,#4733,#2969,.T.);
#5898=EDGE_CURVE('',#4735,#4734,#2970,.T.);
#5899=EDGE_CURVE('',#4726,#4735,#2971,.T.);
#5900=EDGE_CURVE('',#4712,#4726,#2972,.T.);
#5901=EDGE_CURVE('',#4713,#4735,#2973,.T.);
#5902=EDGE_CURVE('',#4714,#4734,#2974,.T.);
#5903=EDGE_CURVE('',#4715,#4733,#2975,.T.);
#5904=EDGE_CURVE('',#4716,#4732,#2976,.T.);
#5905=EDGE_CURVE('',#4717,#4731,#2977,.T.);
#5906=EDGE_CURVE('',#4718,#4730,#2978,.T.);
#5907=EDGE_CURVE('',#4719,#4729,#2979,.T.);
#5908=EDGE_CURVE('',#4720,#4728,#2980,.T.);
#5909=EDGE_CURVE('',#4721,#4727,#2981,.T.);
#5910=EDGE_CURVE('',#4736,#4736,#2219,.T.);
#5911=EDGE_CURVE('',#4736,#4737,#2982,.T.);
#5912=EDGE_CURVE('',#4737,#4737,#2220,.T.);
#5913=EDGE_CURVE('',#4738,#4738,#2221,.T.);
#5914=EDGE_CURVE('',#4739,#4739,#2222,.T.);
#5915=EDGE_CURVE('',#4739,#4740,#2983,.T.);
#5916=EDGE_CURVE('',#4740,#4740,#2223,.T.);
#5917=EDGE_CURVE('',#4741,#4741,#2224,.T.);
#5918=EDGE_CURVE('',#4742,#4742,#2225,.T.);
#5919=EDGE_CURVE('',#4742,#4743,#2984,.T.);
#5920=EDGE_CURVE('',#4743,#4743,#2226,.T.);
#5921=EDGE_CURVE('',#4744,#4744,#2227,.T.);
#5922=EDGE_CURVE('',#4745,#4745,#2228,.T.);
#5923=EDGE_CURVE('',#4745,#4746,#2985,.T.);
#5924=EDGE_CURVE('',#4746,#4746,#2229,.T.);
#5925=EDGE_CURVE('',#4747,#4747,#2230,.T.);
#5926=EDGE_CURVE('',#4748,#4748,#2231,.T.);
#5927=EDGE_CURVE('',#4748,#4749,#2986,.T.);
#5928=EDGE_CURVE('',#4749,#4749,#2232,.T.);
#5929=EDGE_CURVE('',#4750,#4750,#2233,.T.);
#5930=EDGE_CURVE('',#4751,#4751,#2234,.T.);
#5931=EDGE_CURVE('',#4751,#4752,#2987,.T.);
#5932=EDGE_CURVE('',#4752,#4752,#2235,.T.);
#5933=EDGE_CURVE('',#4753,#4753,#2236,.T.);
#5934=EDGE_CURVE('',#4754,#4754,#2237,.T.);
#5935=EDGE_CURVE('',#4755,#4755,#2238,.T.);
#5936=EDGE_CURVE('',#4754,#4756,#2988,.T.);
#5937=EDGE_CURVE('',#4756,#4756,#2239,.T.);
#5938=EDGE_CURVE('',#4755,#4757,#2989,.T.);
#5939=EDGE_CURVE('',#4757,#4757,#2240,.T.);
#5940=EDGE_CURVE('',#4758,#4758,#2241,.T.);
#5941=EDGE_CURVE('',#4758,#4759,#2990,.T.);
#5942=EDGE_CURVE('',#4759,#4759,#2242,.T.);
#5943=EDGE_CURVE('',#4760,#4760,#2243,.T.);
#5944=EDGE_CURVE('',#4760,#4761,#2991,.T.);
#5945=EDGE_CURVE('',#4761,#4761,#2244,.T.);
#5946=EDGE_CURVE('',#4762,#4762,#2245,.T.);
#5947=EDGE_CURVE('',#4762,#4763,#2992,.T.);
#5948=EDGE_CURVE('',#4763,#4763,#2246,.T.);
#5949=EDGE_CURVE('',#4764,#4764,#2247,.T.);
#5950=EDGE_CURVE('',#4765,#4765,#2248,.T.);
#5951=EDGE_CURVE('',#4765,#4764,#2993,.T.);
#5952=EDGE_CURVE('',#4766,#4766,#2249,.T.);
#5953=EDGE_CURVE('',#4767,#4767,#2250,.T.);
#5954=EDGE_CURVE('',#4767,#4766,#2994,.T.);
#5955=EDGE_CURVE('',#4768,#4768,#2251,.T.);
#5956=EDGE_CURVE('',#4768,#4767,#2995,.T.);
#5957=EDGE_CURVE('',#4769,#4769,#2252,.T.);
#5958=EDGE_CURVE('',#4769,#4768,#2996,.T.);
#5959=EDGE_CURVE('',#4770,#4770,#2253,.T.);
#5960=EDGE_CURVE('',#4770,#4771,#2997,.T.);
#5961=EDGE_CURVE('',#4771,#4771,#2254,.T.);
#5962=EDGE_CURVE('',#4772,#4772,#2255,.T.);
#5963=EDGE_CURVE('',#4772,#4773,#2998,.T.);
#5964=EDGE_CURVE('',#4773,#4773,#2256,.T.);
#5965=EDGE_CURVE('',#4774,#4774,#2257,.T.);
#5966=EDGE_CURVE('',#4774,#4775,#2999,.T.);
#5967=EDGE_CURVE('',#4775,#4775,#2258,.T.);
#5968=EDGE_CURVE('',#4776,#4776,#2259,.T.);
#5969=EDGE_CURVE('',#4776,#4777,#3000,.T.);
#5970=EDGE_CURVE('',#4777,#4777,#2260,.T.);
#5971=EDGE_CURVE('',#4778,#4779,#2261,.T.);
#5972=EDGE_CURVE('',#4780,#4778,#3001,.T.);
#5973=EDGE_CURVE('',#4781,#4780,#2262,.T.);
#5974=EDGE_CURVE('',#4781,#4782,#3002,.T.);
#5975=EDGE_CURVE('',#4782,#4783,#2263,.T.);
#5976=EDGE_CURVE('',#4784,#4783,#3003,.T.);
#5977=EDGE_CURVE('',#4785,#4784,#2264,.T.);
#5978=EDGE_CURVE('',#4779,#4785,#3004,.T.);
#5979=EDGE_CURVE('',#4786,#4787,#3005,.F.);
#5980=EDGE_CURVE('',#4788,#4786,#2265,.T.);
#5981=EDGE_CURVE('',#4789,#4788,#3006,.T.);
#5982=EDGE_CURVE('',#4787,#4789,#2266,.T.);
#5983=EDGE_CURVE('',#4790,#4778,#3007,.T.);
#5984=EDGE_CURVE('',#4791,#4790,#3008,.T.);
#5985=EDGE_CURVE('',#4784,#4791,#3009,.T.);
#5986=EDGE_CURVE('',#4783,#4792,#3010,.T.);
#5987=EDGE_CURVE('',#4793,#4792,#3011,.T.);
#5988=EDGE_CURVE('',#4780,#4793,#3012,.T.);
#5989=EDGE_CURVE('',#4794,#4795,#2267,.T.);
#5990=EDGE_CURVE('',#4796,#4794,#3013,.T.);
#5991=EDGE_CURVE('',#4797,#4796,#2268,.T.);
#5992=EDGE_CURVE('',#4797,#4798,#3014,.T.);
#5993=EDGE_CURVE('',#4798,#4799,#2269,.T.);
#5994=EDGE_CURVE('',#4800,#4799,#3015,.T.);
#5995=EDGE_CURVE('',#4801,#4800,#2270,.T.);
#5996=EDGE_CURVE('',#4795,#4801,#3016,.T.);
#5997=EDGE_CURVE('',#4802,#4803,#3017,.F.);
#5998=EDGE_CURVE('',#4804,#4802,#2271,.T.);
#5999=EDGE_CURVE('',#4805,#4804,#3018,.T.);
#6000=EDGE_CURVE('',#4803,#4805,#2272,.T.);
#6001=EDGE_CURVE('',#4806,#4794,#3019,.T.);
#6002=EDGE_CURVE('',#4807,#4806,#3020,.T.);
#6003=EDGE_CURVE('',#4800,#4807,#3021,.T.);
#6004=EDGE_CURVE('',#4799,#4782,#3022,.T.);
#6005=EDGE_CURVE('',#4796,#4781,#3023,.T.);
#6006=EDGE_CURVE('',#4808,#4809,#2273,.T.);
#6007=EDGE_CURVE('',#4809,#4810,#3024,.T.);
#6008=EDGE_CURVE('',#4811,#4810,#2274,.T.);
#6009=EDGE_CURVE('',#4810,#4811,#2275,.T.);
#6010=EDGE_CURVE('',#4809,#4808,#2276,.T.);
#6011=EDGE_CURVE('',#4812,#4812,#2277,.F.);
#6012=EDGE_CURVE('',#4812,#4813,#3025,.T.);
#6013=EDGE_CURVE('',#4814,#4813,#2278,.T.);
#6014=EDGE_CURVE('',#4813,#4814,#2279,.T.);
#6015=EDGE_CURVE('',#4815,#4816,#2280,.T.);
#6016=EDGE_CURVE('',#4816,#4817,#3026,.T.);
#6017=EDGE_CURVE('',#4817,#4815,#3027,.T.);
#6018=EDGE_CURVE('',#4818,#4819,#2281,.T.);
#6019=EDGE_CURVE('',#4819,#4820,#3028,.T.);
#6020=EDGE_CURVE('',#4820,#4818,#3029,.T.);
#6021=EDGE_CURVE('',#4821,#4822,#2282,.T.);
#6022=EDGE_CURVE('',#4822,#4823,#3030,.T.);
#6023=EDGE_CURVE('',#4823,#4821,#3031,.T.);
#6024=EDGE_CURVE('',#4824,#4825,#3032,.T.);
#6025=EDGE_CURVE('',#4825,#4826,#2283,.T.);
#6026=EDGE_CURVE('',#4826,#4824,#3033,.T.);
#6027=EDGE_CURVE('',#4827,#4828,#3034,.T.);
#6028=EDGE_CURVE('',#4828,#4829,#2284,.T.);
#6029=EDGE_CURVE('',#4829,#4827,#3035,.T.);
#6030=EDGE_CURVE('',#4830,#4831,#3036,.T.);
#6031=EDGE_CURVE('',#4831,#4832,#2285,.T.);
#6032=EDGE_CURVE('',#4832,#4830,#3037,.T.);
#6033=EDGE_CURVE('',#4833,#4834,#3038,.T.);
#6034=EDGE_CURVE('',#4834,#4835,#2286,.T.);
#6035=EDGE_CURVE('',#4835,#4833,#3039,.T.);
#6036=EDGE_CURVE('',#4836,#4837,#2287,.T.);
#6037=EDGE_CURVE('',#4837,#4838,#3040,.T.);
#6038=EDGE_CURVE('',#4838,#4836,#3041,.T.);
#6039=EDGE_CURVE('',#4839,#4840,#3042,.T.);
#6040=EDGE_CURVE('',#4841,#4839,#3043,.T.);
#6041=EDGE_CURVE('',#4841,#4842,#3044,.T.);
#6042=EDGE_CURVE('',#4842,#4840,#3045,.T.);
#6043=EDGE_CURVE('',#4839,#4843,#2288,.T.);
#6044=EDGE_CURVE('',#4843,#4844,#3046,.F.);
#6045=EDGE_CURVE('',#4844,#4845,#2289,.T.);
#6046=EDGE_CURVE('',#4846,#4845,#3047,.T.);
#6047=EDGE_CURVE('',#4841,#4846,#2290,.T.);
#6048=EDGE_CURVE('',#4847,#4848,#3048,.T.);
#6049=EDGE_CURVE('',#4849,#4847,#3049,.T.);
#6050=EDGE_CURVE('',#4850,#4849,#3050,.T.);
#6051=EDGE_CURVE('',#4850,#4846,#3051,.T.);
#6052=EDGE_CURVE('',#4848,#4845,#3052,.T.);
#6053=EDGE_CURVE('',#4849,#4851,#2291,.T.);
#6054=EDGE_CURVE('',#4852,#4851,#3053,.T.);
#6055=EDGE_CURVE('',#4850,#4852,#2292,.T.);
#6056=EDGE_CURVE('',#4851,#4853,#3054,.T.);
#6057=EDGE_CURVE('',#4854,#4853,#3055,.T.);
#6058=EDGE_CURVE('',#4852,#4854,#3056,.T.);
#6059=EDGE_CURVE('',#4853,#4798,#2293,.T.);
#6060=EDGE_CURVE('',#4854,#4797,#2294,.T.);
#6061=EDGE_CURVE('',#4855,#4792,#2295,.F.);
#6062=EDGE_CURVE('',#4856,#4855,#3057,.T.);
#6063=EDGE_CURVE('',#4856,#4793,#2296,.F.);
#6064=EDGE_CURVE('',#4857,#4855,#3058,.T.);
#6065=EDGE_CURVE('',#4858,#4857,#3059,.T.);
#6066=EDGE_CURVE('',#4858,#4856,#3060,.T.);
#6067=EDGE_CURVE('',#4859,#4857,#2297,.F.);
#6068=EDGE_CURVE('',#4860,#4859,#3061,.T.);
#6069=EDGE_CURVE('',#4860,#4858,#2298,.F.);
#6070=EDGE_CURVE('',#4861,#4861,#2299,.T.);
#6071=EDGE_CURVE('',#4861,#4862,#3062,.T.);
#6072=EDGE_CURVE('',#4862,#4862,#2300,.T.);
#6073=EDGE_CURVE('',#4863,#4863,#2301,.T.);
#6074=EDGE_CURVE('',#4863,#4864,#3063,.T.);
#6075=EDGE_CURVE('',#4864,#4864,#2302,.T.);
#6076=EDGE_CURVE('',#4865,#4842,#2303,.T.);
#6077=EDGE_CURVE('',#4865,#4866,#3064,.T.);
#6078=EDGE_CURVE('',#4866,#4867,#2304,.T.);
#6079=EDGE_CURVE('',#4867,#4868,#3065,.F.);
#6080=EDGE_CURVE('',#4860,#4868,#2305,.T.);
#6081=EDGE_CURVE('',#4859,#4840,#2306,.T.);
#6082=EDGE_CURVE('',#4868,#4824,#3066,.T.);
#6083=EDGE_CURVE('',#4828,#4826,#3067,.T.);
#6084=EDGE_CURVE('',#4865,#4827,#3068,.T.);
#6085=EDGE_CURVE('',#4843,#4823,#3069,.T.);
#6086=EDGE_CURVE('',#4847,#4838,#3070,.T.);
#6087=EDGE_CURVE('',#4821,#4837,#3071,.T.);
#6088=EDGE_CURVE('',#4869,#4829,#3072,.T.);
#6089=EDGE_CURVE('',#4831,#4869,#3073,.T.);
#6090=EDGE_CURVE('',#4866,#4830,#3074,.T.);
#6091=EDGE_CURVE('',#4867,#4833,#3075,.T.);
#6092=EDGE_CURVE('',#4825,#4835,#3076,.T.);
#6093=EDGE_CURVE('',#4834,#4832,#3077,.T.);
#6094=EDGE_CURVE('',#4844,#4820,#3078,.T.);
#6095=EDGE_CURVE('',#4815,#4819,#3079,.T.);
#6096=EDGE_CURVE('',#4848,#4817,#3080,.T.);
#6097=EDGE_CURVE('',#4818,#4822,#3081,.T.);
#6098=EDGE_CURVE('',#4870,#4816,#3082,.T.);
#6099=EDGE_CURVE('',#4836,#4870,#3083,.T.);
#6100=EDGE_CURVE('',#4871,#4869,#3084,.T.);
#6101=EDGE_CURVE('',#4829,#4871,#2307,.T.);
#6102=EDGE_CURVE('',#4826,#4828,#2308,.T.);
#6103=EDGE_CURVE('',#4871,#4831,#2309,.T.);
#6104=EDGE_CURVE('',#4835,#4825,#2310,.T.);
#6105=EDGE_CURVE('',#4832,#4834,#2311,.T.);
#6106=EDGE_CURVE('',#4871,#4811,#3085,.T.);
#6107=EDGE_CURVE('',#4870,#4872,#3086,.T.);
#6108=EDGE_CURVE('',#4816,#4872,#2312,.T.);
#6109=EDGE_CURVE('',#4819,#4815,#2313,.T.);
#6110=EDGE_CURVE('',#4822,#4818,#2314,.T.);
#6111=EDGE_CURVE('',#4872,#4836,#2315,.T.);
#6112=EDGE_CURVE('',#4872,#4814,#3087,.T.);
#6113=EDGE_CURVE('',#4837,#4821,#2316,.T.);
#6114=EDGE_CURVE('',#4873,#4874,#2317,.T.);
#6115=EDGE_CURVE('',#4873,#4875,#3088,.T.);
#6116=EDGE_CURVE('',#4876,#4875,#2318,.F.);
#6117=EDGE_CURVE('',#4875,#4876,#2319,.F.);
#6118=EDGE_CURVE('',#4874,#4873,#2320,.T.);
#6119=EDGE_CURVE('',#4874,#4812,#3089,.T.);
#6120=EDGE_CURVE('',#4877,#4877,#2321,.F.);
#6121=EDGE_CURVE('',#4877,#4878,#3090,.T.);
#6122=EDGE_CURVE('',#4878,#4878,#2322,.T.);
#6123=EDGE_CURVE('',#4879,#4879,#2323,.T.);
#6124=EDGE_CURVE('',#4879,#4876,#3091,.T.);
#6125=EDGE_CURVE('',#4880,#4880,#2324,.T.);
#6126=EDGE_CURVE('',#4880,#4881,#3092,.T.);
#6127=EDGE_CURVE('',#4882,#4881,#2325,.T.);
#6128=EDGE_CURVE('',#4881,#4882,#2326,.T.);
#6129=EDGE_CURVE('',#4883,#4883,#2327,.T.);
#6130=EDGE_CURVE('',#4883,#4882,#3093,.T.);
#6131=EDGE_CURVE('',#4808,#4883,#3094,.T.);
#6132=EDGE_CURVE('',#4884,#4884,#2328,.F.);
#6133=EDGE_CURVE('',#4884,#4885,#3095,.T.);
#6134=EDGE_CURVE('',#4885,#4885,#2329,.T.);
#6135=EDGE_CURVE('',#4886,#4886,#2330,.T.);
#6136=EDGE_CURVE('',#4886,#4880,#3096,.T.);
#6137=EDGE_CURVE('',#4887,#4795,#3097,.T.);
#6138=EDGE_CURVE('',#4888,#4801,#3098,.T.);
#6139=EDGE_CURVE('',#4887,#4888,#3099,.T.);
#6140=EDGE_CURVE('',#4889,#4807,#3100,.T.);
#6141=EDGE_CURVE('',#4890,#4806,#3101,.T.);
#6142=EDGE_CURVE('',#4889,#4890,#3102,.T.);
#6143=EDGE_CURVE('',#4890,#4887,#3103,.T.);
#6144=EDGE_CURVE('',#4888,#4889,#3104,.T.);
#6145=EDGE_CURVE('',#4891,#4891,#2331,.T.);
#6146=EDGE_CURVE('',#4892,#4802,#3105,.T.);
#6147=EDGE_CURVE('',#4893,#4803,#3106,.T.);
#6148=EDGE_CURVE('',#4892,#4893,#3107,.T.);
#6149=EDGE_CURVE('',#4894,#4805,#3108,.T.);
#6150=EDGE_CURVE('',#4895,#4804,#3109,.T.);
#6151=EDGE_CURVE('',#4894,#4895,#3110,.T.);
#6152=EDGE_CURVE('',#4893,#4894,#3111,.T.);
#6153=EDGE_CURVE('',#4895,#4892,#3112,.T.);
#6154=EDGE_CURVE('',#4896,#4896,#2332,.T.);
#6155=EDGE_CURVE('',#4897,#4786,#3113,.T.);
#6156=EDGE_CURVE('',#4898,#4787,#3114,.T.);
#6157=EDGE_CURVE('',#4897,#4898,#3115,.T.);
#6158=EDGE_CURVE('',#4899,#4789,#3116,.T.);
#6159=EDGE_CURVE('',#4900,#4788,#3117,.T.);
#6160=EDGE_CURVE('',#4899,#4900,#3118,.T.);
#6161=EDGE_CURVE('',#4898,#4899,#3119,.T.);
#6162=EDGE_CURVE('',#4900,#4897,#3120,.T.);
#6163=EDGE_CURVE('',#4901,#4901,#2333,.T.);
#6164=EDGE_CURVE('',#4902,#4779,#3121,.T.);
#6165=EDGE_CURVE('',#4903,#4785,#3122,.T.);
#6166=EDGE_CURVE('',#4902,#4903,#3123,.T.);
#6167=EDGE_CURVE('',#4904,#4791,#3124,.T.);
#6168=EDGE_CURVE('',#4905,#4790,#3125,.T.);
#6169=EDGE_CURVE('',#4904,#4905,#3126,.T.);
#6170=EDGE_CURVE('',#4905,#4902,#3127,.T.);
#6171=EDGE_CURVE('',#4903,#4904,#3128,.T.);
#6172=EDGE_CURVE('',#4906,#4906,#2334,.T.);
#6173=EDGE_CURVE('',#4896,#4907,#3129,.T.);
#6174=EDGE_CURVE('',#4907,#4907,#2335,.T.);
#6175=EDGE_CURVE('',#4891,#4908,#3130,.T.);
#6176=EDGE_CURVE('',#4908,#4908,#2336,.T.);
#6177=EDGE_CURVE('',#4901,#4909,#3131,.T.);
#6178=EDGE_CURVE('',#4909,#4909,#2337,.T.);
#6179=EDGE_CURVE('',#4906,#4910,#3132,.T.);
#6180=EDGE_CURVE('',#4910,#4910,#2338,.T.);
#6181=EDGE_CURVE('',#4911,#4911,#2339,.T.);
#6182=EDGE_CURVE('',#4911,#4912,#3133,.T.);
#6183=EDGE_CURVE('',#4912,#4912,#2340,.T.);
#6184=EDGE_CURVE('',#4913,#4913,#2341,.T.);
#6185=EDGE_CURVE('',#4913,#4914,#3134,.T.);
#6186=EDGE_CURVE('',#4914,#4914,#2342,.T.);
#6187=EDGE_CURVE('',#4915,#4916,#2343,.T.);
#6188=EDGE_CURVE('',#4916,#4917,#3135,.T.);
#6189=EDGE_CURVE('',#4917,#4918,#2344,.T.);
#6190=EDGE_CURVE('',#4918,#4919,#3136,.T.);
#6191=EDGE_CURVE('',#4919,#4920,#2345,.T.);
#6192=EDGE_CURVE('',#4920,#4915,#3137,.T.);
#6193=EDGE_CURVE('',#4921,#4917,#3138,.T.);
#6194=EDGE_CURVE('',#4922,#4921,#2346,.T.);
#6195=EDGE_CURVE('',#4918,#4922,#3139,.T.);
#6196=EDGE_CURVE('',#4916,#4923,#3140,.T.);
#6197=EDGE_CURVE('',#4921,#4923,#3141,.T.);
#6198=EDGE_CURVE('',#4924,#4915,#3142,.T.);
#6199=EDGE_CURVE('',#4925,#4924,#3143,.T.);
#6200=EDGE_CURVE('',#4926,#4925,#3144,.T.);
#6201=EDGE_CURVE('',#4927,#4926,#3145,.T.);
#6202=EDGE_CURVE('',#4928,#4927,#3146,.T.);
#6203=EDGE_CURVE('',#4929,#4928,#3147,.T.);
#6204=EDGE_CURVE('',#4929,#4930,#3148,.T.);
#6205=EDGE_CURVE('',#4923,#4930,#2347,.T.);
#6206=EDGE_CURVE('',#4930,#4931,#3149,.T.);
#6207=EDGE_CURVE('',#4931,#4932,#2348,.T.);
#6208=EDGE_CURVE('',#4932,#4922,#3150,.T.);
#6209=EDGE_CURVE('',#4933,#4934,#2349,.T.);
#6210=EDGE_CURVE('',#4934,#4935,#3151,.T.);
#6211=EDGE_CURVE('',#4935,#4936,#2350,.T.);
#6212=EDGE_CURVE('',#4936,#4937,#3152,.T.);
#6213=EDGE_CURVE('',#4937,#4933,#4169,.T.);
#6214=EDGE_CURVE('',#4934,#4938,#3153,.T.);
#6215=EDGE_CURVE('',#4939,#4938,#3154,.T.);
#6216=EDGE_CURVE('',#4939,#4940,#3155,.T.);
#6217=EDGE_CURVE('',#4940,#4935,#3156,.T.);
#6218=EDGE_CURVE('',#4941,#4941,#2351,.T.);
#6219=EDGE_CURVE('',#4941,#4942,#3157,.T.);
#6220=EDGE_CURVE('',#4942,#4942,#2352,.T.);
#6221=EDGE_CURVE('',#4942,#4943,#3158,.T.);
#6222=EDGE_CURVE('',#4943,#4943,#2353,.T.);
#6223=EDGE_CURVE('',#4944,#4945,#2354,.T.);
#6224=EDGE_CURVE('',#4944,#4946,#3159,.T.);
#6225=EDGE_CURVE('',#4947,#4946,#2355,.T.);
#6226=EDGE_CURVE('',#4947,#4948,#3160,.T.);
#6227=EDGE_CURVE('',#4949,#4948,#2356,.T.);
#6228=EDGE_CURVE('',#4949,#4936,#3161,.T.);
#6229=EDGE_CURVE('',#4940,#4950,#3162,.T.);
#6230=EDGE_CURVE('',#4950,#4927,#3163,.T.);
#6231=EDGE_CURVE('',#4926,#4951,#3164,.T.);
#6232=EDGE_CURVE('',#4951,#4952,#3165,.T.);
#6233=EDGE_CURVE('',#4945,#4952,#3166,.T.);
#6234=EDGE_CURVE('',#4953,#4953,#2357,.T.);
#6235=EDGE_CURVE('',#4954,#4954,#2358,.T.);
#6236=EDGE_CURVE('',#4955,#4955,#2359,.T.);
#6237=EDGE_CURVE('',#4956,#4956,#2360,.T.);
#6238=EDGE_CURVE('',#4957,#4957,#2361,.T.);
#6239=EDGE_CURVE('',#4958,#4958,#2362,.T.);
#6240=EDGE_CURVE('',#4958,#4959,#3167,.T.);
#6241=EDGE_CURVE('',#4959,#4959,#2363,.T.);
#6242=EDGE_CURVE('',#4957,#4960,#3168,.T.);
#6243=EDGE_CURVE('',#4960,#4960,#2364,.T.);
#6244=EDGE_CURVE('',#4961,#4961,#2365,.T.);
#6245=EDGE_CURVE('',#4961,#4962,#3169,.T.);
#6246=EDGE_CURVE('',#4962,#4962,#2366,.T.);
#6247=EDGE_CURVE('',#4963,#4964,#3170,.T.);
#6248=EDGE_CURVE('',#4964,#4965,#3171,.T.);
#6249=EDGE_CURVE('',#4965,#4966,#3172,.T.);
#6250=EDGE_CURVE('',#4966,#4967,#3173,.T.);
#6251=EDGE_CURVE('',#4967,#4968,#3174,.T.);
#6252=EDGE_CURVE('',#4968,#4969,#3175,.T.);
#6253=EDGE_CURVE('',#4969,#4970,#3176,.T.);
#6254=EDGE_CURVE('',#4970,#4971,#3177,.T.);
#6255=EDGE_CURVE('',#4971,#4972,#3178,.T.);
#6256=EDGE_CURVE('',#4972,#4963,#3179,.T.);
#6257=EDGE_CURVE('',#4973,#4974,#3180,.T.);
#6258=EDGE_CURVE('',#4973,#4975,#3181,.T.);
#6259=EDGE_CURVE('',#4976,#4975,#3182,.T.);
#6260=EDGE_CURVE('',#4974,#4976,#3183,.T.);
#6261=EDGE_CURVE('',#4974,#4977,#3184,.T.);
#6262=EDGE_CURVE('',#4978,#4976,#3185,.T.);
#6263=EDGE_CURVE('',#4977,#4978,#3186,.T.);
#6264=EDGE_CURVE('',#4979,#4973,#3187,.T.);
#6265=EDGE_CURVE('',#4977,#4979,#3188,.T.);
#6266=EDGE_CURVE('',#4980,#4981,#3189,.T.);
#6267=EDGE_CURVE('',#4981,#4978,#3190,.T.);
#6268=EDGE_CURVE('',#4975,#4982,#3191,.T.);
#6269=EDGE_CURVE('',#4982,#4983,#3192,.T.);
#6270=EDGE_CURVE('',#4983,#4984,#3193,.T.);
#6271=EDGE_CURVE('',#4929,#4984,#3194,.T.);
#6272=EDGE_CURVE('',#4928,#4980,#3195,.T.);
#6273=EDGE_CURVE('',#4985,#4986,#3196,.T.);
#6274=EDGE_CURVE('',#4985,#4987,#3197,.T.);
#6275=EDGE_CURVE('',#4988,#4987,#3198,.T.);
#6276=EDGE_CURVE('',#4986,#4988,#3199,.T.);
#6277=EDGE_CURVE('',#4986,#4989,#3200,.T.);
#6278=EDGE_CURVE('',#4990,#4988,#3201,.T.);
#6279=EDGE_CURVE('',#4989,#4990,#3202,.T.);
#6280=EDGE_CURVE('',#4991,#4992,#3203,.T.);
#6281=EDGE_CURVE('',#4992,#4985,#3204,.T.);
#6282=EDGE_CURVE('',#4989,#4991,#3205,.T.);
#6283=EDGE_CURVE('',#4993,#4994,#3206,.T.);
#6284=EDGE_CURVE('',#4994,#4995,#3207,.T.);
#6285=EDGE_CURVE('',#4995,#4990,#3208,.T.);
#6286=EDGE_CURVE('',#4987,#4996,#3209,.T.);
#6287=EDGE_CURVE('',#4996,#4997,#3210,.T.);
#6288=EDGE_CURVE('',#4997,#4925,#3211,.T.);
#6289=EDGE_CURVE('',#4993,#4924,#3212,.T.);
#6290=EDGE_CURVE('',#4971,#4989,#3213,.T.);
#6291=EDGE_CURVE('',#4972,#4995,#3214,.T.);
#6292=EDGE_CURVE('',#4963,#4994,#3215,.T.);
#6293=EDGE_CURVE('',#4968,#4996,#3216,.T.);
#6294=EDGE_CURVE('',#4969,#4992,#3217,.T.);
#6295=EDGE_CURVE('',#4970,#4991,#3218,.T.);
#6296=EDGE_CURVE('',#4993,#4920,#3219,.T.);
#6297=EDGE_CURVE('',#4964,#4983,#3220,.T.);
#6298=EDGE_CURVE('',#4965,#4982,#3221,.T.);
#6299=EDGE_CURVE('',#4966,#4979,#3222,.T.);
#6300=EDGE_CURVE('',#4967,#4981,#3223,.T.);
#6301=EDGE_CURVE('',#4984,#4931,#3224,.T.);
#6302=EDGE_CURVE('',#4932,#4919,#3225,.T.);
#6303=EDGE_CURVE('',#4938,#4998,#3226,.T.);
#6304=EDGE_CURVE('',#4998,#4999,#3227,.T.);
#6305=EDGE_CURVE('',#4968,#4999,#3228,.T.);
#6306=EDGE_CURVE('',#4939,#4967,#3229,.T.);
#6307=EDGE_CURVE('',#5000,#4933,#3230,.T.);
#6308=EDGE_CURVE('',#5000,#5001,#3231,.T.);
#6309=EDGE_CURVE('',#5002,#5001,#2367,.T.);
#6310=EDGE_CURVE('',#4998,#5002,#3232,.T.);
#6311=EDGE_CURVE('',#5003,#5003,#2368,.T.);
#6312=EDGE_CURVE('',#5004,#5004,#2369,.T.);
#6313=EDGE_CURVE('',#4980,#4950,#3233,.T.);
#6314=EDGE_CURVE('',#4999,#4952,#3234,.T.);
#6315=EDGE_CURVE('',#4997,#4951,#3235,.T.);
#6316=EDGE_CURVE('',#4945,#5002,#3236,.T.);
#6317=EDGE_CURVE('',#5001,#4944,#3237,.T.);
#6318=EDGE_CURVE('',#5005,#5006,#2370,.T.);
#6319=EDGE_CURVE('',#5006,#4949,#3238,.T.);
#6320=EDGE_CURVE('',#4948,#5005,#3239,.T.);
#6321=EDGE_CURVE('',#5005,#5007,#3240,.T.);
#6322=EDGE_CURVE('',#5008,#5007,#2371,.T.);
#6323=EDGE_CURVE('',#5008,#5009,#3241,.T.);
#6324=EDGE_CURVE('',#5009,#5010,#3242,.T.);
#6325=EDGE_CURVE('',#5010,#5006,#3243,.T.);
#6326=EDGE_CURVE('',#5011,#5011,#2372,.T.);
#6327=EDGE_CURVE('',#5012,#5012,#2373,.T.);
#6328=EDGE_CURVE('',#5007,#4947,#3244,.T.);
#6329=EDGE_CURVE('',#4946,#5008,#3245,.T.);
#6330=EDGE_CURVE('',#4937,#5010,#3246,.T.);
#6331=EDGE_CURVE('',#5009,#5000,#3247,.T.);
#6332=EDGE_CURVE('',#4953,#5012,#3248,.T.);
#6333=EDGE_CURVE('',#4954,#5011,#3249,.T.);
#6334=EDGE_CURVE('',#4955,#5004,#3250,.T.);
#6335=EDGE_CURVE('',#4956,#5003,#3251,.T.);
#6336=EDGE_CURVE('',#5013,#5013,#2374,.T.);
#6337=EDGE_CURVE('',#5013,#5014,#3252,.T.);
#6338=EDGE_CURVE('',#5014,#5014,#2375,.T.);
#6339=EDGE_CURVE('',#5015,#5015,#2376,.T.);
#6340=EDGE_CURVE('',#5015,#5016,#3253,.T.);
#6341=EDGE_CURVE('',#5016,#5016,#2377,.T.);
#6342=EDGE_CURVE('',#5017,#5017,#2378,.T.);
#6343=EDGE_CURVE('',#5017,#5018,#3254,.T.);
#6344=EDGE_CURVE('',#5018,#5018,#2379,.T.);
#6345=EDGE_CURVE('',#5019,#5019,#2380,.T.);
#6346=EDGE_CURVE('',#5019,#5020,#3255,.T.);
#6347=EDGE_CURVE('',#5020,#5020,#2381,.T.);
#6348=EDGE_CURVE('',#5021,#5021,#2382,.T.);
#6349=EDGE_CURVE('',#5021,#5022,#3256,.T.);
#6350=EDGE_CURVE('',#5022,#5022,#2383,.T.);
#6351=EDGE_CURVE('',#5023,#5023,#2384,.T.);
#6352=EDGE_CURVE('',#5023,#5024,#3257,.T.);
#6353=EDGE_CURVE('',#5024,#5024,#2385,.T.);
#6354=EDGE_CURVE('',#5025,#5025,#2386,.T.);
#6355=EDGE_CURVE('',#5025,#5026,#3258,.T.);
#6356=EDGE_CURVE('',#5026,#5026,#2387,.T.);
#6357=EDGE_CURVE('',#5027,#5027,#2388,.T.);
#6358=EDGE_CURVE('',#5027,#5028,#3259,.T.);
#6359=EDGE_CURVE('',#5028,#5028,#2389,.T.);
#6360=EDGE_CURVE('',#5029,#5029,#2390,.T.);
#6361=EDGE_CURVE('',#5029,#5030,#3260,.T.);
#6362=EDGE_CURVE('',#5030,#5030,#2391,.T.);
#6363=EDGE_CURVE('',#5031,#5031,#2392,.T.);
#6364=EDGE_CURVE('',#5031,#5032,#3261,.T.);
#6365=EDGE_CURVE('',#5032,#5032,#2393,.T.);
#6366=EDGE_CURVE('',#5033,#5033,#2394,.T.);
#6367=EDGE_CURVE('',#5034,#5034,#2395,.T.);
#6368=EDGE_CURVE('',#5034,#5035,#3262,.T.);
#6369=EDGE_CURVE('',#5035,#5035,#2396,.T.);
#6370=EDGE_CURVE('',#5036,#5036,#2397,.T.);
#6371=EDGE_CURVE('',#5036,#5037,#3263,.T.);
#6372=EDGE_CURVE('',#5037,#5037,#2398,.T.);
#6373=EDGE_CURVE('',#5037,#5038,#3264,.T.);
#6374=EDGE_CURVE('',#5038,#5038,#2399,.T.);
#6375=EDGE_CURVE('',#5039,#5039,#2400,.T.);
#6376=EDGE_CURVE('',#5040,#5040,#2401,.T.);
#6377=EDGE_CURVE('',#5040,#5039,#3265,.T.);
#6378=EDGE_CURVE('',#5041,#5041,#2402,.T.);
#6379=EDGE_CURVE('',#5041,#5040,#3266,.T.);
#6380=EDGE_CURVE('',#5042,#5042,#2403,.T.);
#6381=EDGE_CURVE('',#5033,#5042,#3267,.T.);
#6382=EDGE_CURVE('',#5043,#5043,#2404,.T.);
#6383=EDGE_CURVE('',#5043,#5044,#3268,.T.);
#6384=EDGE_CURVE('',#5044,#5044,#2405,.T.);
#6385=EDGE_CURVE('',#5045,#5045,#2406,.T.);
#6386=EDGE_CURVE('',#5046,#5046,#2407,.T.);
#6387=EDGE_CURVE('',#5047,#5047,#2408,.T.);
#6388=EDGE_CURVE('',#5048,#5048,#2409,.T.);
#6389=EDGE_CURVE('',#5049,#5049,#2410,.T.);
#6390=EDGE_CURVE('',#5050,#5050,#2411,.T.);
#6391=EDGE_CURVE('',#5051,#5051,#2412,.T.);
#6392=EDGE_CURVE('',#5051,#5050,#3269,.T.);
#6393=EDGE_CURVE('',#5046,#5052,#3270,.T.);
#6394=EDGE_CURVE('',#5052,#5052,#2413,.T.);
#6395=EDGE_CURVE('',#5047,#5053,#3271,.T.);
#6396=EDGE_CURVE('',#5053,#5053,#2414,.T.);
#6397=EDGE_CURVE('',#5048,#5054,#3272,.T.);
#6398=EDGE_CURVE('',#5054,#5054,#2415,.T.);
#6399=EDGE_CURVE('',#5049,#5055,#3273,.T.);
#6400=EDGE_CURVE('',#5055,#5055,#2416,.T.);
#6401=EDGE_CURVE('',#5045,#5056,#3274,.T.);
#6402=EDGE_CURVE('',#5056,#5056,#2417,.T.);
#6403=ORIENTED_EDGE('',*,*,#5057,.F.);
#6404=ORIENTED_EDGE('',*,*,#5058,.F.);
#6405=ORIENTED_EDGE('',*,*,#5059,.T.);
#6406=ORIENTED_EDGE('',*,*,#5060,.T.);
#6407=ORIENTED_EDGE('',*,*,#5059,.F.);
#6408=ORIENTED_EDGE('',*,*,#5061,.F.);
#6409=ORIENTED_EDGE('',*,*,#5062,.F.);
#6410=ORIENTED_EDGE('',*,*,#5063,.T.);
#6411=ORIENTED_EDGE('',*,*,#5060,.F.);
#6412=ORIENTED_EDGE('',*,*,#5064,.F.);
#6413=ORIENTED_EDGE('',*,*,#5065,.T.);
#6414=ORIENTED_EDGE('',*,*,#5062,.T.);
#6415=ORIENTED_EDGE('',*,*,#5061,.T.);
#6416=ORIENTED_EDGE('',*,*,#5066,.T.);
#6417=ORIENTED_EDGE('',*,*,#5067,.T.);
#6418=ORIENTED_EDGE('',*,*,#5066,.F.);
#6419=ORIENTED_EDGE('',*,*,#5058,.T.);
#6420=ORIENTED_EDGE('',*,*,#5057,.T.);
#6421=ORIENTED_EDGE('',*,*,#5065,.F.);
#6422=ORIENTED_EDGE('',*,*,#5068,.F.);
#6423=ORIENTED_EDGE('',*,*,#5064,.T.);
#6424=ORIENTED_EDGE('',*,*,#5069,.F.);
#6425=ORIENTED_EDGE('',*,*,#5070,.T.);
#6426=ORIENTED_EDGE('',*,*,#5068,.T.);
#6427=ORIENTED_EDGE('',*,*,#5070,.F.);
#6428=ORIENTED_EDGE('',*,*,#5071,.F.);
#6429=ORIENTED_EDGE('',*,*,#5072,.F.);
#6430=ORIENTED_EDGE('',*,*,#5073,.F.);
#6431=ORIENTED_EDGE('',*,*,#5074,.T.);
#6432=ORIENTED_EDGE('',*,*,#5071,.T.);
#6433=ORIENTED_EDGE('',*,*,#5069,.T.);
#6434=ORIENTED_EDGE('',*,*,#5074,.F.);
#6435=ORIENTED_EDGE('',*,*,#5075,.F.);
#6436=ORIENTED_EDGE('',*,*,#5076,.F.);
#6437=ORIENTED_EDGE('',*,*,#5075,.T.);
#6438=ORIENTED_EDGE('',*,*,#5073,.T.);
#6439=ORIENTED_EDGE('',*,*,#5072,.T.);
#6440=ORIENTED_EDGE('',*,*,#5077,.F.);
#6441=ORIENTED_EDGE('',*,*,#5078,.F.);
#6442=ORIENTED_EDGE('',*,*,#5079,.T.);
#6443=ORIENTED_EDGE('',*,*,#5076,.T.);
#6444=ORIENTED_EDGE('',*,*,#5079,.F.);
#6445=ORIENTED_EDGE('',*,*,#5080,.F.);
#6446=ORIENTED_EDGE('',*,*,#5081,.T.);
#6447=ORIENTED_EDGE('',*,*,#5077,.T.);
#6448=ORIENTED_EDGE('',*,*,#5078,.T.);
#6449=ORIENTED_EDGE('',*,*,#5081,.F.);
#6450=ORIENTED_EDGE('',*,*,#5080,.T.);
#6451=ORIENTED_EDGE('',*,*,#5082,.F.);
#6452=ORIENTED_EDGE('',*,*,#5083,.F.);
#6453=ORIENTED_EDGE('',*,*,#5084,.T.);
#6454=ORIENTED_EDGE('',*,*,#5082,.T.);
#6455=ORIENTED_EDGE('',*,*,#5084,.F.);
#6456=ORIENTED_EDGE('',*,*,#5085,.F.);
#6457=ORIENTED_EDGE('',*,*,#5083,.T.);
#6458=ORIENTED_EDGE('',*,*,#5086,.F.);
#6459=ORIENTED_EDGE('',*,*,#5087,.F.);
#6460=ORIENTED_EDGE('',*,*,#5088,.T.);
#6461=ORIENTED_EDGE('',*,*,#5085,.T.);
#6462=ORIENTED_EDGE('',*,*,#5088,.F.);
#6463=ORIENTED_EDGE('',*,*,#5089,.F.);
#6464=ORIENTED_EDGE('',*,*,#5090,.T.);
#6465=ORIENTED_EDGE('',*,*,#5086,.T.);
#6466=ORIENTED_EDGE('',*,*,#5087,.T.);
#6467=ORIENTED_EDGE('',*,*,#5090,.F.);
#6468=ORIENTED_EDGE('',*,*,#5091,.F.);
#6469=ORIENTED_EDGE('',*,*,#5089,.T.);
#6470=ORIENTED_EDGE('',*,*,#5092,.F.);
#6471=ORIENTED_EDGE('',*,*,#5093,.F.);
#6472=ORIENTED_EDGE('',*,*,#5094,.T.);
#6473=ORIENTED_EDGE('',*,*,#5091,.T.);
#6474=ORIENTED_EDGE('',*,*,#5094,.F.);
#6475=ORIENTED_EDGE('',*,*,#5095,.F.);
#6476=ORIENTED_EDGE('',*,*,#5096,.F.);
#6477=ORIENTED_EDGE('',*,*,#5097,.F.);
#6478=ORIENTED_EDGE('',*,*,#5098,.T.);
#6479=ORIENTED_EDGE('',*,*,#5092,.T.);
#6480=ORIENTED_EDGE('',*,*,#5093,.T.);
#6481=ORIENTED_EDGE('',*,*,#5098,.F.);
#6482=ORIENTED_EDGE('',*,*,#5099,.F.);
#6483=ORIENTED_EDGE('',*,*,#5100,.F.);
#6484=ORIENTED_EDGE('',*,*,#5095,.T.);
#6485=ORIENTED_EDGE('',*,*,#5101,.F.);
#6486=ORIENTED_EDGE('',*,*,#5102,.T.);
#6487=ORIENTED_EDGE('',*,*,#5103,.F.);
#6488=ORIENTED_EDGE('',*,*,#5102,.F.);
#6489=ORIENTED_EDGE('',*,*,#5104,.F.);
#6490=ORIENTED_EDGE('',*,*,#5105,.T.);
#6491=ORIENTED_EDGE('',*,*,#5106,.T.);
#6492=ORIENTED_EDGE('',*,*,#5096,.T.);
#6493=ORIENTED_EDGE('',*,*,#5104,.T.);
#6494=ORIENTED_EDGE('',*,*,#5101,.T.);
#6495=ORIENTED_EDGE('',*,*,#5100,.T.);
#6496=ORIENTED_EDGE('',*,*,#5107,.T.);
#6497=ORIENTED_EDGE('',*,*,#5108,.F.);
#6498=ORIENTED_EDGE('',*,*,#5107,.F.);
#6499=ORIENTED_EDGE('',*,*,#5099,.T.);
#6500=ORIENTED_EDGE('',*,*,#5097,.T.);
#6501=ORIENTED_EDGE('',*,*,#5106,.F.);
#6502=ORIENTED_EDGE('',*,*,#5109,.T.);
#6503=ORIENTED_EDGE('',*,*,#5110,.T.);
#6504=ORIENTED_EDGE('',*,*,#5111,.T.);
#6505=ORIENTED_EDGE('',*,*,#5108,.T.);
#6506=ORIENTED_EDGE('',*,*,#5112,.F.);
#6507=ORIENTED_EDGE('',*,*,#5113,.F.);
#6508=ORIENTED_EDGE('',*,*,#5114,.T.);
#6509=ORIENTED_EDGE('',*,*,#5109,.F.);
#6510=ORIENTED_EDGE('',*,*,#5115,.T.);
#6511=ORIENTED_EDGE('',*,*,#5116,.F.);
#6512=ORIENTED_EDGE('',*,*,#5117,.T.);
#6513=ORIENTED_EDGE('',*,*,#5110,.F.);
#6514=ORIENTED_EDGE('',*,*,#5114,.F.);
#6515=ORIENTED_EDGE('',*,*,#5113,.T.);
#6516=ORIENTED_EDGE('',*,*,#5118,.T.);
#6517=ORIENTED_EDGE('',*,*,#5119,.F.);
#6518=ORIENTED_EDGE('',*,*,#5118,.F.);
#6519=ORIENTED_EDGE('',*,*,#5119,.T.);
#6520=ORIENTED_EDGE('',*,*,#5120,.F.);
#6521=ORIENTED_EDGE('',*,*,#5121,.F.);
#6522=ORIENTED_EDGE('',*,*,#5122,.F.);
#6523=ORIENTED_EDGE('',*,*,#5123,.T.);
#6524=ORIENTED_EDGE('',*,*,#5120,.T.);
#6525=ORIENTED_EDGE('',*,*,#5123,.F.);
#6526=ORIENTED_EDGE('',*,*,#5121,.T.);
#6527=ORIENTED_EDGE('',*,*,#5122,.T.);
#6528=ORIENTED_EDGE('',*,*,#5124,.T.);
#6529=ORIENTED_EDGE('',*,*,#5125,.F.);
#6530=ORIENTED_EDGE('',*,*,#5124,.F.);
#6531=ORIENTED_EDGE('',*,*,#5125,.T.);
#6532=ORIENTED_EDGE('',*,*,#5126,.F.);
#6533=ORIENTED_EDGE('',*,*,#5127,.F.);
#6534=ORIENTED_EDGE('',*,*,#5128,.T.);
#6535=ORIENTED_EDGE('',*,*,#5126,.T.);
#6536=ORIENTED_EDGE('',*,*,#5128,.F.);
#6537=ORIENTED_EDGE('',*,*,#5129,.F.);
#6538=ORIENTED_EDGE('',*,*,#5127,.T.);
#6539=ORIENTED_EDGE('',*,*,#5130,.F.);
#6540=ORIENTED_EDGE('',*,*,#5131,.F.);
#6541=ORIENTED_EDGE('',*,*,#5132,.T.);
#6542=ORIENTED_EDGE('',*,*,#5129,.T.);
#6543=ORIENTED_EDGE('',*,*,#5132,.F.);
#6544=ORIENTED_EDGE('',*,*,#5130,.T.);
#6545=ORIENTED_EDGE('',*,*,#5131,.T.);
#6546=ORIENTED_EDGE('',*,*,#5133,.T.);
#6547=ORIENTED_EDGE('',*,*,#5134,.F.);
#6548=ORIENTED_EDGE('',*,*,#5133,.F.);
#6549=ORIENTED_EDGE('',*,*,#5134,.T.);
#6550=ORIENTED_EDGE('',*,*,#5135,.F.);
#6551=ORIENTED_EDGE('',*,*,#5136,.F.);
#6552=ORIENTED_EDGE('',*,*,#5137,.F.);
#6553=ORIENTED_EDGE('',*,*,#5138,.T.);
#6554=ORIENTED_EDGE('',*,*,#5135,.T.);
#6555=ORIENTED_EDGE('',*,*,#5138,.F.);
#6556=ORIENTED_EDGE('',*,*,#5063,.F.);
#6557=ORIENTED_EDGE('',*,*,#5139,.T.);
#6558=ORIENTED_EDGE('',*,*,#5136,.T.);
#6559=ORIENTED_EDGE('',*,*,#5137,.T.);
#6560=ORIENTED_EDGE('',*,*,#5139,.F.);
#6561=ORIENTED_EDGE('',*,*,#5115,.F.);
#6562=ORIENTED_EDGE('',*,*,#5111,.F.);
#6563=ORIENTED_EDGE('',*,*,#5117,.F.);
#6564=ORIENTED_EDGE('',*,*,#5140,.F.);
#6565=ORIENTED_EDGE('',*,*,#5141,.T.);
#6566=ORIENTED_EDGE('',*,*,#5142,.T.);
#6567=ORIENTED_EDGE('',*,*,#5141,.F.);
#6568=ORIENTED_EDGE('',*,*,#5143,.F.);
#6569=ORIENTED_EDGE('',*,*,#5142,.F.);
#6570=ORIENTED_EDGE('',*,*,#5144,.T.);
#6571=ORIENTED_EDGE('',*,*,#5145,.F.);
#6572=ORIENTED_EDGE('',*,*,#5146,.F.);
#6573=ORIENTED_EDGE('',*,*,#5147,.F.);
#6574=ORIENTED_EDGE('',*,*,#5148,.F.);
#6575=ORIENTED_EDGE('',*,*,#5144,.F.);
#6576=ORIENTED_EDGE('',*,*,#5149,.F.);
#6577=ORIENTED_EDGE('',*,*,#5150,.T.);
#6578=ORIENTED_EDGE('',*,*,#5148,.T.);
#6579=ORIENTED_EDGE('',*,*,#5147,.T.);
#6580=ORIENTED_EDGE('',*,*,#5151,.T.);
#6581=ORIENTED_EDGE('',*,*,#5103,.T.);
#6582=ORIENTED_EDGE('',*,*,#5151,.F.);
#6583=ORIENTED_EDGE('',*,*,#5146,.T.);
#6584=ORIENTED_EDGE('',*,*,#5145,.T.);
#6585=ORIENTED_EDGE('',*,*,#5150,.F.);
#6586=ORIENTED_EDGE('',*,*,#5152,.F.);
#6587=ORIENTED_EDGE('',*,*,#5153,.F.);
#6588=ORIENTED_EDGE('',*,*,#5154,.T.);
#6589=ORIENTED_EDGE('',*,*,#5149,.T.);
#6590=ORIENTED_EDGE('',*,*,#5154,.F.);
#6591=ORIENTED_EDGE('',*,*,#5155,.F.);
#6592=ORIENTED_EDGE('',*,*,#5156,.F.);
#6593=ORIENTED_EDGE('',*,*,#5157,.T.);
#6594=ORIENTED_EDGE('',*,*,#5158,.F.);
#6595=ORIENTED_EDGE('',*,*,#5159,.F.);
#6596=ORIENTED_EDGE('',*,*,#5152,.T.);
#6597=ORIENTED_EDGE('',*,*,#5160,.F.);
#6598=ORIENTED_EDGE('',*,*,#5161,.F.);
#6599=ORIENTED_EDGE('',*,*,#5157,.F.);
#6600=ORIENTED_EDGE('',*,*,#5156,.T.);
#6601=ORIENTED_EDGE('',*,*,#5162,.T.);
#6602=ORIENTED_EDGE('',*,*,#5163,.F.);
#6603=ORIENTED_EDGE('',*,*,#5162,.F.);
#6604=ORIENTED_EDGE('',*,*,#5163,.T.);
#6605=ORIENTED_EDGE('',*,*,#5164,.F.);
#6606=ORIENTED_EDGE('',*,*,#5165,.F.);
#6607=ORIENTED_EDGE('',*,*,#5166,.F.);
#6608=ORIENTED_EDGE('',*,*,#5167,.T.);
#6609=ORIENTED_EDGE('',*,*,#5164,.T.);
#6610=ORIENTED_EDGE('',*,*,#5167,.F.);
#6611=ORIENTED_EDGE('',*,*,#5165,.T.);
#6612=ORIENTED_EDGE('',*,*,#5166,.T.);
#6613=ORIENTED_EDGE('',*,*,#5168,.T.);
#6614=ORIENTED_EDGE('',*,*,#5169,.F.);
#6615=ORIENTED_EDGE('',*,*,#5168,.F.);
#6616=ORIENTED_EDGE('',*,*,#5169,.T.);
#6617=ORIENTED_EDGE('',*,*,#5170,.F.);
#6618=ORIENTED_EDGE('',*,*,#5171,.F.);
#6619=ORIENTED_EDGE('',*,*,#5172,.T.);
#6620=ORIENTED_EDGE('',*,*,#5170,.T.);
#6621=ORIENTED_EDGE('',*,*,#5172,.F.);
#6622=ORIENTED_EDGE('',*,*,#5173,.F.);
#6623=ORIENTED_EDGE('',*,*,#5171,.T.);
#6624=ORIENTED_EDGE('',*,*,#5174,.F.);
#6625=ORIENTED_EDGE('',*,*,#5175,.F.);
#6626=ORIENTED_EDGE('',*,*,#5176,.T.);
#6627=ORIENTED_EDGE('',*,*,#5173,.T.);
#6628=ORIENTED_EDGE('',*,*,#5176,.F.);
#6629=ORIENTED_EDGE('',*,*,#5174,.T.);
#6630=ORIENTED_EDGE('',*,*,#5175,.T.);
#6631=ORIENTED_EDGE('',*,*,#5177,.T.);
#6632=ORIENTED_EDGE('',*,*,#5178,.F.);
#6633=ORIENTED_EDGE('',*,*,#5177,.F.);
#6634=ORIENTED_EDGE('',*,*,#5178,.T.);
#6635=ORIENTED_EDGE('',*,*,#5179,.F.);
#6636=ORIENTED_EDGE('',*,*,#5180,.F.);
#6637=ORIENTED_EDGE('',*,*,#5181,.F.);
#6638=ORIENTED_EDGE('',*,*,#5182,.T.);
#6639=ORIENTED_EDGE('',*,*,#5179,.T.);
#6640=ORIENTED_EDGE('',*,*,#5182,.F.);
#6641=ORIENTED_EDGE('',*,*,#5183,.F.);
#6642=ORIENTED_EDGE('',*,*,#5184,.T.);
#6643=ORIENTED_EDGE('',*,*,#5180,.T.);
#6644=ORIENTED_EDGE('',*,*,#5181,.T.);
#6645=ORIENTED_EDGE('',*,*,#5184,.F.);
#6646=ORIENTED_EDGE('',*,*,#5183,.T.);
#6647=ORIENTED_EDGE('',*,*,#5067,.F.);
#6648=ORIENTED_EDGE('',*,*,#5185,.T.);
#6649=ORIENTED_EDGE('',*,*,#5186,.T.);
#6650=ORIENTED_EDGE('',*,*,#5158,.T.);
#6651=ORIENTED_EDGE('',*,*,#5161,.T.);
#6652=ORIENTED_EDGE('',*,*,#5187,.T.);
#6653=ORIENTED_EDGE('',*,*,#5188,.F.);
#6654=ORIENTED_EDGE('',*,*,#5187,.F.);
#6655=ORIENTED_EDGE('',*,*,#5160,.T.);
#6656=ORIENTED_EDGE('',*,*,#5155,.T.);
#6657=ORIENTED_EDGE('',*,*,#5153,.T.);
#6658=ORIENTED_EDGE('',*,*,#5159,.T.);
#6659=ORIENTED_EDGE('',*,*,#5186,.F.);
#6660=ORIENTED_EDGE('',*,*,#5116,.T.);
#6661=ORIENTED_EDGE('',*,*,#5143,.T.);
#6662=ORIENTED_EDGE('',*,*,#5140,.T.);
#6663=ORIENTED_EDGE('',*,*,#5188,.T.);
#6664=ORIENTED_EDGE('',*,*,#5189,.F.);
#6665=ORIENTED_EDGE('',*,*,#5185,.F.);
#6666=ORIENTED_EDGE('',*,*,#5190,.T.);
#6667=ORIENTED_EDGE('',*,*,#5189,.T.);
#6668=ORIENTED_EDGE('',*,*,#5191,.T.);
#6669=ORIENTED_EDGE('',*,*,#5190,.F.);
#6670=ORIENTED_EDGE('',*,*,#5191,.F.);
#6671=ORIENTED_EDGE('',*,*,#5105,.F.);
#6672=ORIENTED_EDGE('',*,*,#5192,.T.);
#6673=ORIENTED_EDGE('',*,*,#5112,.T.);
#6674=ORIENTED_EDGE('',*,*,#5193,.T.);
#6675=ORIENTED_EDGE('',*,*,#5192,.F.);
#6676=ORIENTED_EDGE('',*,*,#5193,.F.);
#6677=ORIENTED_EDGE('',*,*,#5194,.T.);
#6678=ORIENTED_EDGE('',*,*,#5195,.F.);
#6679=ORIENTED_EDGE('',*,*,#5196,.F.);
#6680=ORIENTED_EDGE('',*,*,#5197,.F.);
#6681=ORIENTED_EDGE('',*,*,#5198,.F.);
#6682=ORIENTED_EDGE('',*,*,#5194,.F.);
#6683=ORIENTED_EDGE('',*,*,#5199,.F.);
#6684=ORIENTED_EDGE('',*,*,#5200,.T.);
#6685=ORIENTED_EDGE('',*,*,#5201,.T.);
#6686=ORIENTED_EDGE('',*,*,#5197,.T.);
#6687=ORIENTED_EDGE('',*,*,#5198,.T.);
#6688=ORIENTED_EDGE('',*,*,#5201,.F.);
#6689=ORIENTED_EDGE('',*,*,#5200,.F.);
#6690=ORIENTED_EDGE('',*,*,#5202,.T.);
#6691=ORIENTED_EDGE('',*,*,#5195,.T.);
#6692=ORIENTED_EDGE('',*,*,#5199,.T.);
#6693=ORIENTED_EDGE('',*,*,#5196,.T.);
#6694=ORIENTED_EDGE('',*,*,#5202,.F.);
#6695=ORIENTED_EDGE('',*,*,#5203,.T.);
#6696=ORIENTED_EDGE('',*,*,#5204,.T.);
#6697=ORIENTED_EDGE('',*,*,#5205,.T.);
#6698=ORIENTED_EDGE('',*,*,#5206,.F.);
#6699=ORIENTED_EDGE('',*,*,#5203,.F.);
#6700=ORIENTED_EDGE('',*,*,#5207,.F.);
#6701=ORIENTED_EDGE('',*,*,#5206,.T.);
#6702=ORIENTED_EDGE('',*,*,#5208,.T.);
#6703=ORIENTED_EDGE('',*,*,#5204,.F.);
#6704=ORIENTED_EDGE('',*,*,#5207,.T.);
#6705=ORIENTED_EDGE('',*,*,#5205,.F.);
#6706=ORIENTED_EDGE('',*,*,#5208,.F.);
#6707=ORIENTED_EDGE('',*,*,#5209,.T.);
#6708=ORIENTED_EDGE('',*,*,#5210,.T.);
#6709=ORIENTED_EDGE('',*,*,#5211,.T.);
#6710=ORIENTED_EDGE('',*,*,#5212,.F.);
#6711=ORIENTED_EDGE('',*,*,#5213,.T.);
#6712=ORIENTED_EDGE('',*,*,#5214,.F.);
#6713=ORIENTED_EDGE('',*,*,#5209,.F.);
#6714=ORIENTED_EDGE('',*,*,#5215,.F.);
#6715=ORIENTED_EDGE('',*,*,#5212,.T.);
#6716=ORIENTED_EDGE('',*,*,#5216,.T.);
#6717=ORIENTED_EDGE('',*,*,#5214,.T.);
#6718=ORIENTED_EDGE('',*,*,#5217,.T.);
#6719=ORIENTED_EDGE('',*,*,#5210,.F.);
#6720=ORIENTED_EDGE('',*,*,#5216,.F.);
#6721=ORIENTED_EDGE('',*,*,#5211,.F.);
#6722=ORIENTED_EDGE('',*,*,#5217,.F.);
#6723=ORIENTED_EDGE('',*,*,#5215,.T.);
#6724=ORIENTED_EDGE('',*,*,#5213,.F.);
#6725=ORIENTED_EDGE('',*,*,#5218,.T.);
#6726=ORIENTED_EDGE('',*,*,#5219,.T.);
#6727=ORIENTED_EDGE('',*,*,#5220,.T.);
#6728=ORIENTED_EDGE('',*,*,#5218,.F.);
#6729=ORIENTED_EDGE('',*,*,#5221,.F.);
#6730=ORIENTED_EDGE('',*,*,#5222,.T.);
#6731=ORIENTED_EDGE('',*,*,#5221,.T.);
#6732=ORIENTED_EDGE('',*,*,#5220,.F.);
#6733=ORIENTED_EDGE('',*,*,#5223,.F.);
#6734=ORIENTED_EDGE('',*,*,#5222,.F.);
#6735=ORIENTED_EDGE('',*,*,#5223,.T.);
#6736=ORIENTED_EDGE('',*,*,#5219,.F.);
#6737=ORIENTED_EDGE('',*,*,#5224,.F.);
#6738=ORIENTED_EDGE('',*,*,#5225,.T.);
#6739=ORIENTED_EDGE('',*,*,#5226,.T.);
#6740=ORIENTED_EDGE('',*,*,#5227,.T.);
#6741=ORIENTED_EDGE('',*,*,#5228,.T.);
#6742=ORIENTED_EDGE('',*,*,#5229,.F.);
#6743=ORIENTED_EDGE('',*,*,#5224,.T.);
#6744=ORIENTED_EDGE('',*,*,#5230,.F.);
#6745=ORIENTED_EDGE('',*,*,#5226,.F.);
#6746=ORIENTED_EDGE('',*,*,#5225,.F.);
#6747=ORIENTED_EDGE('',*,*,#5229,.T.);
#6748=ORIENTED_EDGE('',*,*,#5231,.T.);
#6749=ORIENTED_EDGE('',*,*,#5230,.T.);
#6750=ORIENTED_EDGE('',*,*,#5232,.T.);
#6751=ORIENTED_EDGE('',*,*,#5227,.F.);
#6752=ORIENTED_EDGE('',*,*,#5231,.F.);
#6753=ORIENTED_EDGE('',*,*,#5228,.F.);
#6754=ORIENTED_EDGE('',*,*,#5232,.F.);
#6755=ORIENTED_EDGE('',*,*,#5233,.T.);
#6756=ORIENTED_EDGE('',*,*,#5234,.F.);
#6757=ORIENTED_EDGE('',*,*,#5235,.F.);
#6758=ORIENTED_EDGE('',*,*,#5236,.T.);
#6759=ORIENTED_EDGE('',*,*,#5237,.F.);
#6760=ORIENTED_EDGE('',*,*,#5238,.T.);
#6761=ORIENTED_EDGE('',*,*,#5239,.T.);
#6762=ORIENTED_EDGE('',*,*,#5240,.T.);
#6763=ORIENTED_EDGE('',*,*,#5233,.F.);
#6764=ORIENTED_EDGE('',*,*,#5241,.T.);
#6765=ORIENTED_EDGE('',*,*,#5242,.T.);
#6766=ORIENTED_EDGE('',*,*,#5243,.T.);
#6767=ORIENTED_EDGE('',*,*,#5244,.F.);
#6768=ORIENTED_EDGE('',*,*,#5245,.T.);
#6769=ORIENTED_EDGE('',*,*,#5246,.T.);
#6770=ORIENTED_EDGE('',*,*,#5247,.T.);
#6771=ORIENTED_EDGE('',*,*,#5248,.F.);
#6772=ORIENTED_EDGE('',*,*,#5249,.T.);
#6773=ORIENTED_EDGE('',*,*,#5250,.T.);
#6774=ORIENTED_EDGE('',*,*,#5251,.T.);
#6775=ORIENTED_EDGE('',*,*,#5252,.F.);
#6776=ORIENTED_EDGE('',*,*,#5237,.T.);
#6777=ORIENTED_EDGE('',*,*,#5253,.T.);
#6778=ORIENTED_EDGE('',*,*,#5254,.T.);
#6779=ORIENTED_EDGE('',*,*,#5253,.F.);
#6780=ORIENTED_EDGE('',*,*,#5255,.T.);
#6781=ORIENTED_EDGE('',*,*,#5256,.T.);
#6782=ORIENTED_EDGE('',*,*,#5257,.F.);
#6783=ORIENTED_EDGE('',*,*,#5258,.T.);
#6784=ORIENTED_EDGE('',*,*,#5259,.T.);
#6785=ORIENTED_EDGE('',*,*,#5260,.T.);
#6786=ORIENTED_EDGE('',*,*,#5261,.F.);
#6787=ORIENTED_EDGE('',*,*,#5262,.T.);
#6788=ORIENTED_EDGE('',*,*,#5254,.F.);
#6789=ORIENTED_EDGE('',*,*,#5263,.T.);
#6790=ORIENTED_EDGE('',*,*,#5264,.F.);
#6791=ORIENTED_EDGE('',*,*,#5265,.F.);
#6792=ORIENTED_EDGE('',*,*,#5266,.T.);
#6793=ORIENTED_EDGE('',*,*,#5267,.F.);
#6794=ORIENTED_EDGE('',*,*,#5268,.F.);
#6795=ORIENTED_EDGE('',*,*,#5269,.F.);
#6796=ORIENTED_EDGE('',*,*,#5270,.T.);
#6797=ORIENTED_EDGE('',*,*,#5271,.T.);
#6798=ORIENTED_EDGE('',*,*,#5272,.T.);
#6799=ORIENTED_EDGE('',*,*,#5273,.T.);
#6800=ORIENTED_EDGE('',*,*,#5274,.T.);
#6801=ORIENTED_EDGE('',*,*,#5275,.T.);
#6802=ORIENTED_EDGE('',*,*,#5255,.F.);
#6803=ORIENTED_EDGE('',*,*,#5276,.F.);
#6804=ORIENTED_EDGE('',*,*,#5277,.F.);
#6805=ORIENTED_EDGE('',*,*,#5278,.T.);
#6806=ORIENTED_EDGE('',*,*,#5279,.F.);
#6807=ORIENTED_EDGE('',*,*,#5280,.F.);
#6808=ORIENTED_EDGE('',*,*,#5259,.F.);
#6809=ORIENTED_EDGE('',*,*,#5281,.T.);
#6810=ORIENTED_EDGE('',*,*,#5282,.F.);
#6811=ORIENTED_EDGE('',*,*,#5283,.T.);
#6812=ORIENTED_EDGE('',*,*,#5256,.F.);
#6813=ORIENTED_EDGE('',*,*,#5278,.F.);
#6814=ORIENTED_EDGE('',*,*,#5284,.F.);
#6815=ORIENTED_EDGE('',*,*,#5281,.F.);
#6816=ORIENTED_EDGE('',*,*,#5262,.F.);
#6817=ORIENTED_EDGE('',*,*,#5285,.T.);
#6818=ORIENTED_EDGE('',*,*,#5273,.F.);
#6819=ORIENTED_EDGE('',*,*,#5274,.F.);
#6820=ORIENTED_EDGE('',*,*,#5286,.T.);
#6821=ORIENTED_EDGE('',*,*,#5287,.F.);
#6822=ORIENTED_EDGE('',*,*,#5288,.T.);
#6823=ORIENTED_EDGE('',*,*,#5289,.T.);
#6824=ORIENTED_EDGE('',*,*,#5290,.F.);
#6825=ORIENTED_EDGE('',*,*,#5291,.F.);
#6826=ORIENTED_EDGE('',*,*,#5292,.T.);
#6827=ORIENTED_EDGE('',*,*,#5293,.F.);
#6828=ORIENTED_EDGE('',*,*,#5294,.F.);
#6829=ORIENTED_EDGE('',*,*,#5295,.F.);
#6830=ORIENTED_EDGE('',*,*,#5296,.T.);
#6831=ORIENTED_EDGE('',*,*,#5297,.T.);
#6832=ORIENTED_EDGE('',*,*,#5298,.F.);
#6833=ORIENTED_EDGE('',*,*,#5299,.T.);
#6834=ORIENTED_EDGE('',*,*,#5300,.T.);
#6835=ORIENTED_EDGE('',*,*,#5301,.T.);
#6836=ORIENTED_EDGE('',*,*,#5302,.F.);
#6837=ORIENTED_EDGE('',*,*,#5303,.T.);
#6838=ORIENTED_EDGE('',*,*,#5304,.T.);
#6839=ORIENTED_EDGE('',*,*,#5305,.F.);
#6840=ORIENTED_EDGE('',*,*,#5306,.F.);
#6841=ORIENTED_EDGE('',*,*,#5307,.T.);
#6842=ORIENTED_EDGE('',*,*,#5308,.T.);
#6843=ORIENTED_EDGE('',*,*,#5309,.T.);
#6844=ORIENTED_EDGE('',*,*,#5310,.F.);
#6845=ORIENTED_EDGE('',*,*,#5311,.F.);
#6846=ORIENTED_EDGE('',*,*,#5286,.F.);
#6847=ORIENTED_EDGE('',*,*,#5312,.F.);
#6848=ORIENTED_EDGE('',*,*,#5313,.T.);
#6849=ORIENTED_EDGE('',*,*,#5314,.T.);
#6850=ORIENTED_EDGE('',*,*,#5315,.F.);
#6851=ORIENTED_EDGE('',*,*,#5279,.T.);
#6852=ORIENTED_EDGE('',*,*,#5284,.T.);
#6853=ORIENTED_EDGE('',*,*,#5316,.T.);
#6854=ORIENTED_EDGE('',*,*,#5317,.T.);
#6855=ORIENTED_EDGE('',*,*,#5277,.T.);
#6856=ORIENTED_EDGE('',*,*,#5318,.T.);
#6857=ORIENTED_EDGE('',*,*,#5319,.T.);
#6858=ORIENTED_EDGE('',*,*,#5282,.T.);
#6859=ORIENTED_EDGE('',*,*,#5319,.F.);
#6860=ORIENTED_EDGE('',*,*,#5320,.T.);
#6861=ORIENTED_EDGE('',*,*,#5257,.T.);
#6862=ORIENTED_EDGE('',*,*,#5283,.F.);
#6863=ORIENTED_EDGE('',*,*,#5316,.F.);
#6864=ORIENTED_EDGE('',*,*,#5285,.F.);
#6865=ORIENTED_EDGE('',*,*,#5261,.T.);
#6866=ORIENTED_EDGE('',*,*,#5321,.T.);
#6867=ORIENTED_EDGE('',*,*,#5318,.F.);
#6868=ORIENTED_EDGE('',*,*,#5276,.T.);
#6869=ORIENTED_EDGE('',*,*,#5258,.F.);
#6870=ORIENTED_EDGE('',*,*,#5320,.F.);
#6871=ORIENTED_EDGE('',*,*,#5317,.F.);
#6872=ORIENTED_EDGE('',*,*,#5321,.F.);
#6873=ORIENTED_EDGE('',*,*,#5260,.F.);
#6874=ORIENTED_EDGE('',*,*,#5280,.T.);
#6875=ORIENTED_EDGE('',*,*,#5322,.F.);
#6876=ORIENTED_EDGE('',*,*,#5293,.T.);
#6877=ORIENTED_EDGE('',*,*,#5323,.F.);
#6878=ORIENTED_EDGE('',*,*,#5324,.F.);
#6879=ORIENTED_EDGE('',*,*,#5325,.F.);
#6880=ORIENTED_EDGE('',*,*,#5289,.F.);
#6881=ORIENTED_EDGE('',*,*,#5326,.F.);
#6882=ORIENTED_EDGE('',*,*,#5327,.F.);
#6883=ORIENTED_EDGE('',*,*,#5328,.F.);
#6884=ORIENTED_EDGE('',*,*,#5297,.F.);
#6885=ORIENTED_EDGE('',*,*,#5329,.F.);
#6886=ORIENTED_EDGE('',*,*,#5330,.F.);
#6887=ORIENTED_EDGE('',*,*,#5322,.T.);
#6888=ORIENTED_EDGE('',*,*,#5331,.F.);
#6889=ORIENTED_EDGE('',*,*,#5332,.F.);
#6890=ORIENTED_EDGE('',*,*,#5333,.F.);
#6891=ORIENTED_EDGE('',*,*,#5294,.T.);
#6892=ORIENTED_EDGE('',*,*,#5334,.T.);
#6893=ORIENTED_EDGE('',*,*,#5335,.F.);
#6894=ORIENTED_EDGE('',*,*,#5303,.F.);
#6895=ORIENTED_EDGE('',*,*,#5336,.F.);
#6896=ORIENTED_EDGE('',*,*,#5337,.F.);
#6897=ORIENTED_EDGE('',*,*,#5338,.T.);
#6898=ORIENTED_EDGE('',*,*,#5339,.F.);
#6899=ORIENTED_EDGE('',*,*,#5307,.F.);
#6900=ORIENTED_EDGE('',*,*,#5333,.T.);
#6901=ORIENTED_EDGE('',*,*,#5340,.T.);
#6902=ORIENTED_EDGE('',*,*,#5341,.T.);
#6903=ORIENTED_EDGE('',*,*,#5295,.T.);
#6904=ORIENTED_EDGE('',*,*,#5342,.T.);
#6905=ORIENTED_EDGE('',*,*,#5291,.T.);
#6906=ORIENTED_EDGE('',*,*,#5343,.T.);
#6907=ORIENTED_EDGE('',*,*,#5344,.T.);
#6908=ORIENTED_EDGE('',*,*,#5345,.T.);
#6909=ORIENTED_EDGE('',*,*,#5287,.T.);
#6910=ORIENTED_EDGE('',*,*,#5311,.T.);
#6911=ORIENTED_EDGE('',*,*,#5346,.F.);
#6912=ORIENTED_EDGE('',*,*,#5347,.T.);
#6913=ORIENTED_EDGE('',*,*,#5348,.T.);
#6914=ORIENTED_EDGE('',*,*,#5349,.T.);
#6915=ORIENTED_EDGE('',*,*,#5350,.F.);
#6916=ORIENTED_EDGE('',*,*,#5299,.F.);
#6917=ORIENTED_EDGE('',*,*,#5351,.T.);
#6918=ORIENTED_EDGE('',*,*,#5352,.F.);
#6919=ORIENTED_EDGE('',*,*,#5334,.F.);
#6920=ORIENTED_EDGE('',*,*,#5353,.T.);
#6921=ORIENTED_EDGE('',*,*,#5354,.T.);
#6922=ORIENTED_EDGE('',*,*,#5355,.T.);
#6923=ORIENTED_EDGE('',*,*,#5356,.F.);
#6924=ORIENTED_EDGE('',*,*,#5338,.F.);
#6925=ORIENTED_EDGE('',*,*,#5332,.T.);
#6926=ORIENTED_EDGE('',*,*,#5357,.F.);
#6927=ORIENTED_EDGE('',*,*,#5358,.F.);
#6928=ORIENTED_EDGE('',*,*,#5340,.F.);
#6929=ORIENTED_EDGE('',*,*,#5359,.F.);
#6930=ORIENTED_EDGE('',*,*,#5344,.F.);
#6931=ORIENTED_EDGE('',*,*,#5360,.T.);
#6932=ORIENTED_EDGE('',*,*,#5361,.F.);
#6933=ORIENTED_EDGE('',*,*,#5362,.F.);
#6934=ORIENTED_EDGE('',*,*,#5347,.F.);
#6935=ORIENTED_EDGE('',*,*,#5363,.T.);
#6936=ORIENTED_EDGE('',*,*,#5364,.F.);
#6937=ORIENTED_EDGE('',*,*,#5365,.T.);
#6938=ORIENTED_EDGE('',*,*,#5366,.F.);
#6939=ORIENTED_EDGE('',*,*,#5367,.F.);
#6940=ORIENTED_EDGE('',*,*,#5349,.F.);
#6941=ORIENTED_EDGE('',*,*,#5366,.T.);
#6942=ORIENTED_EDGE('',*,*,#5368,.F.);
#6943=ORIENTED_EDGE('',*,*,#5357,.T.);
#6944=ORIENTED_EDGE('',*,*,#5369,.F.);
#6945=ORIENTED_EDGE('',*,*,#5361,.T.);
#6946=ORIENTED_EDGE('',*,*,#5370,.F.);
#6947=ORIENTED_EDGE('',*,*,#5364,.T.);
#6948=ORIENTED_EDGE('',*,*,#5371,.T.);
#6949=ORIENTED_EDGE('',*,*,#5355,.F.);
#6950=ORIENTED_EDGE('',*,*,#5372,.T.);
#6951=ORIENTED_EDGE('',*,*,#5351,.F.);
#6952=ORIENTED_EDGE('',*,*,#5373,.T.);
#6953=ORIENTED_EDGE('',*,*,#5374,.F.);
#6954=ORIENTED_EDGE('',*,*,#5375,.F.);
#6955=ORIENTED_EDGE('',*,*,#5376,.F.);
#6956=ORIENTED_EDGE('',*,*,#5377,.T.);
#6957=ORIENTED_EDGE('',*,*,#5374,.T.);
#6958=ORIENTED_EDGE('',*,*,#5377,.F.);
#6959=ORIENTED_EDGE('',*,*,#5376,.T.);
#6960=ORIENTED_EDGE('',*,*,#5378,.F.);
#6961=ORIENTED_EDGE('',*,*,#5235,.T.);
#6962=ORIENTED_EDGE('',*,*,#5379,.F.);
#6963=ORIENTED_EDGE('',*,*,#5380,.F.);
#6964=ORIENTED_EDGE('',*,*,#5381,.F.);
#6965=ORIENTED_EDGE('',*,*,#5382,.T.);
#6966=ORIENTED_EDGE('',*,*,#5383,.F.);
#6967=ORIENTED_EDGE('',*,*,#5384,.F.);
#6968=ORIENTED_EDGE('',*,*,#5385,.F.);
#6969=ORIENTED_EDGE('',*,*,#5386,.T.);
#6970=ORIENTED_EDGE('',*,*,#5387,.F.);
#6971=ORIENTED_EDGE('',*,*,#5388,.F.);
#6972=ORIENTED_EDGE('',*,*,#5389,.F.);
#6973=ORIENTED_EDGE('',*,*,#5390,.T.);
#6974=ORIENTED_EDGE('',*,*,#5391,.F.);
#6975=ORIENTED_EDGE('',*,*,#5392,.F.);
#6976=ORIENTED_EDGE('',*,*,#5393,.T.);
#6977=ORIENTED_EDGE('',*,*,#5238,.F.);
#6978=ORIENTED_EDGE('',*,*,#5236,.F.);
#6979=ORIENTED_EDGE('',*,*,#5378,.T.);
#6980=ORIENTED_EDGE('',*,*,#5394,.T.);
#6981=ORIENTED_EDGE('',*,*,#5239,.F.);
#6982=ORIENTED_EDGE('',*,*,#5394,.F.);
#6983=ORIENTED_EDGE('',*,*,#5380,.T.);
#6984=ORIENTED_EDGE('',*,*,#5395,.T.);
#6985=ORIENTED_EDGE('',*,*,#5240,.F.);
#6986=ORIENTED_EDGE('',*,*,#5395,.F.);
#6987=ORIENTED_EDGE('',*,*,#5379,.T.);
#6988=ORIENTED_EDGE('',*,*,#5234,.T.);
#6989=ORIENTED_EDGE('',*,*,#5241,.F.);
#6990=ORIENTED_EDGE('',*,*,#5396,.F.);
#6991=ORIENTED_EDGE('',*,*,#5381,.T.);
#6992=ORIENTED_EDGE('',*,*,#5397,.T.);
#6993=ORIENTED_EDGE('',*,*,#5242,.F.);
#6994=ORIENTED_EDGE('',*,*,#5397,.F.);
#6995=ORIENTED_EDGE('',*,*,#5384,.T.);
#6996=ORIENTED_EDGE('',*,*,#5398,.T.);
#6997=ORIENTED_EDGE('',*,*,#5243,.F.);
#6998=ORIENTED_EDGE('',*,*,#5398,.F.);
#6999=ORIENTED_EDGE('',*,*,#5383,.T.);
#7000=ORIENTED_EDGE('',*,*,#5399,.T.);
#7001=ORIENTED_EDGE('',*,*,#5244,.T.);
#7002=ORIENTED_EDGE('',*,*,#5399,.F.);
#7003=ORIENTED_EDGE('',*,*,#5382,.F.);
#7004=ORIENTED_EDGE('',*,*,#5396,.T.);
#7005=ORIENTED_EDGE('',*,*,#5245,.F.);
#7006=ORIENTED_EDGE('',*,*,#5400,.F.);
#7007=ORIENTED_EDGE('',*,*,#5385,.T.);
#7008=ORIENTED_EDGE('',*,*,#5401,.T.);
#7009=ORIENTED_EDGE('',*,*,#5246,.F.);
#7010=ORIENTED_EDGE('',*,*,#5401,.F.);
#7011=ORIENTED_EDGE('',*,*,#5388,.T.);
#7012=ORIENTED_EDGE('',*,*,#5402,.T.);
#7013=ORIENTED_EDGE('',*,*,#5247,.F.);
#7014=ORIENTED_EDGE('',*,*,#5402,.F.);
#7015=ORIENTED_EDGE('',*,*,#5387,.T.);
#7016=ORIENTED_EDGE('',*,*,#5403,.T.);
#7017=ORIENTED_EDGE('',*,*,#5248,.T.);
#7018=ORIENTED_EDGE('',*,*,#5403,.F.);
#7019=ORIENTED_EDGE('',*,*,#5386,.F.);
#7020=ORIENTED_EDGE('',*,*,#5400,.T.);
#7021=ORIENTED_EDGE('',*,*,#5249,.F.);
#7022=ORIENTED_EDGE('',*,*,#5404,.F.);
#7023=ORIENTED_EDGE('',*,*,#5389,.T.);
#7024=ORIENTED_EDGE('',*,*,#5405,.T.);
#7025=ORIENTED_EDGE('',*,*,#5250,.F.);
#7026=ORIENTED_EDGE('',*,*,#5405,.F.);
#7027=ORIENTED_EDGE('',*,*,#5392,.T.);
#7028=ORIENTED_EDGE('',*,*,#5406,.T.);
#7029=ORIENTED_EDGE('',*,*,#5251,.F.);
#7030=ORIENTED_EDGE('',*,*,#5406,.F.);
#7031=ORIENTED_EDGE('',*,*,#5391,.T.);
#7032=ORIENTED_EDGE('',*,*,#5407,.T.);
#7033=ORIENTED_EDGE('',*,*,#5252,.T.);
#7034=ORIENTED_EDGE('',*,*,#5407,.F.);
#7035=ORIENTED_EDGE('',*,*,#5390,.F.);
#7036=ORIENTED_EDGE('',*,*,#5404,.T.);
#7037=ORIENTED_EDGE('',*,*,#5393,.F.);
#7038=ORIENTED_EDGE('',*,*,#5408,.T.);
#7039=ORIENTED_EDGE('',*,*,#5409,.T.);
#7040=ORIENTED_EDGE('',*,*,#5410,.T.);
#7041=ORIENTED_EDGE('',*,*,#5408,.F.);
#7042=ORIENTED_EDGE('',*,*,#5410,.F.);
#7043=ORIENTED_EDGE('',*,*,#5411,.T.);
#7044=ORIENTED_EDGE('',*,*,#5412,.F.);
#7045=ORIENTED_EDGE('',*,*,#5413,.F.);
#7046=ORIENTED_EDGE('',*,*,#5411,.F.);
#7047=ORIENTED_EDGE('',*,*,#5409,.F.);
#7048=ORIENTED_EDGE('',*,*,#5413,.T.);
#7049=ORIENTED_EDGE('',*,*,#5414,.T.);
#7050=ORIENTED_EDGE('',*,*,#5415,.F.);
#7051=ORIENTED_EDGE('',*,*,#5414,.F.);
#7052=ORIENTED_EDGE('',*,*,#5412,.T.);
#7053=ORIENTED_EDGE('',*,*,#5415,.T.);
#7054=ORIENTED_EDGE('',*,*,#5416,.F.);
#7055=ORIENTED_EDGE('',*,*,#5417,.F.);
#7056=ORIENTED_EDGE('',*,*,#5418,.T.);
#7057=ORIENTED_EDGE('',*,*,#5416,.T.);
#7058=ORIENTED_EDGE('',*,*,#5418,.F.);
#7059=ORIENTED_EDGE('',*,*,#5417,.T.);
#7060=ORIENTED_EDGE('',*,*,#5373,.F.);
#7061=ORIENTED_EDGE('',*,*,#5419,.T.);
#7062=ORIENTED_EDGE('',*,*,#5420,.F.);
#7063=ORIENTED_EDGE('',*,*,#5421,.F.);
#7064=ORIENTED_EDGE('',*,*,#5300,.F.);
#7065=ORIENTED_EDGE('',*,*,#5350,.T.);
#7066=ORIENTED_EDGE('',*,*,#5367,.T.);
#7067=ORIENTED_EDGE('',*,*,#5421,.T.);
#7068=ORIENTED_EDGE('',*,*,#5422,.F.);
#7069=ORIENTED_EDGE('',*,*,#5301,.F.);
#7070=ORIENTED_EDGE('',*,*,#5422,.T.);
#7071=ORIENTED_EDGE('',*,*,#5420,.T.);
#7072=ORIENTED_EDGE('',*,*,#5423,.T.);
#7073=ORIENTED_EDGE('',*,*,#5305,.T.);
#7074=ORIENTED_EDGE('',*,*,#5424,.T.);
#7075=ORIENTED_EDGE('',*,*,#5425,.T.);
#7076=ORIENTED_EDGE('',*,*,#5426,.T.);
#7077=ORIENTED_EDGE('',*,*,#5309,.F.);
#7078=ORIENTED_EDGE('',*,*,#5427,.T.);
#7079=ORIENTED_EDGE('',*,*,#5428,.T.);
#7080=ORIENTED_EDGE('',*,*,#5429,.T.);
#7081=ORIENTED_EDGE('',*,*,#5302,.T.);
#7082=ORIENTED_EDGE('',*,*,#5423,.F.);
#7083=ORIENTED_EDGE('',*,*,#5419,.F.);
#7084=ORIENTED_EDGE('',*,*,#5353,.F.);
#7085=ORIENTED_EDGE('',*,*,#5336,.T.);
#7086=ORIENTED_EDGE('',*,*,#5306,.T.);
#7087=ORIENTED_EDGE('',*,*,#5426,.F.);
#7088=ORIENTED_EDGE('',*,*,#5430,.F.);
#7089=ORIENTED_EDGE('',*,*,#5354,.F.);
#7090=ORIENTED_EDGE('',*,*,#5337,.T.);
#7091=ORIENTED_EDGE('',*,*,#5372,.F.);
#7092=ORIENTED_EDGE('',*,*,#5430,.T.);
#7093=ORIENTED_EDGE('',*,*,#5425,.F.);
#7094=ORIENTED_EDGE('',*,*,#5431,.F.);
#7095=ORIENTED_EDGE('',*,*,#5304,.F.);
#7096=ORIENTED_EDGE('',*,*,#5335,.T.);
#7097=ORIENTED_EDGE('',*,*,#5352,.T.);
#7098=ORIENTED_EDGE('',*,*,#5431,.T.);
#7099=ORIENTED_EDGE('',*,*,#5424,.F.);
#7100=ORIENTED_EDGE('',*,*,#5310,.T.);
#7101=ORIENTED_EDGE('',*,*,#5429,.F.);
#7102=ORIENTED_EDGE('',*,*,#5432,.F.);
#7103=ORIENTED_EDGE('',*,*,#5363,.F.);
#7104=ORIENTED_EDGE('',*,*,#5346,.T.);
#7105=ORIENTED_EDGE('',*,*,#5371,.F.);
#7106=ORIENTED_EDGE('',*,*,#5432,.T.);
#7107=ORIENTED_EDGE('',*,*,#5428,.F.);
#7108=ORIENTED_EDGE('',*,*,#5433,.F.);
#7109=ORIENTED_EDGE('',*,*,#5308,.F.);
#7110=ORIENTED_EDGE('',*,*,#5339,.T.);
#7111=ORIENTED_EDGE('',*,*,#5356,.T.);
#7112=ORIENTED_EDGE('',*,*,#5433,.T.);
#7113=ORIENTED_EDGE('',*,*,#5427,.F.);
#7114=ORIENTED_EDGE('',*,*,#5370,.T.);
#7115=ORIENTED_EDGE('',*,*,#5434,.T.);
#7116=ORIENTED_EDGE('',*,*,#5327,.T.);
#7117=ORIENTED_EDGE('',*,*,#5435,.F.);
#7118=ORIENTED_EDGE('',*,*,#5326,.T.);
#7119=ORIENTED_EDGE('',*,*,#5288,.F.);
#7120=ORIENTED_EDGE('',*,*,#5345,.F.);
#7121=ORIENTED_EDGE('',*,*,#5362,.T.);
#7122=ORIENTED_EDGE('',*,*,#5435,.T.);
#7123=ORIENTED_EDGE('',*,*,#5325,.T.);
#7124=ORIENTED_EDGE('',*,*,#5434,.F.);
#7125=ORIENTED_EDGE('',*,*,#5360,.F.);
#7126=ORIENTED_EDGE('',*,*,#5343,.F.);
#7127=ORIENTED_EDGE('',*,*,#5290,.T.);
#7128=ORIENTED_EDGE('',*,*,#5369,.T.);
#7129=ORIENTED_EDGE('',*,*,#5331,.T.);
#7130=ORIENTED_EDGE('',*,*,#5324,.T.);
#7131=ORIENTED_EDGE('',*,*,#5436,.F.);
#7132=ORIENTED_EDGE('',*,*,#5323,.T.);
#7133=ORIENTED_EDGE('',*,*,#5292,.F.);
#7134=ORIENTED_EDGE('',*,*,#5342,.F.);
#7135=ORIENTED_EDGE('',*,*,#5359,.T.);
#7136=ORIENTED_EDGE('',*,*,#5436,.T.);
#7137=ORIENTED_EDGE('',*,*,#5368,.T.);
#7138=ORIENTED_EDGE('',*,*,#5437,.T.);
#7139=ORIENTED_EDGE('',*,*,#5330,.T.);
#7140=ORIENTED_EDGE('',*,*,#5438,.F.);
#7141=ORIENTED_EDGE('',*,*,#5329,.T.);
#7142=ORIENTED_EDGE('',*,*,#5296,.F.);
#7143=ORIENTED_EDGE('',*,*,#5341,.F.);
#7144=ORIENTED_EDGE('',*,*,#5358,.T.);
#7145=ORIENTED_EDGE('',*,*,#5438,.T.);
#7146=ORIENTED_EDGE('',*,*,#5328,.T.);
#7147=ORIENTED_EDGE('',*,*,#5437,.F.);
#7148=ORIENTED_EDGE('',*,*,#5365,.F.);
#7149=ORIENTED_EDGE('',*,*,#5348,.F.);
#7150=ORIENTED_EDGE('',*,*,#5298,.T.);
#7151=ORIENTED_EDGE('',*,*,#5439,.F.);
#7152=ORIENTED_EDGE('',*,*,#5440,.T.);
#7153=ORIENTED_EDGE('',*,*,#5375,.T.);
#7154=ORIENTED_EDGE('',*,*,#5440,.F.);
#7155=ORIENTED_EDGE('',*,*,#5439,.T.);
#7156=ORIENTED_EDGE('',*,*,#5314,.F.);
#7157=ORIENTED_EDGE('',*,*,#5441,.F.);
#7158=ORIENTED_EDGE('',*,*,#5442,.F.);
#7159=ORIENTED_EDGE('',*,*,#5443,.F.);
#7160=ORIENTED_EDGE('',*,*,#5315,.T.);
#7161=ORIENTED_EDGE('',*,*,#5443,.T.);
#7162=ORIENTED_EDGE('',*,*,#5444,.F.);
#7163=ORIENTED_EDGE('',*,*,#5445,.F.);
#7164=ORIENTED_EDGE('',*,*,#5312,.T.);
#7165=ORIENTED_EDGE('',*,*,#5445,.T.);
#7166=ORIENTED_EDGE('',*,*,#5446,.T.);
#7167=ORIENTED_EDGE('',*,*,#5447,.T.);
#7168=ORIENTED_EDGE('',*,*,#5313,.F.);
#7169=ORIENTED_EDGE('',*,*,#5447,.F.);
#7170=ORIENTED_EDGE('',*,*,#5448,.T.);
#7171=ORIENTED_EDGE('',*,*,#5441,.T.);
#7172=ORIENTED_EDGE('',*,*,#5446,.F.);
#7173=ORIENTED_EDGE('',*,*,#5444,.T.);
#7174=ORIENTED_EDGE('',*,*,#5442,.T.);
#7175=ORIENTED_EDGE('',*,*,#5448,.F.);
#7176=ORIENTED_EDGE('',*,*,#5449,.F.);
#7177=ORIENTED_EDGE('',*,*,#5450,.F.);
#7178=ORIENTED_EDGE('',*,*,#5263,.F.);
#7179=ORIENTED_EDGE('',*,*,#5451,.T.);
#7180=ORIENTED_EDGE('',*,*,#5449,.T.);
#7181=ORIENTED_EDGE('',*,*,#5452,.F.);
#7182=ORIENTED_EDGE('',*,*,#5453,.T.);
#7183=ORIENTED_EDGE('',*,*,#5454,.T.);
#7184=ORIENTED_EDGE('',*,*,#5455,.T.);
#7185=ORIENTED_EDGE('',*,*,#5456,.F.);
#7186=ORIENTED_EDGE('',*,*,#5457,.T.);
#7187=ORIENTED_EDGE('',*,*,#5458,.T.);
#7188=ORIENTED_EDGE('',*,*,#5459,.T.);
#7189=ORIENTED_EDGE('',*,*,#5460,.F.);
#7190=ORIENTED_EDGE('',*,*,#5461,.F.);
#7191=ORIENTED_EDGE('',*,*,#5462,.F.);
#7192=ORIENTED_EDGE('',*,*,#5450,.T.);
#7193=ORIENTED_EDGE('',*,*,#5460,.T.);
#7194=ORIENTED_EDGE('',*,*,#5463,.F.);
#7195=ORIENTED_EDGE('',*,*,#5464,.F.);
#7196=ORIENTED_EDGE('',*,*,#5465,.T.);
#7197=ORIENTED_EDGE('',*,*,#5466,.T.);
#7198=ORIENTED_EDGE('',*,*,#5467,.F.);
#7199=ORIENTED_EDGE('',*,*,#5468,.T.);
#7200=ORIENTED_EDGE('',*,*,#5469,.T.);
#7201=ORIENTED_EDGE('',*,*,#5470,.T.);
#7202=ORIENTED_EDGE('',*,*,#5264,.T.);
#7203=ORIENTED_EDGE('',*,*,#5471,.F.);
#7204=ORIENTED_EDGE('',*,*,#5472,.F.);
#7205=ORIENTED_EDGE('',*,*,#5473,.T.);
#7206=ORIENTED_EDGE('',*,*,#5269,.T.);
#7207=ORIENTED_EDGE('',*,*,#5474,.T.);
#7208=ORIENTED_EDGE('',*,*,#5265,.T.);
#7209=ORIENTED_EDGE('',*,*,#5470,.F.);
#7210=ORIENTED_EDGE('',*,*,#5475,.F.);
#7211=ORIENTED_EDGE('',*,*,#5471,.T.);
#7212=ORIENTED_EDGE('',*,*,#5268,.T.);
#7213=ORIENTED_EDGE('',*,*,#5476,.T.);
#7214=ORIENTED_EDGE('',*,*,#5475,.T.);
#7215=ORIENTED_EDGE('',*,*,#5469,.F.);
#7216=ORIENTED_EDGE('',*,*,#5477,.F.);
#7217=ORIENTED_EDGE('',*,*,#5478,.T.);
#7218=ORIENTED_EDGE('',*,*,#5472,.T.);
#7219=ORIENTED_EDGE('',*,*,#5476,.F.);
#7220=ORIENTED_EDGE('',*,*,#5267,.T.);
#7221=ORIENTED_EDGE('',*,*,#5479,.T.);
#7222=ORIENTED_EDGE('',*,*,#5474,.F.);
#7223=ORIENTED_EDGE('',*,*,#5479,.F.);
#7224=ORIENTED_EDGE('',*,*,#5266,.F.);
#7225=ORIENTED_EDGE('',*,*,#5480,.T.);
#7226=ORIENTED_EDGE('',*,*,#5270,.F.);
#7227=ORIENTED_EDGE('',*,*,#5473,.F.);
#7228=ORIENTED_EDGE('',*,*,#5478,.F.);
#7229=ORIENTED_EDGE('',*,*,#5481,.F.);
#7230=ORIENTED_EDGE('',*,*,#5482,.T.);
#7231=ORIENTED_EDGE('',*,*,#5483,.F.);
#7232=ORIENTED_EDGE('',*,*,#5484,.F.);
#7233=ORIENTED_EDGE('',*,*,#5485,.T.);
#7234=ORIENTED_EDGE('',*,*,#5486,.T.);
#7235=ORIENTED_EDGE('',*,*,#5454,.F.);
#7236=ORIENTED_EDGE('',*,*,#5271,.F.);
#7237=ORIENTED_EDGE('',*,*,#5480,.F.);
#7238=ORIENTED_EDGE('',*,*,#5453,.F.);
#7239=ORIENTED_EDGE('',*,*,#5487,.T.);
#7240=ORIENTED_EDGE('',*,*,#5451,.F.);
#7241=ORIENTED_EDGE('',*,*,#5275,.F.);
#7242=ORIENTED_EDGE('',*,*,#5272,.F.);
#7243=ORIENTED_EDGE('',*,*,#5487,.F.);
#7244=ORIENTED_EDGE('',*,*,#5452,.T.);
#7245=ORIENTED_EDGE('',*,*,#5488,.T.);
#7246=ORIENTED_EDGE('',*,*,#5489,.T.);
#7247=ORIENTED_EDGE('',*,*,#5490,.T.);
#7248=ORIENTED_EDGE('',*,*,#5491,.T.);
#7249=ORIENTED_EDGE('',*,*,#5492,.T.);
#7250=ORIENTED_EDGE('',*,*,#5493,.T.);
#7251=ORIENTED_EDGE('',*,*,#5494,.T.);
#7252=ORIENTED_EDGE('',*,*,#5495,.T.);
#7253=ORIENTED_EDGE('',*,*,#5496,.T.);
#7254=ORIENTED_EDGE('',*,*,#5497,.T.);
#7255=ORIENTED_EDGE('',*,*,#5498,.T.);
#7256=ORIENTED_EDGE('',*,*,#5499,.T.);
#7257=ORIENTED_EDGE('',*,*,#5500,.T.);
#7258=ORIENTED_EDGE('',*,*,#5501,.T.);
#7259=ORIENTED_EDGE('',*,*,#5502,.T.);
#7260=ORIENTED_EDGE('',*,*,#5503,.T.);
#7261=ORIENTED_EDGE('',*,*,#5504,.T.);
#7262=ORIENTED_EDGE('',*,*,#5505,.T.);
#7263=ORIENTED_EDGE('',*,*,#5506,.T.);
#7264=ORIENTED_EDGE('',*,*,#5507,.T.);
#7265=ORIENTED_EDGE('',*,*,#5508,.T.);
#7266=ORIENTED_EDGE('',*,*,#5509,.T.);
#7267=ORIENTED_EDGE('',*,*,#5510,.T.);
#7268=ORIENTED_EDGE('',*,*,#5511,.T.);
#7269=ORIENTED_EDGE('',*,*,#5512,.T.);
#7270=ORIENTED_EDGE('',*,*,#5513,.T.);
#7271=ORIENTED_EDGE('',*,*,#5514,.T.);
#7272=ORIENTED_EDGE('',*,*,#5515,.T.);
#7273=ORIENTED_EDGE('',*,*,#5516,.T.);
#7274=ORIENTED_EDGE('',*,*,#5517,.T.);
#7275=ORIENTED_EDGE('',*,*,#5518,.T.);
#7276=ORIENTED_EDGE('',*,*,#5519,.T.);
#7277=ORIENTED_EDGE('',*,*,#5520,.T.);
#7278=ORIENTED_EDGE('',*,*,#5521,.T.);
#7279=ORIENTED_EDGE('',*,*,#5522,.T.);
#7280=ORIENTED_EDGE('',*,*,#5523,.T.);
#7281=ORIENTED_EDGE('',*,*,#5524,.T.);
#7282=ORIENTED_EDGE('',*,*,#5525,.T.);
#7283=ORIENTED_EDGE('',*,*,#5526,.T.);
#7284=ORIENTED_EDGE('',*,*,#5527,.T.);
#7285=ORIENTED_EDGE('',*,*,#5528,.T.);
#7286=ORIENTED_EDGE('',*,*,#5467,.T.);
#7287=ORIENTED_EDGE('',*,*,#5529,.T.);
#7288=ORIENTED_EDGE('',*,*,#5530,.T.);
#7289=ORIENTED_EDGE('',*,*,#5531,.F.);
#7290=ORIENTED_EDGE('',*,*,#5532,.T.);
#7291=ORIENTED_EDGE('',*,*,#5482,.F.);
#7292=ORIENTED_EDGE('',*,*,#5533,.F.);
#7293=ORIENTED_EDGE('',*,*,#5534,.T.);
#7294=ORIENTED_EDGE('',*,*,#5535,.T.);
#7295=ORIENTED_EDGE('',*,*,#5536,.F.);
#7296=ORIENTED_EDGE('',*,*,#5537,.T.);
#7297=ORIENTED_EDGE('',*,*,#5455,.F.);
#7298=ORIENTED_EDGE('',*,*,#5486,.F.);
#7299=ORIENTED_EDGE('',*,*,#5538,.T.);
#7300=ORIENTED_EDGE('',*,*,#5539,.T.);
#7301=ORIENTED_EDGE('',*,*,#5540,.F.);
#7302=ORIENTED_EDGE('',*,*,#5541,.T.);
#7303=ORIENTED_EDGE('',*,*,#5463,.T.);
#7304=ORIENTED_EDGE('',*,*,#5459,.F.);
#7305=ORIENTED_EDGE('',*,*,#5542,.T.);
#7306=ORIENTED_EDGE('',*,*,#5543,.T.);
#7307=ORIENTED_EDGE('',*,*,#5544,.F.);
#7308=ORIENTED_EDGE('',*,*,#5545,.T.);
#7309=ORIENTED_EDGE('',*,*,#5546,.T.);
#7310=ORIENTED_EDGE('',*,*,#5547,.T.);
#7311=ORIENTED_EDGE('',*,*,#5548,.T.);
#7312=ORIENTED_EDGE('',*,*,#5549,.T.);
#7313=ORIENTED_EDGE('',*,*,#5550,.T.);
#7314=ORIENTED_EDGE('',*,*,#5551,.T.);
#7315=ORIENTED_EDGE('',*,*,#5552,.T.);
#7316=ORIENTED_EDGE('',*,*,#5553,.F.);
#7317=ORIENTED_EDGE('',*,*,#5554,.T.);
#7318=ORIENTED_EDGE('',*,*,#5555,.F.);
#7319=ORIENTED_EDGE('',*,*,#5556,.T.);
#7320=ORIENTED_EDGE('',*,*,#5557,.T.);
#7321=ORIENTED_EDGE('',*,*,#5558,.F.);
#7322=ORIENTED_EDGE('',*,*,#5559,.T.);
#7323=ORIENTED_EDGE('',*,*,#5560,.T.);
#7324=ORIENTED_EDGE('',*,*,#5561,.T.);
#7325=ORIENTED_EDGE('',*,*,#5562,.T.);
#7326=ORIENTED_EDGE('',*,*,#5563,.F.);
#7327=ORIENTED_EDGE('',*,*,#5564,.T.);
#7328=ORIENTED_EDGE('',*,*,#5565,.T.);
#7329=ORIENTED_EDGE('',*,*,#5566,.T.);
#7330=ORIENTED_EDGE('',*,*,#5567,.T.);
#7331=ORIENTED_EDGE('',*,*,#5568,.T.);
#7332=ORIENTED_EDGE('',*,*,#5569,.T.);
#7333=ORIENTED_EDGE('',*,*,#5570,.T.);
#7334=ORIENTED_EDGE('',*,*,#5571,.T.);
#7335=ORIENTED_EDGE('',*,*,#5572,.T.);
#7336=ORIENTED_EDGE('',*,*,#5573,.T.);
#7337=ORIENTED_EDGE('',*,*,#5574,.T.);
#7338=ORIENTED_EDGE('',*,*,#5575,.T.);
#7339=ORIENTED_EDGE('',*,*,#5576,.F.);
#7340=ORIENTED_EDGE('',*,*,#5577,.T.);
#7341=ORIENTED_EDGE('',*,*,#5578,.T.);
#7342=ORIENTED_EDGE('',*,*,#5579,.T.);
#7343=ORIENTED_EDGE('',*,*,#5580,.T.);
#7344=ORIENTED_EDGE('',*,*,#5581,.T.);
#7345=ORIENTED_EDGE('',*,*,#5582,.T.);
#7346=ORIENTED_EDGE('',*,*,#5583,.T.);
#7347=ORIENTED_EDGE('',*,*,#5584,.T.);
#7348=ORIENTED_EDGE('',*,*,#5585,.F.);
#7349=ORIENTED_EDGE('',*,*,#5586,.T.);
#7350=ORIENTED_EDGE('',*,*,#5488,.F.);
#7351=ORIENTED_EDGE('',*,*,#5587,.F.);
#7352=ORIENTED_EDGE('',*,*,#5588,.T.);
#7353=ORIENTED_EDGE('',*,*,#5589,.F.);
#7354=ORIENTED_EDGE('',*,*,#5590,.F.);
#7355=ORIENTED_EDGE('',*,*,#5465,.F.);
#7356=ORIENTED_EDGE('',*,*,#5591,.T.);
#7357=ORIENTED_EDGE('',*,*,#5592,.F.);
#7358=ORIENTED_EDGE('',*,*,#5593,.F.);
#7359=ORIENTED_EDGE('',*,*,#5457,.F.);
#7360=ORIENTED_EDGE('',*,*,#5594,.T.);
#7361=ORIENTED_EDGE('',*,*,#5595,.F.);
#7362=ORIENTED_EDGE('',*,*,#5596,.T.);
#7363=ORIENTED_EDGE('',*,*,#5484,.T.);
#7364=ORIENTED_EDGE('',*,*,#5597,.T.);
#7365=ORIENTED_EDGE('',*,*,#5598,.F.);
#7366=ORIENTED_EDGE('',*,*,#5599,.T.);
#7367=ORIENTED_EDGE('',*,*,#5600,.T.);
#7368=ORIENTED_EDGE('',*,*,#5585,.T.);
#7369=ORIENTED_EDGE('',*,*,#5601,.T.);
#7370=ORIENTED_EDGE('',*,*,#5602,.F.);
#7371=ORIENTED_EDGE('',*,*,#5603,.F.);
#7372=ORIENTED_EDGE('',*,*,#5604,.F.);
#7373=ORIENTED_EDGE('',*,*,#5605,.F.);
#7374=ORIENTED_EDGE('',*,*,#5606,.F.);
#7375=ORIENTED_EDGE('',*,*,#5607,.F.);
#7376=ORIENTED_EDGE('',*,*,#5608,.T.);
#7377=ORIENTED_EDGE('',*,*,#5609,.F.);
#7378=ORIENTED_EDGE('',*,*,#5610,.F.);
#7379=ORIENTED_EDGE('',*,*,#5611,.F.);
#7380=ORIENTED_EDGE('',*,*,#5612,.T.);
#7381=ORIENTED_EDGE('',*,*,#5613,.T.);
#7382=ORIENTED_EDGE('',*,*,#5614,.F.);
#7383=ORIENTED_EDGE('',*,*,#5615,.F.);
#7384=ORIENTED_EDGE('',*,*,#5616,.F.);
#7385=ORIENTED_EDGE('',*,*,#5617,.T.);
#7386=ORIENTED_EDGE('',*,*,#5618,.T.);
#7387=ORIENTED_EDGE('',*,*,#5619,.F.);
#7388=ORIENTED_EDGE('',*,*,#5620,.F.);
#7389=ORIENTED_EDGE('',*,*,#5621,.F.);
#7390=ORIENTED_EDGE('',*,*,#5622,.T.);
#7391=ORIENTED_EDGE('',*,*,#5623,.T.);
#7392=ORIENTED_EDGE('',*,*,#5624,.F.);
#7393=ORIENTED_EDGE('',*,*,#5625,.F.);
#7394=ORIENTED_EDGE('',*,*,#5626,.F.);
#7395=ORIENTED_EDGE('',*,*,#5627,.F.);
#7396=ORIENTED_EDGE('',*,*,#5628,.F.);
#7397=ORIENTED_EDGE('',*,*,#5629,.T.);
#7398=ORIENTED_EDGE('',*,*,#5630,.T.);
#7399=ORIENTED_EDGE('',*,*,#5631,.F.);
#7400=ORIENTED_EDGE('',*,*,#5632,.F.);
#7401=ORIENTED_EDGE('',*,*,#5633,.F.);
#7402=ORIENTED_EDGE('',*,*,#5634,.T.);
#7403=ORIENTED_EDGE('',*,*,#5635,.T.);
#7404=ORIENTED_EDGE('',*,*,#5636,.F.);
#7405=ORIENTED_EDGE('',*,*,#5637,.F.);
#7406=ORIENTED_EDGE('',*,*,#5638,.F.);
#7407=ORIENTED_EDGE('',*,*,#5639,.F.);
#7408=ORIENTED_EDGE('',*,*,#5640,.F.);
#7409=ORIENTED_EDGE('',*,*,#5641,.F.);
#7410=ORIENTED_EDGE('',*,*,#5642,.F.);
#7411=ORIENTED_EDGE('',*,*,#5643,.F.);
#7412=ORIENTED_EDGE('',*,*,#5644,.F.);
#7413=ORIENTED_EDGE('',*,*,#5645,.F.);
#7414=ORIENTED_EDGE('',*,*,#5646,.F.);
#7415=ORIENTED_EDGE('',*,*,#5647,.F.);
#7416=ORIENTED_EDGE('',*,*,#5648,.F.);
#7417=ORIENTED_EDGE('',*,*,#5649,.F.);
#7418=ORIENTED_EDGE('',*,*,#5650,.F.);
#7419=ORIENTED_EDGE('',*,*,#5651,.F.);
#7420=ORIENTED_EDGE('',*,*,#5652,.F.);
#7421=ORIENTED_EDGE('',*,*,#5653,.F.);
#7422=ORIENTED_EDGE('',*,*,#5654,.F.);
#7423=ORIENTED_EDGE('',*,*,#5655,.F.);
#7424=ORIENTED_EDGE('',*,*,#5656,.F.);
#7425=ORIENTED_EDGE('',*,*,#5657,.F.);
#7426=ORIENTED_EDGE('',*,*,#5658,.F.);
#7427=ORIENTED_EDGE('',*,*,#5659,.F.);
#7428=ORIENTED_EDGE('',*,*,#5660,.F.);
#7429=ORIENTED_EDGE('',*,*,#5661,.F.);
#7430=ORIENTED_EDGE('',*,*,#5662,.F.);
#7431=ORIENTED_EDGE('',*,*,#5663,.F.);
#7432=ORIENTED_EDGE('',*,*,#5664,.F.);
#7433=ORIENTED_EDGE('',*,*,#5665,.F.);
#7434=ORIENTED_EDGE('',*,*,#5666,.F.);
#7435=ORIENTED_EDGE('',*,*,#5667,.F.);
#7436=ORIENTED_EDGE('',*,*,#5668,.F.);
#7437=ORIENTED_EDGE('',*,*,#5669,.F.);
#7438=ORIENTED_EDGE('',*,*,#5670,.F.);
#7439=ORIENTED_EDGE('',*,*,#5671,.F.);
#7440=ORIENTED_EDGE('',*,*,#5672,.F.);
#7441=ORIENTED_EDGE('',*,*,#5673,.F.);
#7442=ORIENTED_EDGE('',*,*,#5674,.F.);
#7443=ORIENTED_EDGE('',*,*,#5675,.T.);
#7444=ORIENTED_EDGE('',*,*,#5588,.F.);
#7445=ORIENTED_EDGE('',*,*,#5676,.T.);
#7446=ORIENTED_EDGE('',*,*,#5527,.F.);
#7447=ORIENTED_EDGE('',*,*,#5677,.F.);
#7448=ORIENTED_EDGE('',*,*,#5589,.T.);
#7449=ORIENTED_EDGE('',*,*,#5677,.T.);
#7450=ORIENTED_EDGE('',*,*,#5530,.F.);
#7451=ORIENTED_EDGE('',*,*,#5678,.F.);
#7452=ORIENTED_EDGE('',*,*,#5466,.F.);
#7453=ORIENTED_EDGE('',*,*,#5590,.T.);
#7454=ORIENTED_EDGE('',*,*,#5678,.T.);
#7455=ORIENTED_EDGE('',*,*,#5529,.F.);
#7456=ORIENTED_EDGE('',*,*,#5533,.T.);
#7457=ORIENTED_EDGE('',*,*,#5481,.T.);
#7458=ORIENTED_EDGE('',*,*,#5477,.T.);
#7459=ORIENTED_EDGE('',*,*,#5468,.F.);
#7460=ORIENTED_EDGE('',*,*,#5528,.F.);
#7461=ORIENTED_EDGE('',*,*,#5676,.F.);
#7462=ORIENTED_EDGE('',*,*,#5600,.F.);
#7463=ORIENTED_EDGE('',*,*,#5679,.T.);
#7464=ORIENTED_EDGE('',*,*,#5680,.F.);
#7465=ORIENTED_EDGE('',*,*,#5681,.T.);
#7466=ORIENTED_EDGE('',*,*,#5682,.T.);
#7467=ORIENTED_EDGE('',*,*,#5683,.F.);
#7468=ORIENTED_EDGE('',*,*,#5534,.F.);
#7469=ORIENTED_EDGE('',*,*,#5679,.F.);
#7470=ORIENTED_EDGE('',*,*,#5599,.F.);
#7471=ORIENTED_EDGE('',*,*,#5684,.T.);
#7472=ORIENTED_EDGE('',*,*,#5598,.T.);
#7473=ORIENTED_EDGE('',*,*,#5685,.T.);
#7474=ORIENTED_EDGE('',*,*,#5535,.F.);
#7475=ORIENTED_EDGE('',*,*,#5684,.F.);
#7476=ORIENTED_EDGE('',*,*,#5532,.F.);
#7477=ORIENTED_EDGE('',*,*,#5685,.F.);
#7478=ORIENTED_EDGE('',*,*,#5597,.F.);
#7479=ORIENTED_EDGE('',*,*,#5483,.T.);
#7480=ORIENTED_EDGE('',*,*,#5682,.F.);
#7481=ORIENTED_EDGE('',*,*,#5686,.T.);
#7482=ORIENTED_EDGE('',*,*,#5687,.T.);
#7483=ORIENTED_EDGE('',*,*,#5686,.F.);
#7484=ORIENTED_EDGE('',*,*,#5688,.T.);
#7485=ORIENTED_EDGE('',*,*,#5687,.F.);
#7486=ORIENTED_EDGE('',*,*,#5689,.T.);
#7487=ORIENTED_EDGE('',*,*,#5690,.T.);
#7488=ORIENTED_EDGE('',*,*,#5688,.F.);
#7489=ORIENTED_EDGE('',*,*,#5690,.F.);
#7490=ORIENTED_EDGE('',*,*,#5689,.F.);
#7491=ORIENTED_EDGE('',*,*,#5691,.T.);
#7492=ORIENTED_EDGE('',*,*,#5691,.F.);
#7493=ORIENTED_EDGE('',*,*,#5692,.T.);
#7494=ORIENTED_EDGE('',*,*,#5680,.T.);
#7495=ORIENTED_EDGE('',*,*,#5692,.F.);
#7496=ORIENTED_EDGE('',*,*,#5693,.T.);
#7497=ORIENTED_EDGE('',*,*,#5694,.T.);
#7498=ORIENTED_EDGE('',*,*,#5683,.T.);
#7499=ORIENTED_EDGE('',*,*,#5694,.F.);
#7500=ORIENTED_EDGE('',*,*,#5695,.F.);
#7501=ORIENTED_EDGE('',*,*,#5693,.F.);
#7502=ORIENTED_EDGE('',*,*,#5696,.T.);
#7503=ORIENTED_EDGE('',*,*,#5697,.T.);
#7504=ORIENTED_EDGE('',*,*,#5695,.T.);
#7505=ORIENTED_EDGE('',*,*,#5697,.F.);
#7506=ORIENTED_EDGE('',*,*,#5696,.F.);
#7507=ORIENTED_EDGE('',*,*,#5698,.F.);
#7508=ORIENTED_EDGE('',*,*,#5681,.F.);
#7509=ORIENTED_EDGE('',*,*,#5699,.T.);
#7510=ORIENTED_EDGE('',*,*,#5698,.T.);
#7511=ORIENTED_EDGE('',*,*,#5699,.F.);
#7512=ORIENTED_EDGE('',*,*,#5538,.F.);
#7513=ORIENTED_EDGE('',*,*,#5485,.F.);
#7514=ORIENTED_EDGE('',*,*,#5596,.F.);
#7515=ORIENTED_EDGE('',*,*,#5700,.T.);
#7516=ORIENTED_EDGE('',*,*,#5595,.T.);
#7517=ORIENTED_EDGE('',*,*,#5701,.T.);
#7518=ORIENTED_EDGE('',*,*,#5539,.F.);
#7519=ORIENTED_EDGE('',*,*,#5700,.F.);
#7520=ORIENTED_EDGE('',*,*,#5537,.F.);
#7521=ORIENTED_EDGE('',*,*,#5701,.F.);
#7522=ORIENTED_EDGE('',*,*,#5594,.F.);
#7523=ORIENTED_EDGE('',*,*,#5456,.T.);
#7524=ORIENTED_EDGE('',*,*,#5458,.F.);
#7525=ORIENTED_EDGE('',*,*,#5593,.T.);
#7526=ORIENTED_EDGE('',*,*,#5702,.T.);
#7527=ORIENTED_EDGE('',*,*,#5542,.F.);
#7528=ORIENTED_EDGE('',*,*,#5592,.T.);
#7529=ORIENTED_EDGE('',*,*,#5703,.T.);
#7530=ORIENTED_EDGE('',*,*,#5543,.F.);
#7531=ORIENTED_EDGE('',*,*,#5702,.F.);
#7532=ORIENTED_EDGE('',*,*,#5464,.T.);
#7533=ORIENTED_EDGE('',*,*,#5541,.F.);
#7534=ORIENTED_EDGE('',*,*,#5703,.F.);
#7535=ORIENTED_EDGE('',*,*,#5591,.F.);
#7536=ORIENTED_EDGE('',*,*,#5604,.T.);
#7537=ORIENTED_EDGE('',*,*,#5704,.T.);
#7538=ORIENTED_EDGE('',*,*,#5489,.F.);
#7539=ORIENTED_EDGE('',*,*,#5586,.F.);
#7540=ORIENTED_EDGE('',*,*,#5603,.T.);
#7541=ORIENTED_EDGE('',*,*,#5705,.T.);
#7542=ORIENTED_EDGE('',*,*,#5490,.F.);
#7543=ORIENTED_EDGE('',*,*,#5704,.F.);
#7544=ORIENTED_EDGE('',*,*,#5602,.T.);
#7545=ORIENTED_EDGE('',*,*,#5706,.T.);
#7546=ORIENTED_EDGE('',*,*,#5491,.F.);
#7547=ORIENTED_EDGE('',*,*,#5705,.F.);
#7548=ORIENTED_EDGE('',*,*,#5492,.F.);
#7549=ORIENTED_EDGE('',*,*,#5706,.F.);
#7550=ORIENTED_EDGE('',*,*,#5601,.F.);
#7551=ORIENTED_EDGE('',*,*,#5587,.T.);
#7552=ORIENTED_EDGE('',*,*,#5605,.T.);
#7553=ORIENTED_EDGE('',*,*,#5707,.T.);
#7554=ORIENTED_EDGE('',*,*,#5493,.F.);
#7555=ORIENTED_EDGE('',*,*,#5708,.F.);
#7556=ORIENTED_EDGE('',*,*,#5606,.T.);
#7557=ORIENTED_EDGE('',*,*,#5708,.T.);
#7558=ORIENTED_EDGE('',*,*,#5497,.F.);
#7559=ORIENTED_EDGE('',*,*,#5709,.F.);
#7560=ORIENTED_EDGE('',*,*,#5607,.T.);
#7561=ORIENTED_EDGE('',*,*,#5709,.T.);
#7562=ORIENTED_EDGE('',*,*,#5496,.F.);
#7563=ORIENTED_EDGE('',*,*,#5710,.F.);
#7564=ORIENTED_EDGE('',*,*,#5608,.F.);
#7565=ORIENTED_EDGE('',*,*,#5710,.T.);
#7566=ORIENTED_EDGE('',*,*,#5495,.F.);
#7567=ORIENTED_EDGE('',*,*,#5711,.F.);
#7568=ORIENTED_EDGE('',*,*,#5609,.T.);
#7569=ORIENTED_EDGE('',*,*,#5711,.T.);
#7570=ORIENTED_EDGE('',*,*,#5494,.F.);
#7571=ORIENTED_EDGE('',*,*,#5707,.F.);
#7572=ORIENTED_EDGE('',*,*,#5610,.T.);
#7573=ORIENTED_EDGE('',*,*,#5712,.T.);
#7574=ORIENTED_EDGE('',*,*,#5498,.F.);
#7575=ORIENTED_EDGE('',*,*,#5713,.F.);
#7576=ORIENTED_EDGE('',*,*,#5611,.T.);
#7577=ORIENTED_EDGE('',*,*,#5713,.T.);
#7578=ORIENTED_EDGE('',*,*,#5502,.F.);
#7579=ORIENTED_EDGE('',*,*,#5714,.F.);
#7580=ORIENTED_EDGE('',*,*,#5612,.F.);
#7581=ORIENTED_EDGE('',*,*,#5714,.T.);
#7582=ORIENTED_EDGE('',*,*,#5501,.F.);
#7583=ORIENTED_EDGE('',*,*,#5715,.F.);
#7584=ORIENTED_EDGE('',*,*,#5500,.F.);
#7585=ORIENTED_EDGE('',*,*,#5716,.F.);
#7586=ORIENTED_EDGE('',*,*,#5613,.F.);
#7587=ORIENTED_EDGE('',*,*,#5715,.T.);
#7588=ORIENTED_EDGE('',*,*,#5614,.T.);
#7589=ORIENTED_EDGE('',*,*,#5716,.T.);
#7590=ORIENTED_EDGE('',*,*,#5499,.F.);
#7591=ORIENTED_EDGE('',*,*,#5712,.F.);
#7592=ORIENTED_EDGE('',*,*,#5615,.T.);
#7593=ORIENTED_EDGE('',*,*,#5717,.T.);
#7594=ORIENTED_EDGE('',*,*,#5571,.F.);
#7595=ORIENTED_EDGE('',*,*,#5718,.F.);
#7596=ORIENTED_EDGE('',*,*,#5719,.T.);
#7597=ORIENTED_EDGE('',*,*,#5720,.F.);
#7598=ORIENTED_EDGE('',*,*,#5616,.T.);
#7599=ORIENTED_EDGE('',*,*,#5718,.T.);
#7600=ORIENTED_EDGE('',*,*,#5570,.F.);
#7601=ORIENTED_EDGE('',*,*,#5569,.F.);
#7602=ORIENTED_EDGE('',*,*,#5721,.T.);
#7603=ORIENTED_EDGE('',*,*,#5719,.F.);
#7604=ORIENTED_EDGE('',*,*,#5722,.F.);
#7605=ORIENTED_EDGE('',*,*,#5555,.T.);
#7606=ORIENTED_EDGE('',*,*,#5723,.F.);
#7607=ORIENTED_EDGE('',*,*,#5724,.F.);
#7608=ORIENTED_EDGE('',*,*,#5566,.F.);
#7609=ORIENTED_EDGE('',*,*,#5725,.T.);
#7610=ORIENTED_EDGE('',*,*,#5726,.F.);
#7611=ORIENTED_EDGE('',*,*,#5727,.F.);
#7612=ORIENTED_EDGE('',*,*,#5558,.T.);
#7613=ORIENTED_EDGE('',*,*,#5728,.F.);
#7614=ORIENTED_EDGE('',*,*,#5729,.T.);
#7615=ORIENTED_EDGE('',*,*,#5584,.F.);
#7616=ORIENTED_EDGE('',*,*,#5730,.T.);
#7617=ORIENTED_EDGE('',*,*,#5731,.F.);
#7618=ORIENTED_EDGE('',*,*,#5576,.T.);
#7619=ORIENTED_EDGE('',*,*,#5721,.F.);
#7620=ORIENTED_EDGE('',*,*,#5574,.F.);
#7621=ORIENTED_EDGE('',*,*,#5732,.F.);
#7622=ORIENTED_EDGE('',*,*,#5617,.F.);
#7623=ORIENTED_EDGE('',*,*,#5720,.T.);
#7624=ORIENTED_EDGE('',*,*,#5618,.F.);
#7625=ORIENTED_EDGE('',*,*,#5732,.T.);
#7626=ORIENTED_EDGE('',*,*,#5573,.F.);
#7627=ORIENTED_EDGE('',*,*,#5733,.F.);
#7628=ORIENTED_EDGE('',*,*,#5619,.T.);
#7629=ORIENTED_EDGE('',*,*,#5733,.T.);
#7630=ORIENTED_EDGE('',*,*,#5572,.F.);
#7631=ORIENTED_EDGE('',*,*,#5717,.F.);
#7632=ORIENTED_EDGE('',*,*,#5722,.T.);
#7633=ORIENTED_EDGE('',*,*,#5734,.F.);
#7634=ORIENTED_EDGE('',*,*,#5632,.T.);
#7635=ORIENTED_EDGE('',*,*,#5735,.T.);
#7636=ORIENTED_EDGE('',*,*,#5556,.F.);
#7637=ORIENTED_EDGE('',*,*,#5723,.T.);
#7638=ORIENTED_EDGE('',*,*,#5557,.F.);
#7639=ORIENTED_EDGE('',*,*,#5735,.F.);
#7640=ORIENTED_EDGE('',*,*,#5636,.T.);
#7641=ORIENTED_EDGE('',*,*,#5736,.T.);
#7642=ORIENTED_EDGE('',*,*,#5724,.T.);
#7643=ORIENTED_EDGE('',*,*,#5736,.F.);
#7644=ORIENTED_EDGE('',*,*,#5635,.F.);
#7645=ORIENTED_EDGE('',*,*,#5737,.T.);
#7646=ORIENTED_EDGE('',*,*,#5567,.F.);
#7647=ORIENTED_EDGE('',*,*,#5725,.F.);
#7648=ORIENTED_EDGE('',*,*,#5568,.F.);
#7649=ORIENTED_EDGE('',*,*,#5737,.F.);
#7650=ORIENTED_EDGE('',*,*,#5634,.F.);
#7651=ORIENTED_EDGE('',*,*,#5738,.T.);
#7652=ORIENTED_EDGE('',*,*,#5726,.T.);
#7653=ORIENTED_EDGE('',*,*,#5738,.F.);
#7654=ORIENTED_EDGE('',*,*,#5633,.T.);
#7655=ORIENTED_EDGE('',*,*,#5734,.T.);
#7656=ORIENTED_EDGE('',*,*,#5727,.T.);
#7657=ORIENTED_EDGE('',*,*,#5739,.F.);
#7658=ORIENTED_EDGE('',*,*,#5650,.T.);
#7659=ORIENTED_EDGE('',*,*,#5740,.T.);
#7660=ORIENTED_EDGE('',*,*,#5559,.F.);
#7661=ORIENTED_EDGE('',*,*,#5649,.T.);
#7662=ORIENTED_EDGE('',*,*,#5741,.T.);
#7663=ORIENTED_EDGE('',*,*,#5560,.F.);
#7664=ORIENTED_EDGE('',*,*,#5740,.F.);
#7665=ORIENTED_EDGE('',*,*,#5648,.T.);
#7666=ORIENTED_EDGE('',*,*,#5742,.T.);
#7667=ORIENTED_EDGE('',*,*,#5561,.F.);
#7668=ORIENTED_EDGE('',*,*,#5741,.F.);
#7669=ORIENTED_EDGE('',*,*,#5743,.T.);
#7670=ORIENTED_EDGE('',*,*,#5562,.F.);
#7671=ORIENTED_EDGE('',*,*,#5742,.F.);
#7672=ORIENTED_EDGE('',*,*,#5653,.T.);
#7673=ORIENTED_EDGE('',*,*,#5744,.T.);
#7674=ORIENTED_EDGE('',*,*,#5563,.T.);
#7675=ORIENTED_EDGE('',*,*,#5743,.F.);
#7676=ORIENTED_EDGE('',*,*,#5745,.T.);
#7677=ORIENTED_EDGE('',*,*,#5746,.T.);
#7678=ORIENTED_EDGE('',*,*,#5553,.T.);
#7679=ORIENTED_EDGE('',*,*,#5747,.F.);
#7680=ORIENTED_EDGE('',*,*,#5748,.F.);
#7681=ORIENTED_EDGE('',*,*,#5749,.F.);
#7682=ORIENTED_EDGE('',*,*,#5545,.F.);
#7683=ORIENTED_EDGE('',*,*,#5745,.F.);
#7684=ORIENTED_EDGE('',*,*,#5744,.F.);
#7685=ORIENTED_EDGE('',*,*,#5652,.T.);
#7686=ORIENTED_EDGE('',*,*,#5750,.T.);
#7687=ORIENTED_EDGE('',*,*,#5564,.F.);
#7688=ORIENTED_EDGE('',*,*,#5728,.T.);
#7689=ORIENTED_EDGE('',*,*,#5565,.F.);
#7690=ORIENTED_EDGE('',*,*,#5750,.F.);
#7691=ORIENTED_EDGE('',*,*,#5651,.T.);
#7692=ORIENTED_EDGE('',*,*,#5739,.T.);
#7693=ORIENTED_EDGE('',*,*,#5554,.F.);
#7694=ORIENTED_EDGE('',*,*,#5746,.F.);
#7695=ORIENTED_EDGE('',*,*,#5749,.T.);
#7696=ORIENTED_EDGE('',*,*,#5751,.F.);
#7697=ORIENTED_EDGE('',*,*,#5641,.T.);
#7698=ORIENTED_EDGE('',*,*,#5752,.T.);
#7699=ORIENTED_EDGE('',*,*,#5546,.F.);
#7700=ORIENTED_EDGE('',*,*,#5640,.T.);
#7701=ORIENTED_EDGE('',*,*,#5753,.T.);
#7702=ORIENTED_EDGE('',*,*,#5547,.F.);
#7703=ORIENTED_EDGE('',*,*,#5752,.F.);
#7704=ORIENTED_EDGE('',*,*,#5647,.T.);
#7705=ORIENTED_EDGE('',*,*,#5754,.T.);
#7706=ORIENTED_EDGE('',*,*,#5548,.F.);
#7707=ORIENTED_EDGE('',*,*,#5753,.F.);
#7708=ORIENTED_EDGE('',*,*,#5549,.F.);
#7709=ORIENTED_EDGE('',*,*,#5754,.F.);
#7710=ORIENTED_EDGE('',*,*,#5646,.T.);
#7711=ORIENTED_EDGE('',*,*,#5755,.T.);
#7712=ORIENTED_EDGE('',*,*,#5550,.F.);
#7713=ORIENTED_EDGE('',*,*,#5755,.F.);
#7714=ORIENTED_EDGE('',*,*,#5645,.T.);
#7715=ORIENTED_EDGE('',*,*,#5756,.T.);
#7716=ORIENTED_EDGE('',*,*,#5644,.T.);
#7717=ORIENTED_EDGE('',*,*,#5757,.T.);
#7718=ORIENTED_EDGE('',*,*,#5551,.F.);
#7719=ORIENTED_EDGE('',*,*,#5756,.F.);
#7720=ORIENTED_EDGE('',*,*,#5747,.T.);
#7721=ORIENTED_EDGE('',*,*,#5552,.F.);
#7722=ORIENTED_EDGE('',*,*,#5757,.F.);
#7723=ORIENTED_EDGE('',*,*,#5643,.T.);
#7724=ORIENTED_EDGE('',*,*,#5758,.T.);
#7725=ORIENTED_EDGE('',*,*,#5748,.T.);
#7726=ORIENTED_EDGE('',*,*,#5758,.F.);
#7727=ORIENTED_EDGE('',*,*,#5642,.T.);
#7728=ORIENTED_EDGE('',*,*,#5751,.T.);
#7729=ORIENTED_EDGE('',*,*,#5729,.F.);
#7730=ORIENTED_EDGE('',*,*,#5575,.F.);
#7731=ORIENTED_EDGE('',*,*,#5731,.T.);
#7732=ORIENTED_EDGE('',*,*,#5759,.F.);
#7733=ORIENTED_EDGE('',*,*,#5654,.T.);
#7734=ORIENTED_EDGE('',*,*,#5760,.T.);
#7735=ORIENTED_EDGE('',*,*,#5577,.F.);
#7736=ORIENTED_EDGE('',*,*,#5660,.T.);
#7737=ORIENTED_EDGE('',*,*,#5761,.T.);
#7738=ORIENTED_EDGE('',*,*,#5578,.F.);
#7739=ORIENTED_EDGE('',*,*,#5760,.F.);
#7740=ORIENTED_EDGE('',*,*,#5579,.F.);
#7741=ORIENTED_EDGE('',*,*,#5761,.F.);
#7742=ORIENTED_EDGE('',*,*,#5659,.T.);
#7743=ORIENTED_EDGE('',*,*,#5762,.T.);
#7744=ORIENTED_EDGE('',*,*,#5580,.F.);
#7745=ORIENTED_EDGE('',*,*,#5762,.F.);
#7746=ORIENTED_EDGE('',*,*,#5658,.T.);
#7747=ORIENTED_EDGE('',*,*,#5763,.T.);
#7748=ORIENTED_EDGE('',*,*,#5657,.T.);
#7749=ORIENTED_EDGE('',*,*,#5764,.T.);
#7750=ORIENTED_EDGE('',*,*,#5581,.F.);
#7751=ORIENTED_EDGE('',*,*,#5763,.F.);
#7752=ORIENTED_EDGE('',*,*,#5656,.T.);
#7753=ORIENTED_EDGE('',*,*,#5765,.T.);
#7754=ORIENTED_EDGE('',*,*,#5582,.F.);
#7755=ORIENTED_EDGE('',*,*,#5764,.F.);
#7756=ORIENTED_EDGE('',*,*,#5730,.F.);
#7757=ORIENTED_EDGE('',*,*,#5583,.F.);
#7758=ORIENTED_EDGE('',*,*,#5765,.F.);
#7759=ORIENTED_EDGE('',*,*,#5655,.T.);
#7760=ORIENTED_EDGE('',*,*,#5759,.T.);
#7761=ORIENTED_EDGE('',*,*,#5620,.T.);
#7762=ORIENTED_EDGE('',*,*,#5766,.T.);
#7763=ORIENTED_EDGE('',*,*,#5503,.F.);
#7764=ORIENTED_EDGE('',*,*,#5767,.F.);
#7765=ORIENTED_EDGE('',*,*,#5621,.T.);
#7766=ORIENTED_EDGE('',*,*,#5767,.T.);
#7767=ORIENTED_EDGE('',*,*,#5508,.F.);
#7768=ORIENTED_EDGE('',*,*,#5768,.F.);
#7769=ORIENTED_EDGE('',*,*,#5622,.F.);
#7770=ORIENTED_EDGE('',*,*,#5768,.T.);
#7771=ORIENTED_EDGE('',*,*,#5507,.F.);
#7772=ORIENTED_EDGE('',*,*,#5769,.F.);
#7773=ORIENTED_EDGE('',*,*,#5506,.F.);
#7774=ORIENTED_EDGE('',*,*,#5770,.F.);
#7775=ORIENTED_EDGE('',*,*,#5623,.F.);
#7776=ORIENTED_EDGE('',*,*,#5769,.T.);
#7777=ORIENTED_EDGE('',*,*,#5624,.T.);
#7778=ORIENTED_EDGE('',*,*,#5770,.T.);
#7779=ORIENTED_EDGE('',*,*,#5505,.F.);
#7780=ORIENTED_EDGE('',*,*,#5771,.F.);
#7781=ORIENTED_EDGE('',*,*,#5625,.T.);
#7782=ORIENTED_EDGE('',*,*,#5771,.T.);
#7783=ORIENTED_EDGE('',*,*,#5504,.F.);
#7784=ORIENTED_EDGE('',*,*,#5766,.F.);
#7785=ORIENTED_EDGE('',*,*,#5626,.T.);
#7786=ORIENTED_EDGE('',*,*,#5772,.T.);
#7787=ORIENTED_EDGE('',*,*,#5509,.F.);
#7788=ORIENTED_EDGE('',*,*,#5773,.F.);
#7789=ORIENTED_EDGE('',*,*,#5627,.T.);
#7790=ORIENTED_EDGE('',*,*,#5773,.T.);
#7791=ORIENTED_EDGE('',*,*,#5514,.F.);
#7792=ORIENTED_EDGE('',*,*,#5774,.F.);
#7793=ORIENTED_EDGE('',*,*,#5628,.T.);
#7794=ORIENTED_EDGE('',*,*,#5774,.T.);
#7795=ORIENTED_EDGE('',*,*,#5513,.F.);
#7796=ORIENTED_EDGE('',*,*,#5775,.F.);
#7797=ORIENTED_EDGE('',*,*,#5512,.F.);
#7798=ORIENTED_EDGE('',*,*,#5776,.F.);
#7799=ORIENTED_EDGE('',*,*,#5629,.F.);
#7800=ORIENTED_EDGE('',*,*,#5775,.T.);
#7801=ORIENTED_EDGE('',*,*,#5630,.F.);
#7802=ORIENTED_EDGE('',*,*,#5776,.T.);
#7803=ORIENTED_EDGE('',*,*,#5511,.F.);
#7804=ORIENTED_EDGE('',*,*,#5777,.F.);
#7805=ORIENTED_EDGE('',*,*,#5631,.T.);
#7806=ORIENTED_EDGE('',*,*,#5777,.T.);
#7807=ORIENTED_EDGE('',*,*,#5510,.F.);
#7808=ORIENTED_EDGE('',*,*,#5772,.F.);
#7809=ORIENTED_EDGE('',*,*,#5637,.T.);
#7810=ORIENTED_EDGE('',*,*,#5778,.T.);
#7811=ORIENTED_EDGE('',*,*,#5515,.F.);
#7812=ORIENTED_EDGE('',*,*,#5779,.F.);
#7813=ORIENTED_EDGE('',*,*,#5638,.T.);
#7814=ORIENTED_EDGE('',*,*,#5779,.T.);
#7815=ORIENTED_EDGE('',*,*,#5517,.F.);
#7816=ORIENTED_EDGE('',*,*,#5780,.F.);
#7817=ORIENTED_EDGE('',*,*,#5639,.T.);
#7818=ORIENTED_EDGE('',*,*,#5780,.T.);
#7819=ORIENTED_EDGE('',*,*,#5516,.F.);
#7820=ORIENTED_EDGE('',*,*,#5778,.F.);
#7821=ORIENTED_EDGE('',*,*,#5661,.T.);
#7822=ORIENTED_EDGE('',*,*,#5781,.T.);
#7823=ORIENTED_EDGE('',*,*,#5518,.F.);
#7824=ORIENTED_EDGE('',*,*,#5782,.F.);
#7825=ORIENTED_EDGE('',*,*,#5662,.T.);
#7826=ORIENTED_EDGE('',*,*,#5782,.T.);
#7827=ORIENTED_EDGE('',*,*,#5520,.F.);
#7828=ORIENTED_EDGE('',*,*,#5783,.F.);
#7829=ORIENTED_EDGE('',*,*,#5663,.T.);
#7830=ORIENTED_EDGE('',*,*,#5783,.T.);
#7831=ORIENTED_EDGE('',*,*,#5519,.F.);
#7832=ORIENTED_EDGE('',*,*,#5781,.F.);
#7833=ORIENTED_EDGE('',*,*,#5664,.T.);
#7834=ORIENTED_EDGE('',*,*,#5784,.T.);
#7835=ORIENTED_EDGE('',*,*,#5521,.F.);
#7836=ORIENTED_EDGE('',*,*,#5785,.F.);
#7837=ORIENTED_EDGE('',*,*,#5665,.T.);
#7838=ORIENTED_EDGE('',*,*,#5785,.T.);
#7839=ORIENTED_EDGE('',*,*,#5523,.F.);
#7840=ORIENTED_EDGE('',*,*,#5786,.F.);
#7841=ORIENTED_EDGE('',*,*,#5666,.T.);
#7842=ORIENTED_EDGE('',*,*,#5786,.T.);
#7843=ORIENTED_EDGE('',*,*,#5522,.F.);
#7844=ORIENTED_EDGE('',*,*,#5784,.F.);
#7845=ORIENTED_EDGE('',*,*,#5667,.T.);
#7846=ORIENTED_EDGE('',*,*,#5787,.T.);
#7847=ORIENTED_EDGE('',*,*,#5524,.F.);
#7848=ORIENTED_EDGE('',*,*,#5788,.F.);
#7849=ORIENTED_EDGE('',*,*,#5668,.T.);
#7850=ORIENTED_EDGE('',*,*,#5788,.T.);
#7851=ORIENTED_EDGE('',*,*,#5526,.F.);
#7852=ORIENTED_EDGE('',*,*,#5789,.F.);
#7853=ORIENTED_EDGE('',*,*,#5669,.T.);
#7854=ORIENTED_EDGE('',*,*,#5789,.T.);
#7855=ORIENTED_EDGE('',*,*,#5525,.F.);
#7856=ORIENTED_EDGE('',*,*,#5787,.F.);
#7857=ORIENTED_EDGE('',*,*,#5670,.T.);
#7858=ORIENTED_EDGE('',*,*,#5790,.T.);
#7859=ORIENTED_EDGE('',*,*,#5791,.F.);
#7860=ORIENTED_EDGE('',*,*,#5792,.F.);
#7861=ORIENTED_EDGE('',*,*,#5671,.T.);
#7862=ORIENTED_EDGE('',*,*,#5792,.T.);
#7863=ORIENTED_EDGE('',*,*,#5793,.F.);
#7864=ORIENTED_EDGE('',*,*,#5794,.F.);
#7865=ORIENTED_EDGE('',*,*,#5672,.T.);
#7866=ORIENTED_EDGE('',*,*,#5794,.T.);
#7867=ORIENTED_EDGE('',*,*,#5795,.F.);
#7868=ORIENTED_EDGE('',*,*,#5796,.F.);
#7869=ORIENTED_EDGE('',*,*,#5673,.T.);
#7870=ORIENTED_EDGE('',*,*,#5796,.T.);
#7871=ORIENTED_EDGE('',*,*,#5797,.F.);
#7872=ORIENTED_EDGE('',*,*,#5790,.F.);
#7873=ORIENTED_EDGE('',*,*,#5791,.T.);
#7874=ORIENTED_EDGE('',*,*,#5797,.T.);
#7875=ORIENTED_EDGE('',*,*,#5795,.T.);
#7876=ORIENTED_EDGE('',*,*,#5793,.T.);
#7877=ORIENTED_EDGE('',*,*,#5798,.F.);
#7878=ORIENTED_EDGE('',*,*,#5799,.T.);
#7879=ORIENTED_EDGE('',*,*,#5674,.T.);
#7880=ORIENTED_EDGE('',*,*,#5799,.F.);
#7881=ORIENTED_EDGE('',*,*,#5798,.T.);
#7882=ORIENTED_EDGE('',*,*,#5800,.T.);
#7883=ORIENTED_EDGE('',*,*,#5675,.F.);
#7884=ORIENTED_EDGE('',*,*,#5801,.T.);
#7885=ORIENTED_EDGE('',*,*,#5800,.F.);
#7886=ORIENTED_EDGE('',*,*,#5801,.F.);
#7887=ORIENTED_EDGE('',*,*,#5802,.F.);
#7888=ORIENTED_EDGE('',*,*,#5803,.T.);
#7889=ORIENTED_EDGE('',*,*,#5536,.T.);
#7890=ORIENTED_EDGE('',*,*,#5803,.F.);
#7891=ORIENTED_EDGE('',*,*,#5804,.T.);
#7892=ORIENTED_EDGE('',*,*,#5802,.T.);
#7893=ORIENTED_EDGE('',*,*,#5804,.F.);
#7894=ORIENTED_EDGE('',*,*,#5805,.F.);
#7895=ORIENTED_EDGE('',*,*,#5806,.T.);
#7896=ORIENTED_EDGE('',*,*,#5540,.T.);
#7897=ORIENTED_EDGE('',*,*,#5806,.F.);
#7898=ORIENTED_EDGE('',*,*,#5807,.T.);
#7899=ORIENTED_EDGE('',*,*,#5805,.T.);
#7900=ORIENTED_EDGE('',*,*,#5807,.F.);
#7901=ORIENTED_EDGE('',*,*,#5808,.F.);
#7902=ORIENTED_EDGE('',*,*,#5809,.T.);
#7903=ORIENTED_EDGE('',*,*,#5531,.T.);
#7904=ORIENTED_EDGE('',*,*,#5809,.F.);
#7905=ORIENTED_EDGE('',*,*,#5810,.T.);
#7906=ORIENTED_EDGE('',*,*,#5808,.T.);
#7907=ORIENTED_EDGE('',*,*,#5810,.F.);
#7908=ORIENTED_EDGE('',*,*,#5811,.F.);
#7909=ORIENTED_EDGE('',*,*,#5812,.T.);
#7910=ORIENTED_EDGE('',*,*,#5544,.T.);
#7911=ORIENTED_EDGE('',*,*,#5812,.F.);
#7912=ORIENTED_EDGE('',*,*,#5813,.T.);
#7913=ORIENTED_EDGE('',*,*,#5811,.T.);
#7914=ORIENTED_EDGE('',*,*,#5813,.F.);
#7915=ORIENTED_EDGE('',*,*,#5814,.F.);
#7916=ORIENTED_EDGE('',*,*,#5815,.T.);
#7917=ORIENTED_EDGE('',*,*,#5461,.T.);
#7918=ORIENTED_EDGE('',*,*,#5815,.F.);
#7919=ORIENTED_EDGE('',*,*,#5816,.T.);
#7920=ORIENTED_EDGE('',*,*,#5814,.T.);
#7921=ORIENTED_EDGE('',*,*,#5816,.F.);
#7922=ORIENTED_EDGE('',*,*,#5817,.F.);
#7923=ORIENTED_EDGE('',*,*,#5818,.T.);
#7924=ORIENTED_EDGE('',*,*,#5462,.T.);
#7925=ORIENTED_EDGE('',*,*,#5818,.F.);
#7926=ORIENTED_EDGE('',*,*,#5819,.T.);
#7927=ORIENTED_EDGE('',*,*,#5817,.T.);
#7928=ORIENTED_EDGE('',*,*,#5819,.F.);
#7929=ORIENTED_EDGE('',*,*,#5820,.F.);
#7930=ORIENTED_EDGE('',*,*,#5821,.T.);
#7931=ORIENTED_EDGE('',*,*,#5822,.T.);
#7932=ORIENTED_EDGE('',*,*,#5821,.F.);
#7933=ORIENTED_EDGE('',*,*,#5823,.F.);
#7934=ORIENTED_EDGE('',*,*,#5824,.F.);
#7935=ORIENTED_EDGE('',*,*,#5825,.T.);
#7936=ORIENTED_EDGE('',*,*,#5823,.T.);
#7937=ORIENTED_EDGE('',*,*,#5820,.T.);
#7938=ORIENTED_EDGE('',*,*,#5825,.F.);
#7939=ORIENTED_EDGE('',*,*,#5824,.T.);
#7940=ORIENTED_EDGE('',*,*,#5822,.F.);
#7941=ORIENTED_EDGE('',*,*,#5826,.T.);
#7942=ORIENTED_EDGE('',*,*,#5827,.T.);
#7943=ORIENTED_EDGE('',*,*,#5828,.F.);
#7944=ORIENTED_EDGE('',*,*,#5829,.F.);
#7945=ORIENTED_EDGE('',*,*,#5830,.F.);
#7946=ORIENTED_EDGE('',*,*,#5826,.F.);
#7947=ORIENTED_EDGE('',*,*,#5831,.F.);
#7948=ORIENTED_EDGE('',*,*,#5832,.F.);
#7949=ORIENTED_EDGE('',*,*,#5833,.F.);
#7950=ORIENTED_EDGE('',*,*,#5834,.F.);
#7951=ORIENTED_EDGE('',*,*,#5835,.F.);
#7952=ORIENTED_EDGE('',*,*,#5836,.F.);
#7953=ORIENTED_EDGE('',*,*,#5837,.F.);
#7954=ORIENTED_EDGE('',*,*,#5838,.F.);
#7955=ORIENTED_EDGE('',*,*,#5839,.F.);
#7956=ORIENTED_EDGE('',*,*,#5840,.F.);
#7957=ORIENTED_EDGE('',*,*,#5841,.F.);
#7958=ORIENTED_EDGE('',*,*,#5842,.F.);
#7959=ORIENTED_EDGE('',*,*,#5841,.T.);
#7960=ORIENTED_EDGE('',*,*,#5843,.T.);
#7961=ORIENTED_EDGE('',*,*,#5844,.F.);
#7962=ORIENTED_EDGE('',*,*,#5845,.F.);
#7963=ORIENTED_EDGE('',*,*,#5842,.T.);
#7964=ORIENTED_EDGE('',*,*,#5845,.T.);
#7965=ORIENTED_EDGE('',*,*,#5846,.F.);
#7966=ORIENTED_EDGE('',*,*,#5843,.F.);
#7967=ORIENTED_EDGE('',*,*,#5847,.T.);
#7968=ORIENTED_EDGE('',*,*,#5848,.T.);
#7969=ORIENTED_EDGE('',*,*,#5849,.T.);
#7970=ORIENTED_EDGE('',*,*,#5850,.T.);
#7971=ORIENTED_EDGE('',*,*,#5851,.T.);
#7972=ORIENTED_EDGE('',*,*,#5852,.T.);
#7973=ORIENTED_EDGE('',*,*,#5853,.T.);
#7974=ORIENTED_EDGE('',*,*,#5854,.T.);
#7975=ORIENTED_EDGE('',*,*,#5855,.T.);
#7976=ORIENTED_EDGE('',*,*,#5856,.T.);
#7977=ORIENTED_EDGE('',*,*,#5857,.T.);
#7978=ORIENTED_EDGE('',*,*,#5828,.T.);
#7979=ORIENTED_EDGE('',*,*,#5844,.T.);
#7980=ORIENTED_EDGE('',*,*,#5846,.T.);
#7981=ORIENTED_EDGE('',*,*,#5830,.T.);
#7982=ORIENTED_EDGE('',*,*,#5858,.T.);
#7983=ORIENTED_EDGE('',*,*,#5847,.F.);
#7984=ORIENTED_EDGE('',*,*,#5827,.F.);
#7985=ORIENTED_EDGE('',*,*,#5840,.T.);
#7986=ORIENTED_EDGE('',*,*,#5859,.T.);
#7987=ORIENTED_EDGE('',*,*,#5848,.F.);
#7988=ORIENTED_EDGE('',*,*,#5858,.F.);
#7989=ORIENTED_EDGE('',*,*,#5839,.T.);
#7990=ORIENTED_EDGE('',*,*,#5860,.T.);
#7991=ORIENTED_EDGE('',*,*,#5849,.F.);
#7992=ORIENTED_EDGE('',*,*,#5859,.F.);
#7993=ORIENTED_EDGE('',*,*,#5838,.T.);
#7994=ORIENTED_EDGE('',*,*,#5861,.T.);
#7995=ORIENTED_EDGE('',*,*,#5850,.F.);
#7996=ORIENTED_EDGE('',*,*,#5860,.F.);
#7997=ORIENTED_EDGE('',*,*,#5837,.T.);
#7998=ORIENTED_EDGE('',*,*,#5862,.T.);
#7999=ORIENTED_EDGE('',*,*,#5851,.F.);
#8000=ORIENTED_EDGE('',*,*,#5861,.F.);
#8001=ORIENTED_EDGE('',*,*,#5836,.T.);
#8002=ORIENTED_EDGE('',*,*,#5863,.T.);
#8003=ORIENTED_EDGE('',*,*,#5852,.F.);
#8004=ORIENTED_EDGE('',*,*,#5862,.F.);
#8005=ORIENTED_EDGE('',*,*,#5835,.T.);
#8006=ORIENTED_EDGE('',*,*,#5864,.T.);
#8007=ORIENTED_EDGE('',*,*,#5853,.F.);
#8008=ORIENTED_EDGE('',*,*,#5863,.F.);
#8009=ORIENTED_EDGE('',*,*,#5834,.T.);
#8010=ORIENTED_EDGE('',*,*,#5865,.T.);
#8011=ORIENTED_EDGE('',*,*,#5854,.F.);
#8012=ORIENTED_EDGE('',*,*,#5864,.F.);
#8013=ORIENTED_EDGE('',*,*,#5833,.T.);
#8014=ORIENTED_EDGE('',*,*,#5866,.T.);
#8015=ORIENTED_EDGE('',*,*,#5855,.F.);
#8016=ORIENTED_EDGE('',*,*,#5865,.F.);
#8017=ORIENTED_EDGE('',*,*,#5832,.T.);
#8018=ORIENTED_EDGE('',*,*,#5867,.T.);
#8019=ORIENTED_EDGE('',*,*,#5856,.F.);
#8020=ORIENTED_EDGE('',*,*,#5866,.F.);
#8021=ORIENTED_EDGE('',*,*,#5831,.T.);
#8022=ORIENTED_EDGE('',*,*,#5829,.T.);
#8023=ORIENTED_EDGE('',*,*,#5857,.F.);
#8024=ORIENTED_EDGE('',*,*,#5867,.F.);
#8025=ORIENTED_EDGE('',*,*,#5868,.F.);
#8026=ORIENTED_EDGE('',*,*,#5869,.T.);
#8027=ORIENTED_EDGE('',*,*,#5870,.T.);
#8028=ORIENTED_EDGE('',*,*,#5871,.F.);
#8029=ORIENTED_EDGE('',*,*,#5872,.T.);
#8030=ORIENTED_EDGE('',*,*,#5873,.T.);
#8031=ORIENTED_EDGE('',*,*,#5874,.T.);
#8032=ORIENTED_EDGE('',*,*,#5875,.T.);
#8033=ORIENTED_EDGE('',*,*,#5876,.T.);
#8034=ORIENTED_EDGE('',*,*,#5877,.T.);
#8035=ORIENTED_EDGE('',*,*,#5878,.T.);
#8036=ORIENTED_EDGE('',*,*,#5879,.T.);
#8037=ORIENTED_EDGE('',*,*,#5880,.T.);
#8038=ORIENTED_EDGE('',*,*,#5881,.T.);
#8039=ORIENTED_EDGE('',*,*,#5882,.T.);
#8040=ORIENTED_EDGE('',*,*,#5868,.T.);
#8041=ORIENTED_EDGE('',*,*,#5883,.T.);
#8042=ORIENTED_EDGE('',*,*,#5884,.T.);
#8043=ORIENTED_EDGE('',*,*,#5883,.F.);
#8044=ORIENTED_EDGE('',*,*,#5885,.T.);
#8045=ORIENTED_EDGE('',*,*,#5886,.T.);
#8046=ORIENTED_EDGE('',*,*,#5887,.F.);
#8047=ORIENTED_EDGE('',*,*,#5884,.F.);
#8048=ORIENTED_EDGE('',*,*,#5887,.T.);
#8049=ORIENTED_EDGE('',*,*,#5888,.T.);
#8050=ORIENTED_EDGE('',*,*,#5885,.F.);
#8051=ORIENTED_EDGE('',*,*,#5889,.F.);
#8052=ORIENTED_EDGE('',*,*,#5870,.F.);
#8053=ORIENTED_EDGE('',*,*,#5890,.F.);
#8054=ORIENTED_EDGE('',*,*,#5891,.F.);
#8055=ORIENTED_EDGE('',*,*,#5892,.F.);
#8056=ORIENTED_EDGE('',*,*,#5893,.F.);
#8057=ORIENTED_EDGE('',*,*,#5894,.F.);
#8058=ORIENTED_EDGE('',*,*,#5895,.F.);
#8059=ORIENTED_EDGE('',*,*,#5896,.F.);
#8060=ORIENTED_EDGE('',*,*,#5897,.F.);
#8061=ORIENTED_EDGE('',*,*,#5898,.F.);
#8062=ORIENTED_EDGE('',*,*,#5899,.F.);
#8063=ORIENTED_EDGE('',*,*,#5886,.F.);
#8064=ORIENTED_EDGE('',*,*,#5888,.F.);
#8065=ORIENTED_EDGE('',*,*,#5872,.F.);
#8066=ORIENTED_EDGE('',*,*,#5871,.T.);
#8067=ORIENTED_EDGE('',*,*,#5889,.T.);
#8068=ORIENTED_EDGE('',*,*,#5900,.F.);
#8069=ORIENTED_EDGE('',*,*,#5873,.F.);
#8070=ORIENTED_EDGE('',*,*,#5900,.T.);
#8071=ORIENTED_EDGE('',*,*,#5899,.T.);
#8072=ORIENTED_EDGE('',*,*,#5901,.F.);
#8073=ORIENTED_EDGE('',*,*,#5874,.F.);
#8074=ORIENTED_EDGE('',*,*,#5901,.T.);
#8075=ORIENTED_EDGE('',*,*,#5898,.T.);
#8076=ORIENTED_EDGE('',*,*,#5902,.F.);
#8077=ORIENTED_EDGE('',*,*,#5875,.F.);
#8078=ORIENTED_EDGE('',*,*,#5902,.T.);
#8079=ORIENTED_EDGE('',*,*,#5897,.T.);
#8080=ORIENTED_EDGE('',*,*,#5903,.F.);
#8081=ORIENTED_EDGE('',*,*,#5876,.F.);
#8082=ORIENTED_EDGE('',*,*,#5903,.T.);
#8083=ORIENTED_EDGE('',*,*,#5896,.T.);
#8084=ORIENTED_EDGE('',*,*,#5904,.F.);
#8085=ORIENTED_EDGE('',*,*,#5877,.F.);
#8086=ORIENTED_EDGE('',*,*,#5904,.T.);
#8087=ORIENTED_EDGE('',*,*,#5895,.T.);
#8088=ORIENTED_EDGE('',*,*,#5905,.F.);
#8089=ORIENTED_EDGE('',*,*,#5878,.F.);
#8090=ORIENTED_EDGE('',*,*,#5905,.T.);
#8091=ORIENTED_EDGE('',*,*,#5894,.T.);
#8092=ORIENTED_EDGE('',*,*,#5906,.F.);
#8093=ORIENTED_EDGE('',*,*,#5879,.F.);
#8094=ORIENTED_EDGE('',*,*,#5906,.T.);
#8095=ORIENTED_EDGE('',*,*,#5893,.T.);
#8096=ORIENTED_EDGE('',*,*,#5907,.F.);
#8097=ORIENTED_EDGE('',*,*,#5880,.F.);
#8098=ORIENTED_EDGE('',*,*,#5907,.T.);
#8099=ORIENTED_EDGE('',*,*,#5892,.T.);
#8100=ORIENTED_EDGE('',*,*,#5908,.F.);
#8101=ORIENTED_EDGE('',*,*,#5881,.F.);
#8102=ORIENTED_EDGE('',*,*,#5908,.T.);
#8103=ORIENTED_EDGE('',*,*,#5891,.T.);
#8104=ORIENTED_EDGE('',*,*,#5909,.F.);
#8105=ORIENTED_EDGE('',*,*,#5882,.F.);
#8106=ORIENTED_EDGE('',*,*,#5909,.T.);
#8107=ORIENTED_EDGE('',*,*,#5890,.T.);
#8108=ORIENTED_EDGE('',*,*,#5869,.F.);
#8109=ORIENTED_EDGE('',*,*,#5910,.F.);
#8110=ORIENTED_EDGE('',*,*,#5911,.T.);
#8111=ORIENTED_EDGE('',*,*,#5912,.F.);
#8112=ORIENTED_EDGE('',*,*,#5911,.F.);
#8113=ORIENTED_EDGE('',*,*,#5910,.T.);
#8114=ORIENTED_EDGE('',*,*,#5913,.F.);
#8115=ORIENTED_EDGE('',*,*,#5914,.F.);
#8116=ORIENTED_EDGE('',*,*,#5915,.T.);
#8117=ORIENTED_EDGE('',*,*,#5916,.F.);
#8118=ORIENTED_EDGE('',*,*,#5915,.F.);
#8119=ORIENTED_EDGE('',*,*,#5914,.T.);
#8120=ORIENTED_EDGE('',*,*,#5917,.F.);
#8121=ORIENTED_EDGE('',*,*,#5918,.F.);
#8122=ORIENTED_EDGE('',*,*,#5919,.T.);
#8123=ORIENTED_EDGE('',*,*,#5920,.F.);
#8124=ORIENTED_EDGE('',*,*,#5919,.F.);
#8125=ORIENTED_EDGE('',*,*,#5918,.T.);
#8126=ORIENTED_EDGE('',*,*,#5921,.F.);
#8127=ORIENTED_EDGE('',*,*,#5922,.F.);
#8128=ORIENTED_EDGE('',*,*,#5923,.T.);
#8129=ORIENTED_EDGE('',*,*,#5924,.F.);
#8130=ORIENTED_EDGE('',*,*,#5923,.F.);
#8131=ORIENTED_EDGE('',*,*,#5922,.T.);
#8132=ORIENTED_EDGE('',*,*,#5925,.F.);
#8133=ORIENTED_EDGE('',*,*,#5926,.F.);
#8134=ORIENTED_EDGE('',*,*,#5927,.T.);
#8135=ORIENTED_EDGE('',*,*,#5928,.F.);
#8136=ORIENTED_EDGE('',*,*,#5927,.F.);
#8137=ORIENTED_EDGE('',*,*,#5926,.T.);
#8138=ORIENTED_EDGE('',*,*,#5929,.F.);
#8139=ORIENTED_EDGE('',*,*,#5930,.F.);
#8140=ORIENTED_EDGE('',*,*,#5931,.T.);
#8141=ORIENTED_EDGE('',*,*,#5932,.F.);
#8142=ORIENTED_EDGE('',*,*,#5931,.F.);
#8143=ORIENTED_EDGE('',*,*,#5930,.T.);
#8144=ORIENTED_EDGE('',*,*,#5933,.F.);
#8145=ORIENTED_EDGE('',*,*,#5934,.F.);
#8146=ORIENTED_EDGE('',*,*,#5935,.F.);
#8147=ORIENTED_EDGE('',*,*,#5934,.T.);
#8148=ORIENTED_EDGE('',*,*,#5936,.T.);
#8149=ORIENTED_EDGE('',*,*,#5937,.T.);
#8150=ORIENTED_EDGE('',*,*,#5936,.F.);
#8151=ORIENTED_EDGE('',*,*,#5935,.T.);
#8152=ORIENTED_EDGE('',*,*,#5938,.T.);
#8153=ORIENTED_EDGE('',*,*,#5939,.F.);
#8154=ORIENTED_EDGE('',*,*,#5938,.F.);
#8155=ORIENTED_EDGE('',*,*,#5940,.F.);
#8156=ORIENTED_EDGE('',*,*,#5939,.T.);
#8157=ORIENTED_EDGE('',*,*,#5940,.T.);
#8158=ORIENTED_EDGE('',*,*,#5941,.T.);
#8159=ORIENTED_EDGE('',*,*,#5942,.F.);
#8160=ORIENTED_EDGE('',*,*,#5941,.F.);
#8161=ORIENTED_EDGE('',*,*,#5943,.F.);
#8162=ORIENTED_EDGE('',*,*,#5942,.T.);
#8163=ORIENTED_EDGE('',*,*,#5943,.T.);
#8164=ORIENTED_EDGE('',*,*,#5944,.T.);
#8165=ORIENTED_EDGE('',*,*,#5945,.F.);
#8166=ORIENTED_EDGE('',*,*,#5944,.F.);
#8167=ORIENTED_EDGE('',*,*,#5946,.F.);
#8168=ORIENTED_EDGE('',*,*,#5945,.T.);
#8169=ORIENTED_EDGE('',*,*,#5946,.T.);
#8170=ORIENTED_EDGE('',*,*,#5947,.T.);
#8171=ORIENTED_EDGE('',*,*,#5948,.F.);
#8172=ORIENTED_EDGE('',*,*,#5947,.F.);
#8173=ORIENTED_EDGE('',*,*,#5949,.F.);
#8174=ORIENTED_EDGE('',*,*,#5948,.T.);
#8175=ORIENTED_EDGE('',*,*,#5950,.F.);
#8176=ORIENTED_EDGE('',*,*,#5951,.T.);
#8177=ORIENTED_EDGE('',*,*,#5949,.T.);
#8178=ORIENTED_EDGE('',*,*,#5951,.F.);
#8179=ORIENTED_EDGE('',*,*,#5950,.T.);
#8180=ORIENTED_EDGE('',*,*,#5952,.F.);
#8181=ORIENTED_EDGE('',*,*,#5953,.F.);
#8182=ORIENTED_EDGE('',*,*,#5954,.T.);
#8183=ORIENTED_EDGE('',*,*,#5952,.T.);
#8184=ORIENTED_EDGE('',*,*,#5954,.F.);
#8185=ORIENTED_EDGE('',*,*,#5955,.F.);
#8186=ORIENTED_EDGE('',*,*,#5956,.T.);
#8187=ORIENTED_EDGE('',*,*,#5953,.T.);
#8188=ORIENTED_EDGE('',*,*,#5956,.F.);
#8189=ORIENTED_EDGE('',*,*,#5957,.F.);
#8190=ORIENTED_EDGE('',*,*,#5958,.T.);
#8191=ORIENTED_EDGE('',*,*,#5955,.T.);
#8192=ORIENTED_EDGE('',*,*,#5958,.F.);
#8193=ORIENTED_EDGE('',*,*,#5957,.T.);
#8194=ORIENTED_EDGE('',*,*,#5937,.F.);
#8195=ORIENTED_EDGE('',*,*,#5959,.F.);
#8196=ORIENTED_EDGE('',*,*,#5960,.T.);
#8197=ORIENTED_EDGE('',*,*,#5961,.T.);
#8198=ORIENTED_EDGE('',*,*,#5960,.F.);
#8199=ORIENTED_EDGE('',*,*,#5962,.F.);
#8200=ORIENTED_EDGE('',*,*,#5963,.T.);
#8201=ORIENTED_EDGE('',*,*,#5964,.T.);
#8202=ORIENTED_EDGE('',*,*,#5963,.F.);
#8203=ORIENTED_EDGE('',*,*,#5962,.T.);
#8204=ORIENTED_EDGE('',*,*,#5959,.T.);
#8205=ORIENTED_EDGE('',*,*,#5964,.F.);
#8206=ORIENTED_EDGE('',*,*,#5961,.F.);
#8207=ORIENTED_EDGE('',*,*,#5965,.F.);
#8208=ORIENTED_EDGE('',*,*,#5966,.T.);
#8209=ORIENTED_EDGE('',*,*,#5967,.T.);
#8210=ORIENTED_EDGE('',*,*,#5966,.F.);
#8211=ORIENTED_EDGE('',*,*,#5968,.F.);
#8212=ORIENTED_EDGE('',*,*,#5969,.T.);
#8213=ORIENTED_EDGE('',*,*,#5970,.T.);
#8214=ORIENTED_EDGE('',*,*,#5969,.F.);
#8215=ORIENTED_EDGE('',*,*,#5968,.T.);
#8216=ORIENTED_EDGE('',*,*,#5965,.T.);
#8217=ORIENTED_EDGE('',*,*,#5970,.F.);
#8218=ORIENTED_EDGE('',*,*,#5967,.F.);
#8219=ORIENTED_EDGE('',*,*,#5971,.F.);
#8220=ORIENTED_EDGE('',*,*,#5972,.F.);
#8221=ORIENTED_EDGE('',*,*,#5973,.F.);
#8222=ORIENTED_EDGE('',*,*,#5974,.T.);
#8223=ORIENTED_EDGE('',*,*,#5975,.T.);
#8224=ORIENTED_EDGE('',*,*,#5976,.F.);
#8225=ORIENTED_EDGE('',*,*,#5977,.F.);
#8226=ORIENTED_EDGE('',*,*,#5978,.F.);
#8227=ORIENTED_EDGE('',*,*,#5979,.F.);
#8228=ORIENTED_EDGE('',*,*,#5980,.F.);
#8229=ORIENTED_EDGE('',*,*,#5981,.F.);
#8230=ORIENTED_EDGE('',*,*,#5982,.F.);
#8231=ORIENTED_EDGE('',*,*,#5983,.F.);
#8232=ORIENTED_EDGE('',*,*,#5984,.F.);
#8233=ORIENTED_EDGE('',*,*,#5985,.F.);
#8234=ORIENTED_EDGE('',*,*,#5976,.T.);
#8235=ORIENTED_EDGE('',*,*,#5986,.T.);
#8236=ORIENTED_EDGE('',*,*,#5987,.F.);
#8237=ORIENTED_EDGE('',*,*,#5988,.F.);
#8238=ORIENTED_EDGE('',*,*,#5972,.T.);
#8239=ORIENTED_EDGE('',*,*,#5989,.F.);
#8240=ORIENTED_EDGE('',*,*,#5990,.F.);
#8241=ORIENTED_EDGE('',*,*,#5991,.F.);
#8242=ORIENTED_EDGE('',*,*,#5992,.T.);
#8243=ORIENTED_EDGE('',*,*,#5993,.T.);
#8244=ORIENTED_EDGE('',*,*,#5994,.F.);
#8245=ORIENTED_EDGE('',*,*,#5995,.F.);
#8246=ORIENTED_EDGE('',*,*,#5996,.F.);
#8247=ORIENTED_EDGE('',*,*,#5997,.F.);
#8248=ORIENTED_EDGE('',*,*,#5998,.F.);
#8249=ORIENTED_EDGE('',*,*,#5999,.F.);
#8250=ORIENTED_EDGE('',*,*,#6000,.F.);
#8251=ORIENTED_EDGE('',*,*,#6001,.F.);
#8252=ORIENTED_EDGE('',*,*,#6002,.F.);
#8253=ORIENTED_EDGE('',*,*,#6003,.F.);
#8254=ORIENTED_EDGE('',*,*,#5994,.T.);
#8255=ORIENTED_EDGE('',*,*,#6004,.T.);
#8256=ORIENTED_EDGE('',*,*,#5974,.F.);
#8257=ORIENTED_EDGE('',*,*,#6005,.F.);
#8258=ORIENTED_EDGE('',*,*,#5990,.T.);
#8259=ORIENTED_EDGE('',*,*,#6006,.T.);
#8260=ORIENTED_EDGE('',*,*,#6007,.T.);
#8261=ORIENTED_EDGE('',*,*,#6008,.F.);
#8262=ORIENTED_EDGE('',*,*,#6009,.F.);
#8263=ORIENTED_EDGE('',*,*,#6007,.F.);
#8264=ORIENTED_EDGE('',*,*,#6010,.T.);
#8265=ORIENTED_EDGE('',*,*,#6011,.T.);
#8266=ORIENTED_EDGE('',*,*,#6012,.T.);
#8267=ORIENTED_EDGE('',*,*,#6013,.F.);
#8268=ORIENTED_EDGE('',*,*,#6014,.F.);
#8269=ORIENTED_EDGE('',*,*,#6012,.F.);
#8270=ORIENTED_EDGE('',*,*,#6015,.T.);
#8271=ORIENTED_EDGE('',*,*,#6016,.T.);
#8272=ORIENTED_EDGE('',*,*,#6017,.T.);
#8273=ORIENTED_EDGE('',*,*,#6018,.T.);
#8274=ORIENTED_EDGE('',*,*,#6019,.T.);
#8275=ORIENTED_EDGE('',*,*,#6020,.T.);
#8276=ORIENTED_EDGE('',*,*,#6021,.T.);
#8277=ORIENTED_EDGE('',*,*,#6022,.T.);
#8278=ORIENTED_EDGE('',*,*,#6023,.T.);
#8279=ORIENTED_EDGE('',*,*,#6024,.T.);
#8280=ORIENTED_EDGE('',*,*,#6025,.T.);
#8281=ORIENTED_EDGE('',*,*,#6026,.T.);
#8282=ORIENTED_EDGE('',*,*,#6027,.T.);
#8283=ORIENTED_EDGE('',*,*,#6028,.T.);
#8284=ORIENTED_EDGE('',*,*,#6029,.T.);
#8285=ORIENTED_EDGE('',*,*,#6030,.T.);
#8286=ORIENTED_EDGE('',*,*,#6031,.T.);
#8287=ORIENTED_EDGE('',*,*,#6032,.T.);
#8288=ORIENTED_EDGE('',*,*,#6033,.T.);
#8289=ORIENTED_EDGE('',*,*,#6034,.T.);
#8290=ORIENTED_EDGE('',*,*,#6035,.T.);
#8291=ORIENTED_EDGE('',*,*,#6036,.T.);
#8292=ORIENTED_EDGE('',*,*,#6037,.T.);
#8293=ORIENTED_EDGE('',*,*,#6038,.T.);
#8294=ORIENTED_EDGE('',*,*,#6039,.F.);
#8295=ORIENTED_EDGE('',*,*,#6040,.F.);
#8296=ORIENTED_EDGE('',*,*,#6041,.T.);
#8297=ORIENTED_EDGE('',*,*,#6042,.T.);
#8298=ORIENTED_EDGE('',*,*,#6043,.T.);
#8299=ORIENTED_EDGE('',*,*,#6044,.T.);
#8300=ORIENTED_EDGE('',*,*,#6045,.T.);
#8301=ORIENTED_EDGE('',*,*,#6046,.F.);
#8302=ORIENTED_EDGE('',*,*,#6047,.F.);
#8303=ORIENTED_EDGE('',*,*,#6040,.T.);
#8304=ORIENTED_EDGE('',*,*,#6048,.F.);
#8305=ORIENTED_EDGE('',*,*,#6049,.F.);
#8306=ORIENTED_EDGE('',*,*,#6050,.F.);
#8307=ORIENTED_EDGE('',*,*,#6051,.T.);
#8308=ORIENTED_EDGE('',*,*,#6046,.T.);
#8309=ORIENTED_EDGE('',*,*,#6052,.F.);
#8310=ORIENTED_EDGE('',*,*,#6053,.T.);
#8311=ORIENTED_EDGE('',*,*,#6054,.F.);
#8312=ORIENTED_EDGE('',*,*,#6055,.F.);
#8313=ORIENTED_EDGE('',*,*,#6050,.T.);
#8314=ORIENTED_EDGE('',*,*,#6056,.T.);
#8315=ORIENTED_EDGE('',*,*,#6057,.F.);
#8316=ORIENTED_EDGE('',*,*,#6058,.F.);
#8317=ORIENTED_EDGE('',*,*,#6054,.T.);
#8318=ORIENTED_EDGE('',*,*,#6059,.T.);
#8319=ORIENTED_EDGE('',*,*,#5992,.F.);
#8320=ORIENTED_EDGE('',*,*,#6060,.F.);
#8321=ORIENTED_EDGE('',*,*,#6057,.T.);
#8322=ORIENTED_EDGE('',*,*,#6061,.F.);
#8323=ORIENTED_EDGE('',*,*,#6062,.F.);
#8324=ORIENTED_EDGE('',*,*,#6063,.T.);
#8325=ORIENTED_EDGE('',*,*,#5987,.T.);
#8326=ORIENTED_EDGE('',*,*,#6064,.F.);
#8327=ORIENTED_EDGE('',*,*,#6065,.F.);
#8328=ORIENTED_EDGE('',*,*,#6066,.T.);
#8329=ORIENTED_EDGE('',*,*,#6062,.T.);
#8330=ORIENTED_EDGE('',*,*,#6067,.F.);
#8331=ORIENTED_EDGE('',*,*,#6068,.F.);
#8332=ORIENTED_EDGE('',*,*,#6069,.T.);
#8333=ORIENTED_EDGE('',*,*,#6065,.T.);
#8334=ORIENTED_EDGE('',*,*,#6070,.T.);
#8335=ORIENTED_EDGE('',*,*,#6071,.T.);
#8336=ORIENTED_EDGE('',*,*,#6072,.F.);
#8337=ORIENTED_EDGE('',*,*,#6071,.F.);
#8338=ORIENTED_EDGE('',*,*,#6073,.T.);
#8339=ORIENTED_EDGE('',*,*,#6074,.T.);
#8340=ORIENTED_EDGE('',*,*,#6075,.F.);
#8341=ORIENTED_EDGE('',*,*,#6074,.F.);
#8342=ORIENTED_EDGE('',*,*,#6076,.F.);
#8343=ORIENTED_EDGE('',*,*,#6077,.T.);
#8344=ORIENTED_EDGE('',*,*,#6078,.T.);
#8345=ORIENTED_EDGE('',*,*,#6079,.T.);
#8346=ORIENTED_EDGE('',*,*,#6080,.F.);
#8347=ORIENTED_EDGE('',*,*,#6068,.T.);
#8348=ORIENTED_EDGE('',*,*,#6081,.T.);
#8349=ORIENTED_EDGE('',*,*,#6042,.F.);
#8350=ORIENTED_EDGE('',*,*,#6080,.T.);
#8351=ORIENTED_EDGE('',*,*,#6082,.T.);
#8352=ORIENTED_EDGE('',*,*,#6026,.F.);
#8353=ORIENTED_EDGE('',*,*,#6083,.F.);
#8354=ORIENTED_EDGE('',*,*,#6027,.F.);
#8355=ORIENTED_EDGE('',*,*,#6084,.F.);
#8356=ORIENTED_EDGE('',*,*,#6076,.T.);
#8357=ORIENTED_EDGE('',*,*,#6041,.F.);
#8358=ORIENTED_EDGE('',*,*,#6047,.T.);
#8359=ORIENTED_EDGE('',*,*,#6051,.F.);
#8360=ORIENTED_EDGE('',*,*,#6055,.T.);
#8361=ORIENTED_EDGE('',*,*,#6058,.T.);
#8362=ORIENTED_EDGE('',*,*,#6060,.T.);
#8363=ORIENTED_EDGE('',*,*,#5991,.T.);
#8364=ORIENTED_EDGE('',*,*,#6005,.T.);
#8365=ORIENTED_EDGE('',*,*,#5973,.T.);
#8366=ORIENTED_EDGE('',*,*,#5988,.T.);
#8367=ORIENTED_EDGE('',*,*,#6063,.F.);
#8368=ORIENTED_EDGE('',*,*,#6066,.F.);
#8369=ORIENTED_EDGE('',*,*,#6069,.F.);
#8370=ORIENTED_EDGE('',*,*,#6073,.F.);
#8371=ORIENTED_EDGE('',*,*,#6070,.F.);
#8372=ORIENTED_EDGE('',*,*,#6085,.F.);
#8373=ORIENTED_EDGE('',*,*,#6043,.F.);
#8374=ORIENTED_EDGE('',*,*,#6039,.T.);
#8375=ORIENTED_EDGE('',*,*,#6081,.F.);
#8376=ORIENTED_EDGE('',*,*,#6067,.T.);
#8377=ORIENTED_EDGE('',*,*,#6064,.T.);
#8378=ORIENTED_EDGE('',*,*,#6061,.T.);
#8379=ORIENTED_EDGE('',*,*,#5986,.F.);
#8380=ORIENTED_EDGE('',*,*,#5975,.F.);
#8381=ORIENTED_EDGE('',*,*,#6004,.F.);
#8382=ORIENTED_EDGE('',*,*,#5993,.F.);
#8383=ORIENTED_EDGE('',*,*,#6059,.F.);
#8384=ORIENTED_EDGE('',*,*,#6056,.F.);
#8385=ORIENTED_EDGE('',*,*,#6053,.F.);
#8386=ORIENTED_EDGE('',*,*,#6049,.T.);
#8387=ORIENTED_EDGE('',*,*,#6086,.T.);
#8388=ORIENTED_EDGE('',*,*,#6037,.F.);
#8389=ORIENTED_EDGE('',*,*,#6087,.F.);
#8390=ORIENTED_EDGE('',*,*,#6023,.F.);
#8391=ORIENTED_EDGE('',*,*,#6075,.T.);
#8392=ORIENTED_EDGE('',*,*,#6072,.T.);
#8393=ORIENTED_EDGE('',*,*,#6077,.F.);
#8394=ORIENTED_EDGE('',*,*,#6084,.T.);
#8395=ORIENTED_EDGE('',*,*,#6029,.F.);
#8396=ORIENTED_EDGE('',*,*,#6088,.F.);
#8397=ORIENTED_EDGE('',*,*,#6089,.F.);
#8398=ORIENTED_EDGE('',*,*,#6030,.F.);
#8399=ORIENTED_EDGE('',*,*,#6090,.F.);
#8400=ORIENTED_EDGE('',*,*,#6079,.F.);
#8401=ORIENTED_EDGE('',*,*,#6091,.T.);
#8402=ORIENTED_EDGE('',*,*,#6035,.F.);
#8403=ORIENTED_EDGE('',*,*,#6092,.F.);
#8404=ORIENTED_EDGE('',*,*,#6024,.F.);
#8405=ORIENTED_EDGE('',*,*,#6082,.F.);
#8406=ORIENTED_EDGE('',*,*,#6078,.F.);
#8407=ORIENTED_EDGE('',*,*,#6090,.T.);
#8408=ORIENTED_EDGE('',*,*,#6032,.F.);
#8409=ORIENTED_EDGE('',*,*,#6093,.F.);
#8410=ORIENTED_EDGE('',*,*,#6033,.F.);
#8411=ORIENTED_EDGE('',*,*,#6091,.F.);
#8412=ORIENTED_EDGE('',*,*,#6045,.F.);
#8413=ORIENTED_EDGE('',*,*,#6094,.T.);
#8414=ORIENTED_EDGE('',*,*,#6019,.F.);
#8415=ORIENTED_EDGE('',*,*,#6095,.F.);
#8416=ORIENTED_EDGE('',*,*,#6017,.F.);
#8417=ORIENTED_EDGE('',*,*,#6096,.F.);
#8418=ORIENTED_EDGE('',*,*,#6052,.T.);
#8419=ORIENTED_EDGE('',*,*,#6044,.F.);
#8420=ORIENTED_EDGE('',*,*,#6085,.T.);
#8421=ORIENTED_EDGE('',*,*,#6022,.F.);
#8422=ORIENTED_EDGE('',*,*,#6097,.F.);
#8423=ORIENTED_EDGE('',*,*,#6020,.F.);
#8424=ORIENTED_EDGE('',*,*,#6094,.F.);
#8425=ORIENTED_EDGE('',*,*,#6086,.F.);
#8426=ORIENTED_EDGE('',*,*,#6048,.T.);
#8427=ORIENTED_EDGE('',*,*,#6096,.T.);
#8428=ORIENTED_EDGE('',*,*,#6016,.F.);
#8429=ORIENTED_EDGE('',*,*,#6098,.F.);
#8430=ORIENTED_EDGE('',*,*,#6099,.F.);
#8431=ORIENTED_EDGE('',*,*,#6038,.F.);
#8432=ORIENTED_EDGE('',*,*,#6100,.T.);
#8433=ORIENTED_EDGE('',*,*,#6088,.T.);
#8434=ORIENTED_EDGE('',*,*,#6101,.T.);
#8435=ORIENTED_EDGE('',*,*,#6102,.T.);
#8436=ORIENTED_EDGE('',*,*,#6083,.T.);
#8437=ORIENTED_EDGE('',*,*,#6103,.T.);
#8438=ORIENTED_EDGE('',*,*,#6089,.T.);
#8439=ORIENTED_EDGE('',*,*,#6100,.F.);
#8440=ORIENTED_EDGE('',*,*,#6104,.T.);
#8441=ORIENTED_EDGE('',*,*,#6092,.T.);
#8442=ORIENTED_EDGE('',*,*,#6105,.T.);
#8443=ORIENTED_EDGE('',*,*,#6093,.T.);
#8444=ORIENTED_EDGE('',*,*,#6101,.F.);
#8445=ORIENTED_EDGE('',*,*,#6028,.F.);
#8446=ORIENTED_EDGE('',*,*,#6102,.F.);
#8447=ORIENTED_EDGE('',*,*,#6025,.F.);
#8448=ORIENTED_EDGE('',*,*,#6104,.F.);
#8449=ORIENTED_EDGE('',*,*,#6034,.F.);
#8450=ORIENTED_EDGE('',*,*,#6105,.F.);
#8451=ORIENTED_EDGE('',*,*,#6031,.F.);
#8452=ORIENTED_EDGE('',*,*,#6103,.F.);
#8453=ORIENTED_EDGE('',*,*,#6106,.T.);
#8454=ORIENTED_EDGE('',*,*,#6008,.T.);
#8455=ORIENTED_EDGE('',*,*,#6009,.T.);
#8456=ORIENTED_EDGE('',*,*,#6106,.F.);
#8457=ORIENTED_EDGE('',*,*,#6107,.F.);
#8458=ORIENTED_EDGE('',*,*,#6098,.T.);
#8459=ORIENTED_EDGE('',*,*,#6108,.T.);
#8460=ORIENTED_EDGE('',*,*,#6109,.T.);
#8461=ORIENTED_EDGE('',*,*,#6095,.T.);
#8462=ORIENTED_EDGE('',*,*,#6110,.T.);
#8463=ORIENTED_EDGE('',*,*,#6097,.T.);
#8464=ORIENTED_EDGE('',*,*,#6111,.F.);
#8465=ORIENTED_EDGE('',*,*,#6112,.T.);
#8466=ORIENTED_EDGE('',*,*,#6013,.T.);
#8467=ORIENTED_EDGE('',*,*,#6014,.T.);
#8468=ORIENTED_EDGE('',*,*,#6112,.F.);
#8469=ORIENTED_EDGE('',*,*,#6108,.F.);
#8470=ORIENTED_EDGE('',*,*,#6015,.F.);
#8471=ORIENTED_EDGE('',*,*,#6109,.F.);
#8472=ORIENTED_EDGE('',*,*,#6018,.F.);
#8473=ORIENTED_EDGE('',*,*,#6110,.F.);
#8474=ORIENTED_EDGE('',*,*,#6021,.F.);
#8475=ORIENTED_EDGE('',*,*,#6113,.F.);
#8476=ORIENTED_EDGE('',*,*,#6036,.F.);
#8477=ORIENTED_EDGE('',*,*,#6111,.T.);
#8478=ORIENTED_EDGE('',*,*,#6099,.T.);
#8479=ORIENTED_EDGE('',*,*,#6107,.T.);
#8480=ORIENTED_EDGE('',*,*,#6113,.T.);
#8481=ORIENTED_EDGE('',*,*,#6087,.T.);
#8482=ORIENTED_EDGE('',*,*,#6114,.F.);
#8483=ORIENTED_EDGE('',*,*,#6115,.T.);
#8484=ORIENTED_EDGE('',*,*,#6116,.F.);
#8485=ORIENTED_EDGE('',*,*,#6117,.F.);
#8486=ORIENTED_EDGE('',*,*,#6115,.F.);
#8487=ORIENTED_EDGE('',*,*,#6118,.F.);
#8488=ORIENTED_EDGE('',*,*,#6114,.T.);
#8489=ORIENTED_EDGE('',*,*,#6119,.T.);
#8490=ORIENTED_EDGE('',*,*,#6011,.F.);
#8491=ORIENTED_EDGE('',*,*,#6119,.F.);
#8492=ORIENTED_EDGE('',*,*,#6118,.T.);
#8493=ORIENTED_EDGE('',*,*,#6120,.F.);
#8494=ORIENTED_EDGE('',*,*,#6120,.T.);
#8495=ORIENTED_EDGE('',*,*,#6121,.T.);
#8496=ORIENTED_EDGE('',*,*,#6122,.F.);
#8497=ORIENTED_EDGE('',*,*,#6121,.F.);
#8498=ORIENTED_EDGE('',*,*,#6123,.T.);
#8499=ORIENTED_EDGE('',*,*,#6122,.T.);
#8500=ORIENTED_EDGE('',*,*,#6123,.F.);
#8501=ORIENTED_EDGE('',*,*,#6124,.T.);
#8502=ORIENTED_EDGE('',*,*,#6116,.T.);
#8503=ORIENTED_EDGE('',*,*,#6117,.T.);
#8504=ORIENTED_EDGE('',*,*,#6124,.F.);
#8505=ORIENTED_EDGE('',*,*,#6125,.F.);
#8506=ORIENTED_EDGE('',*,*,#6126,.T.);
#8507=ORIENTED_EDGE('',*,*,#6127,.F.);
#8508=ORIENTED_EDGE('',*,*,#6128,.F.);
#8509=ORIENTED_EDGE('',*,*,#6126,.F.);
#8510=ORIENTED_EDGE('',*,*,#6129,.F.);
#8511=ORIENTED_EDGE('',*,*,#6130,.T.);
#8512=ORIENTED_EDGE('',*,*,#6127,.T.);
#8513=ORIENTED_EDGE('',*,*,#6128,.T.);
#8514=ORIENTED_EDGE('',*,*,#6130,.F.);
#8515=ORIENTED_EDGE('',*,*,#6006,.F.);
#8516=ORIENTED_EDGE('',*,*,#6131,.T.);
#8517=ORIENTED_EDGE('',*,*,#6129,.T.);
#8518=ORIENTED_EDGE('',*,*,#6131,.F.);
#8519=ORIENTED_EDGE('',*,*,#6010,.F.);
#8520=ORIENTED_EDGE('',*,*,#6132,.F.);
#8521=ORIENTED_EDGE('',*,*,#6132,.T.);
#8522=ORIENTED_EDGE('',*,*,#6133,.T.);
#8523=ORIENTED_EDGE('',*,*,#6134,.F.);
#8524=ORIENTED_EDGE('',*,*,#6133,.F.);
#8525=ORIENTED_EDGE('',*,*,#6135,.T.);
#8526=ORIENTED_EDGE('',*,*,#6134,.T.);
#8527=ORIENTED_EDGE('',*,*,#6135,.F.);
#8528=ORIENTED_EDGE('',*,*,#6136,.T.);
#8529=ORIENTED_EDGE('',*,*,#6125,.T.);
#8530=ORIENTED_EDGE('',*,*,#6136,.F.);
#8531=ORIENTED_EDGE('',*,*,#6137,.T.);
#8532=ORIENTED_EDGE('',*,*,#5996,.T.);
#8533=ORIENTED_EDGE('',*,*,#6138,.F.);
#8534=ORIENTED_EDGE('',*,*,#6139,.F.);
#8535=ORIENTED_EDGE('',*,*,#6140,.T.);
#8536=ORIENTED_EDGE('',*,*,#6002,.T.);
#8537=ORIENTED_EDGE('',*,*,#6141,.F.);
#8538=ORIENTED_EDGE('',*,*,#6142,.F.);
#8539=ORIENTED_EDGE('',*,*,#6001,.T.);
#8540=ORIENTED_EDGE('',*,*,#5989,.T.);
#8541=ORIENTED_EDGE('',*,*,#6137,.F.);
#8542=ORIENTED_EDGE('',*,*,#6143,.F.);
#8543=ORIENTED_EDGE('',*,*,#6141,.T.);
#8544=ORIENTED_EDGE('',*,*,#6138,.T.);
#8545=ORIENTED_EDGE('',*,*,#5995,.T.);
#8546=ORIENTED_EDGE('',*,*,#6003,.T.);
#8547=ORIENTED_EDGE('',*,*,#6140,.F.);
#8548=ORIENTED_EDGE('',*,*,#6144,.F.);
#8549=ORIENTED_EDGE('',*,*,#6142,.T.);
#8550=ORIENTED_EDGE('',*,*,#6143,.T.);
#8551=ORIENTED_EDGE('',*,*,#6139,.T.);
#8552=ORIENTED_EDGE('',*,*,#6144,.T.);
#8553=ORIENTED_EDGE('',*,*,#6145,.F.);
#8554=ORIENTED_EDGE('',*,*,#6146,.T.);
#8555=ORIENTED_EDGE('',*,*,#5997,.T.);
#8556=ORIENTED_EDGE('',*,*,#6147,.F.);
#8557=ORIENTED_EDGE('',*,*,#6148,.F.);
#8558=ORIENTED_EDGE('',*,*,#6149,.T.);
#8559=ORIENTED_EDGE('',*,*,#5999,.T.);
#8560=ORIENTED_EDGE('',*,*,#6150,.F.);
#8561=ORIENTED_EDGE('',*,*,#6151,.F.);
#8562=ORIENTED_EDGE('',*,*,#6147,.T.);
#8563=ORIENTED_EDGE('',*,*,#6000,.T.);
#8564=ORIENTED_EDGE('',*,*,#6149,.F.);
#8565=ORIENTED_EDGE('',*,*,#6152,.F.);
#8566=ORIENTED_EDGE('',*,*,#6150,.T.);
#8567=ORIENTED_EDGE('',*,*,#5998,.T.);
#8568=ORIENTED_EDGE('',*,*,#6146,.F.);
#8569=ORIENTED_EDGE('',*,*,#6153,.F.);
#8570=ORIENTED_EDGE('',*,*,#6148,.T.);
#8571=ORIENTED_EDGE('',*,*,#6152,.T.);
#8572=ORIENTED_EDGE('',*,*,#6151,.T.);
#8573=ORIENTED_EDGE('',*,*,#6153,.T.);
#8574=ORIENTED_EDGE('',*,*,#6154,.F.);
#8575=ORIENTED_EDGE('',*,*,#6155,.T.);
#8576=ORIENTED_EDGE('',*,*,#5979,.T.);
#8577=ORIENTED_EDGE('',*,*,#6156,.F.);
#8578=ORIENTED_EDGE('',*,*,#6157,.F.);
#8579=ORIENTED_EDGE('',*,*,#6158,.T.);
#8580=ORIENTED_EDGE('',*,*,#5981,.T.);
#8581=ORIENTED_EDGE('',*,*,#6159,.F.);
#8582=ORIENTED_EDGE('',*,*,#6160,.F.);
#8583=ORIENTED_EDGE('',*,*,#6156,.T.);
#8584=ORIENTED_EDGE('',*,*,#5982,.T.);
#8585=ORIENTED_EDGE('',*,*,#6158,.F.);
#8586=ORIENTED_EDGE('',*,*,#6161,.F.);
#8587=ORIENTED_EDGE('',*,*,#6159,.T.);
#8588=ORIENTED_EDGE('',*,*,#5980,.T.);
#8589=ORIENTED_EDGE('',*,*,#6155,.F.);
#8590=ORIENTED_EDGE('',*,*,#6162,.F.);
#8591=ORIENTED_EDGE('',*,*,#6157,.T.);
#8592=ORIENTED_EDGE('',*,*,#6161,.T.);
#8593=ORIENTED_EDGE('',*,*,#6160,.T.);
#8594=ORIENTED_EDGE('',*,*,#6162,.T.);
#8595=ORIENTED_EDGE('',*,*,#6163,.F.);
#8596=ORIENTED_EDGE('',*,*,#6164,.T.);
#8597=ORIENTED_EDGE('',*,*,#5978,.T.);
#8598=ORIENTED_EDGE('',*,*,#6165,.F.);
#8599=ORIENTED_EDGE('',*,*,#6166,.F.);
#8600=ORIENTED_EDGE('',*,*,#6167,.T.);
#8601=ORIENTED_EDGE('',*,*,#5984,.T.);
#8602=ORIENTED_EDGE('',*,*,#6168,.F.);
#8603=ORIENTED_EDGE('',*,*,#6169,.F.);
#8604=ORIENTED_EDGE('',*,*,#5983,.T.);
#8605=ORIENTED_EDGE('',*,*,#5971,.T.);
#8606=ORIENTED_EDGE('',*,*,#6164,.F.);
#8607=ORIENTED_EDGE('',*,*,#6170,.F.);
#8608=ORIENTED_EDGE('',*,*,#6168,.T.);
#8609=ORIENTED_EDGE('',*,*,#6165,.T.);
#8610=ORIENTED_EDGE('',*,*,#5977,.T.);
#8611=ORIENTED_EDGE('',*,*,#5985,.T.);
#8612=ORIENTED_EDGE('',*,*,#6167,.F.);
#8613=ORIENTED_EDGE('',*,*,#6171,.F.);
#8614=ORIENTED_EDGE('',*,*,#6169,.T.);
#8615=ORIENTED_EDGE('',*,*,#6170,.T.);
#8616=ORIENTED_EDGE('',*,*,#6166,.T.);
#8617=ORIENTED_EDGE('',*,*,#6171,.T.);
#8618=ORIENTED_EDGE('',*,*,#6172,.F.);
#8619=ORIENTED_EDGE('',*,*,#6154,.T.);
#8620=ORIENTED_EDGE('',*,*,#6173,.T.);
#8621=ORIENTED_EDGE('',*,*,#6174,.F.);
#8622=ORIENTED_EDGE('',*,*,#6173,.F.);
#8623=ORIENTED_EDGE('',*,*,#6174,.T.);
#8624=ORIENTED_EDGE('',*,*,#6145,.T.);
#8625=ORIENTED_EDGE('',*,*,#6175,.T.);
#8626=ORIENTED_EDGE('',*,*,#6176,.F.);
#8627=ORIENTED_EDGE('',*,*,#6175,.F.);
#8628=ORIENTED_EDGE('',*,*,#6176,.T.);
#8629=ORIENTED_EDGE('',*,*,#6163,.T.);
#8630=ORIENTED_EDGE('',*,*,#6177,.T.);
#8631=ORIENTED_EDGE('',*,*,#6178,.F.);
#8632=ORIENTED_EDGE('',*,*,#6177,.F.);
#8633=ORIENTED_EDGE('',*,*,#6178,.T.);
#8634=ORIENTED_EDGE('',*,*,#6172,.T.);
#8635=ORIENTED_EDGE('',*,*,#6179,.T.);
#8636=ORIENTED_EDGE('',*,*,#6180,.F.);
#8637=ORIENTED_EDGE('',*,*,#6179,.F.);
#8638=ORIENTED_EDGE('',*,*,#6180,.T.);
#8639=ORIENTED_EDGE('',*,*,#6181,.F.);
#8640=ORIENTED_EDGE('',*,*,#6182,.T.);
#8641=ORIENTED_EDGE('',*,*,#6183,.T.);
#8642=ORIENTED_EDGE('',*,*,#6182,.F.);
#8643=ORIENTED_EDGE('',*,*,#6184,.F.);
#8644=ORIENTED_EDGE('',*,*,#6185,.T.);
#8645=ORIENTED_EDGE('',*,*,#6186,.T.);
#8646=ORIENTED_EDGE('',*,*,#6185,.F.);
#8647=ORIENTED_EDGE('',*,*,#6184,.T.);
#8648=ORIENTED_EDGE('',*,*,#6181,.T.);
#8649=ORIENTED_EDGE('',*,*,#6186,.F.);
#8650=ORIENTED_EDGE('',*,*,#6183,.F.);
#8651=ORIENTED_EDGE('',*,*,#6187,.T.);
#8652=ORIENTED_EDGE('',*,*,#6188,.T.);
#8653=ORIENTED_EDGE('',*,*,#6189,.T.);
#8654=ORIENTED_EDGE('',*,*,#6190,.T.);
#8655=ORIENTED_EDGE('',*,*,#6191,.T.);
#8656=ORIENTED_EDGE('',*,*,#6192,.T.);
#8657=ORIENTED_EDGE('',*,*,#6189,.F.);
#8658=ORIENTED_EDGE('',*,*,#6193,.F.);
#8659=ORIENTED_EDGE('',*,*,#6194,.F.);
#8660=ORIENTED_EDGE('',*,*,#6195,.F.);
#8661=ORIENTED_EDGE('',*,*,#6188,.F.);
#8662=ORIENTED_EDGE('',*,*,#6196,.T.);
#8663=ORIENTED_EDGE('',*,*,#6197,.F.);
#8664=ORIENTED_EDGE('',*,*,#6193,.T.);
#8665=ORIENTED_EDGE('',*,*,#6187,.F.);
#8666=ORIENTED_EDGE('',*,*,#6198,.F.);
#8667=ORIENTED_EDGE('',*,*,#6199,.F.);
#8668=ORIENTED_EDGE('',*,*,#6200,.F.);
#8669=ORIENTED_EDGE('',*,*,#6201,.F.);
#8670=ORIENTED_EDGE('',*,*,#6202,.F.);
#8671=ORIENTED_EDGE('',*,*,#6203,.F.);
#8672=ORIENTED_EDGE('',*,*,#6204,.T.);
#8673=ORIENTED_EDGE('',*,*,#6205,.F.);
#8674=ORIENTED_EDGE('',*,*,#6196,.F.);
#8675=ORIENTED_EDGE('',*,*,#6194,.T.);
#8676=ORIENTED_EDGE('',*,*,#6197,.T.);
#8677=ORIENTED_EDGE('',*,*,#6205,.T.);
#8678=ORIENTED_EDGE('',*,*,#6206,.T.);
#8679=ORIENTED_EDGE('',*,*,#6207,.T.);
#8680=ORIENTED_EDGE('',*,*,#6208,.T.);
#8681=ORIENTED_EDGE('',*,*,#6209,.T.);
#8682=ORIENTED_EDGE('',*,*,#6210,.T.);
#8683=ORIENTED_EDGE('',*,*,#6211,.T.);
#8684=ORIENTED_EDGE('',*,*,#6212,.T.);
#8685=ORIENTED_EDGE('',*,*,#6213,.T.);
#8686=ORIENTED_EDGE('',*,*,#6210,.F.);
#8687=ORIENTED_EDGE('',*,*,#6214,.T.);
#8688=ORIENTED_EDGE('',*,*,#6215,.F.);
#8689=ORIENTED_EDGE('',*,*,#6216,.T.);
#8690=ORIENTED_EDGE('',*,*,#6217,.T.);
#8691=ORIENTED_EDGE('',*,*,#6218,.T.);
#8692=ORIENTED_EDGE('',*,*,#6219,.T.);
#8693=ORIENTED_EDGE('',*,*,#6220,.T.);
#8694=ORIENTED_EDGE('',*,*,#6219,.F.);
#8695=ORIENTED_EDGE('',*,*,#6220,.F.);
#8696=ORIENTED_EDGE('',*,*,#6221,.T.);
#8697=ORIENTED_EDGE('',*,*,#6222,.T.);
#8698=ORIENTED_EDGE('',*,*,#6221,.F.);
#8699=ORIENTED_EDGE('',*,*,#6223,.F.);
#8700=ORIENTED_EDGE('',*,*,#6224,.T.);
#8701=ORIENTED_EDGE('',*,*,#6225,.F.);
#8702=ORIENTED_EDGE('',*,*,#6226,.T.);
#8703=ORIENTED_EDGE('',*,*,#6227,.F.);
#8704=ORIENTED_EDGE('',*,*,#6228,.T.);
#8705=ORIENTED_EDGE('',*,*,#6211,.F.);
#8706=ORIENTED_EDGE('',*,*,#6217,.F.);
#8707=ORIENTED_EDGE('',*,*,#6229,.T.);
#8708=ORIENTED_EDGE('',*,*,#6230,.T.);
#8709=ORIENTED_EDGE('',*,*,#6201,.T.);
#8710=ORIENTED_EDGE('',*,*,#6231,.T.);
#8711=ORIENTED_EDGE('',*,*,#6232,.T.);
#8712=ORIENTED_EDGE('',*,*,#6233,.F.);
#8713=ORIENTED_EDGE('',*,*,#6234,.T.);
#8714=ORIENTED_EDGE('',*,*,#6235,.T.);
#8715=ORIENTED_EDGE('',*,*,#6236,.T.);
#8716=ORIENTED_EDGE('',*,*,#6237,.T.);
#8717=ORIENTED_EDGE('',*,*,#6238,.T.);
#8718=ORIENTED_EDGE('',*,*,#6239,.T.);
#8719=ORIENTED_EDGE('',*,*,#6218,.F.);
#8720=ORIENTED_EDGE('',*,*,#6239,.F.);
#8721=ORIENTED_EDGE('',*,*,#6240,.T.);
#8722=ORIENTED_EDGE('',*,*,#6241,.F.);
#8723=ORIENTED_EDGE('',*,*,#6240,.F.);
#8724=ORIENTED_EDGE('',*,*,#6238,.F.);
#8725=ORIENTED_EDGE('',*,*,#6242,.T.);
#8726=ORIENTED_EDGE('',*,*,#6243,.F.);
#8727=ORIENTED_EDGE('',*,*,#6242,.F.);
#8728=ORIENTED_EDGE('',*,*,#6244,.F.);
#8729=ORIENTED_EDGE('',*,*,#6245,.T.);
#8730=ORIENTED_EDGE('',*,*,#6246,.T.);
#8731=ORIENTED_EDGE('',*,*,#6245,.F.);
#8732=ORIENTED_EDGE('',*,*,#6246,.F.);
#8733=ORIENTED_EDGE('',*,*,#6222,.F.);
#8734=ORIENTED_EDGE('',*,*,#6247,.T.);
#8735=ORIENTED_EDGE('',*,*,#6248,.T.);
#8736=ORIENTED_EDGE('',*,*,#6249,.T.);
#8737=ORIENTED_EDGE('',*,*,#6250,.T.);
#8738=ORIENTED_EDGE('',*,*,#6251,.T.);
#8739=ORIENTED_EDGE('',*,*,#6252,.T.);
#8740=ORIENTED_EDGE('',*,*,#6253,.T.);
#8741=ORIENTED_EDGE('',*,*,#6254,.T.);
#8742=ORIENTED_EDGE('',*,*,#6255,.T.);
#8743=ORIENTED_EDGE('',*,*,#6256,.T.);
#8744=ORIENTED_EDGE('',*,*,#6244,.T.);
#8745=ORIENTED_EDGE('',*,*,#6257,.F.);
#8746=ORIENTED_EDGE('',*,*,#6258,.T.);
#8747=ORIENTED_EDGE('',*,*,#6259,.F.);
#8748=ORIENTED_EDGE('',*,*,#6260,.F.);
#8749=ORIENTED_EDGE('',*,*,#6261,.F.);
#8750=ORIENTED_EDGE('',*,*,#6260,.T.);
#8751=ORIENTED_EDGE('',*,*,#6262,.F.);
#8752=ORIENTED_EDGE('',*,*,#6263,.F.);
#8753=ORIENTED_EDGE('',*,*,#6264,.T.);
#8754=ORIENTED_EDGE('',*,*,#6257,.T.);
#8755=ORIENTED_EDGE('',*,*,#6261,.T.);
#8756=ORIENTED_EDGE('',*,*,#6265,.T.);
#8757=ORIENTED_EDGE('',*,*,#6266,.T.);
#8758=ORIENTED_EDGE('',*,*,#6267,.T.);
#8759=ORIENTED_EDGE('',*,*,#6262,.T.);
#8760=ORIENTED_EDGE('',*,*,#6259,.T.);
#8761=ORIENTED_EDGE('',*,*,#6268,.T.);
#8762=ORIENTED_EDGE('',*,*,#6269,.T.);
#8763=ORIENTED_EDGE('',*,*,#6270,.T.);
#8764=ORIENTED_EDGE('',*,*,#6271,.F.);
#8765=ORIENTED_EDGE('',*,*,#6203,.T.);
#8766=ORIENTED_EDGE('',*,*,#6272,.T.);
#8767=ORIENTED_EDGE('',*,*,#6273,.F.);
#8768=ORIENTED_EDGE('',*,*,#6274,.T.);
#8769=ORIENTED_EDGE('',*,*,#6275,.F.);
#8770=ORIENTED_EDGE('',*,*,#6276,.F.);
#8771=ORIENTED_EDGE('',*,*,#6277,.F.);
#8772=ORIENTED_EDGE('',*,*,#6276,.T.);
#8773=ORIENTED_EDGE('',*,*,#6278,.F.);
#8774=ORIENTED_EDGE('',*,*,#6279,.F.);
#8775=ORIENTED_EDGE('',*,*,#6280,.T.);
#8776=ORIENTED_EDGE('',*,*,#6281,.T.);
#8777=ORIENTED_EDGE('',*,*,#6273,.T.);
#8778=ORIENTED_EDGE('',*,*,#6277,.T.);
#8779=ORIENTED_EDGE('',*,*,#6282,.T.);
#8780=ORIENTED_EDGE('',*,*,#6283,.T.);
#8781=ORIENTED_EDGE('',*,*,#6284,.T.);
#8782=ORIENTED_EDGE('',*,*,#6285,.T.);
#8783=ORIENTED_EDGE('',*,*,#6278,.T.);
#8784=ORIENTED_EDGE('',*,*,#6275,.T.);
#8785=ORIENTED_EDGE('',*,*,#6286,.T.);
#8786=ORIENTED_EDGE('',*,*,#6287,.T.);
#8787=ORIENTED_EDGE('',*,*,#6288,.T.);
#8788=ORIENTED_EDGE('',*,*,#6199,.T.);
#8789=ORIENTED_EDGE('',*,*,#6289,.F.);
#8790=ORIENTED_EDGE('',*,*,#6255,.F.);
#8791=ORIENTED_EDGE('',*,*,#6290,.T.);
#8792=ORIENTED_EDGE('',*,*,#6279,.T.);
#8793=ORIENTED_EDGE('',*,*,#6285,.F.);
#8794=ORIENTED_EDGE('',*,*,#6291,.F.);
#8795=ORIENTED_EDGE('',*,*,#6256,.F.);
#8796=ORIENTED_EDGE('',*,*,#6291,.T.);
#8797=ORIENTED_EDGE('',*,*,#6284,.F.);
#8798=ORIENTED_EDGE('',*,*,#6292,.F.);
#8799=ORIENTED_EDGE('',*,*,#6252,.F.);
#8800=ORIENTED_EDGE('',*,*,#6293,.T.);
#8801=ORIENTED_EDGE('',*,*,#6286,.F.);
#8802=ORIENTED_EDGE('',*,*,#6274,.F.);
#8803=ORIENTED_EDGE('',*,*,#6281,.F.);
#8804=ORIENTED_EDGE('',*,*,#6294,.F.);
#8805=ORIENTED_EDGE('',*,*,#6253,.F.);
#8806=ORIENTED_EDGE('',*,*,#6294,.T.);
#8807=ORIENTED_EDGE('',*,*,#6280,.F.);
#8808=ORIENTED_EDGE('',*,*,#6295,.F.);
#8809=ORIENTED_EDGE('',*,*,#6254,.F.);
#8810=ORIENTED_EDGE('',*,*,#6295,.T.);
#8811=ORIENTED_EDGE('',*,*,#6282,.F.);
#8812=ORIENTED_EDGE('',*,*,#6290,.F.);
#8813=ORIENTED_EDGE('',*,*,#6192,.F.);
#8814=ORIENTED_EDGE('',*,*,#6296,.F.);
#8815=ORIENTED_EDGE('',*,*,#6289,.T.);
#8816=ORIENTED_EDGE('',*,*,#6198,.T.);
#8817=ORIENTED_EDGE('',*,*,#6248,.F.);
#8818=ORIENTED_EDGE('',*,*,#6297,.T.);
#8819=ORIENTED_EDGE('',*,*,#6269,.F.);
#8820=ORIENTED_EDGE('',*,*,#6298,.F.);
#8821=ORIENTED_EDGE('',*,*,#6249,.F.);
#8822=ORIENTED_EDGE('',*,*,#6298,.T.);
#8823=ORIENTED_EDGE('',*,*,#6268,.F.);
#8824=ORIENTED_EDGE('',*,*,#6258,.F.);
#8825=ORIENTED_EDGE('',*,*,#6264,.F.);
#8826=ORIENTED_EDGE('',*,*,#6299,.F.);
#8827=ORIENTED_EDGE('',*,*,#6250,.F.);
#8828=ORIENTED_EDGE('',*,*,#6299,.T.);
#8829=ORIENTED_EDGE('',*,*,#6265,.F.);
#8830=ORIENTED_EDGE('',*,*,#6263,.T.);
#8831=ORIENTED_EDGE('',*,*,#6267,.F.);
#8832=ORIENTED_EDGE('',*,*,#6300,.F.);
#8833=ORIENTED_EDGE('',*,*,#6206,.F.);
#8834=ORIENTED_EDGE('',*,*,#6204,.F.);
#8835=ORIENTED_EDGE('',*,*,#6271,.T.);
#8836=ORIENTED_EDGE('',*,*,#6301,.T.);
#8837=ORIENTED_EDGE('',*,*,#6190,.F.);
#8838=ORIENTED_EDGE('',*,*,#6195,.T.);
#8839=ORIENTED_EDGE('',*,*,#6208,.F.);
#8840=ORIENTED_EDGE('',*,*,#6302,.T.);
#8841=ORIENTED_EDGE('',*,*,#6191,.F.);
#8842=ORIENTED_EDGE('',*,*,#6302,.F.);
#8843=ORIENTED_EDGE('',*,*,#6207,.F.);
#8844=ORIENTED_EDGE('',*,*,#6301,.F.);
#8845=ORIENTED_EDGE('',*,*,#6270,.F.);
#8846=ORIENTED_EDGE('',*,*,#6297,.F.);
#8847=ORIENTED_EDGE('',*,*,#6247,.F.);
#8848=ORIENTED_EDGE('',*,*,#6292,.T.);
#8849=ORIENTED_EDGE('',*,*,#6283,.F.);
#8850=ORIENTED_EDGE('',*,*,#6296,.T.);
#8851=ORIENTED_EDGE('',*,*,#6215,.T.);
#8852=ORIENTED_EDGE('',*,*,#6303,.T.);
#8853=ORIENTED_EDGE('',*,*,#6304,.T.);
#8854=ORIENTED_EDGE('',*,*,#6305,.F.);
#8855=ORIENTED_EDGE('',*,*,#6251,.F.);
#8856=ORIENTED_EDGE('',*,*,#6306,.F.);
#8857=ORIENTED_EDGE('',*,*,#6303,.F.);
#8858=ORIENTED_EDGE('',*,*,#6214,.F.);
#8859=ORIENTED_EDGE('',*,*,#6209,.F.);
#8860=ORIENTED_EDGE('',*,*,#6307,.F.);
#8861=ORIENTED_EDGE('',*,*,#6308,.T.);
#8862=ORIENTED_EDGE('',*,*,#6309,.F.);
#8863=ORIENTED_EDGE('',*,*,#6310,.F.);
#8864=ORIENTED_EDGE('',*,*,#6241,.T.);
#8865=ORIENTED_EDGE('',*,*,#6243,.T.);
#8866=ORIENTED_EDGE('',*,*,#6311,.T.);
#8867=ORIENTED_EDGE('',*,*,#6312,.T.);
#8868=ORIENTED_EDGE('',*,*,#6216,.F.);
#8869=ORIENTED_EDGE('',*,*,#6306,.T.);
#8870=ORIENTED_EDGE('',*,*,#6300,.T.);
#8871=ORIENTED_EDGE('',*,*,#6266,.F.);
#8872=ORIENTED_EDGE('',*,*,#6313,.T.);
#8873=ORIENTED_EDGE('',*,*,#6229,.F.);
#8874=ORIENTED_EDGE('',*,*,#6202,.T.);
#8875=ORIENTED_EDGE('',*,*,#6230,.F.);
#8876=ORIENTED_EDGE('',*,*,#6313,.F.);
#8877=ORIENTED_EDGE('',*,*,#6272,.F.);
#8878=ORIENTED_EDGE('',*,*,#6314,.T.);
#8879=ORIENTED_EDGE('',*,*,#6232,.F.);
#8880=ORIENTED_EDGE('',*,*,#6315,.F.);
#8881=ORIENTED_EDGE('',*,*,#6287,.F.);
#8882=ORIENTED_EDGE('',*,*,#6293,.F.);
#8883=ORIENTED_EDGE('',*,*,#6305,.T.);
#8884=ORIENTED_EDGE('',*,*,#6315,.T.);
#8885=ORIENTED_EDGE('',*,*,#6231,.F.);
#8886=ORIENTED_EDGE('',*,*,#6200,.T.);
#8887=ORIENTED_EDGE('',*,*,#6288,.F.);
#8888=ORIENTED_EDGE('',*,*,#6223,.T.);
#8889=ORIENTED_EDGE('',*,*,#6316,.T.);
#8890=ORIENTED_EDGE('',*,*,#6309,.T.);
#8891=ORIENTED_EDGE('',*,*,#6317,.T.);
#8892=ORIENTED_EDGE('',*,*,#6316,.F.);
#8893=ORIENTED_EDGE('',*,*,#6233,.T.);
#8894=ORIENTED_EDGE('',*,*,#6314,.F.);
#8895=ORIENTED_EDGE('',*,*,#6304,.F.);
#8896=ORIENTED_EDGE('',*,*,#6310,.T.);
#8897=ORIENTED_EDGE('',*,*,#6318,.T.);
#8898=ORIENTED_EDGE('',*,*,#6319,.T.);
#8899=ORIENTED_EDGE('',*,*,#6227,.T.);
#8900=ORIENTED_EDGE('',*,*,#6320,.T.);
#8901=ORIENTED_EDGE('',*,*,#6318,.F.);
#8902=ORIENTED_EDGE('',*,*,#6321,.T.);
#8903=ORIENTED_EDGE('',*,*,#6322,.F.);
#8904=ORIENTED_EDGE('',*,*,#6323,.T.);
#8905=ORIENTED_EDGE('',*,*,#6324,.T.);
#8906=ORIENTED_EDGE('',*,*,#6325,.T.);
#8907=ORIENTED_EDGE('',*,*,#6326,.T.);
#8908=ORIENTED_EDGE('',*,*,#6327,.T.);
#8909=ORIENTED_EDGE('',*,*,#6320,.F.);
#8910=ORIENTED_EDGE('',*,*,#6226,.F.);
#8911=ORIENTED_EDGE('',*,*,#6328,.F.);
#8912=ORIENTED_EDGE('',*,*,#6321,.F.);
#8913=ORIENTED_EDGE('',*,*,#6225,.T.);
#8914=ORIENTED_EDGE('',*,*,#6329,.T.);
#8915=ORIENTED_EDGE('',*,*,#6322,.T.);
#8916=ORIENTED_EDGE('',*,*,#6328,.T.);
#8917=ORIENTED_EDGE('',*,*,#6330,.T.);
#8918=ORIENTED_EDGE('',*,*,#6324,.F.);
#8919=ORIENTED_EDGE('',*,*,#6331,.T.);
#8920=ORIENTED_EDGE('',*,*,#6307,.T.);
#8921=ORIENTED_EDGE('',*,*,#6213,.F.);
#8922=ORIENTED_EDGE('',*,*,#6234,.F.);
#8923=ORIENTED_EDGE('',*,*,#6332,.T.);
#8924=ORIENTED_EDGE('',*,*,#6327,.F.);
#8925=ORIENTED_EDGE('',*,*,#6332,.F.);
#8926=ORIENTED_EDGE('',*,*,#6235,.F.);
#8927=ORIENTED_EDGE('',*,*,#6333,.T.);
#8928=ORIENTED_EDGE('',*,*,#6326,.F.);
#8929=ORIENTED_EDGE('',*,*,#6333,.F.);
#8930=ORIENTED_EDGE('',*,*,#6236,.F.);
#8931=ORIENTED_EDGE('',*,*,#6334,.T.);
#8932=ORIENTED_EDGE('',*,*,#6312,.F.);
#8933=ORIENTED_EDGE('',*,*,#6334,.F.);
#8934=ORIENTED_EDGE('',*,*,#6237,.F.);
#8935=ORIENTED_EDGE('',*,*,#6335,.T.);
#8936=ORIENTED_EDGE('',*,*,#6311,.F.);
#8937=ORIENTED_EDGE('',*,*,#6335,.F.);
#8938=ORIENTED_EDGE('',*,*,#6317,.F.);
#8939=ORIENTED_EDGE('',*,*,#6308,.F.);
#8940=ORIENTED_EDGE('',*,*,#6331,.F.);
#8941=ORIENTED_EDGE('',*,*,#6323,.F.);
#8942=ORIENTED_EDGE('',*,*,#6329,.F.);
#8943=ORIENTED_EDGE('',*,*,#6224,.F.);
#8944=ORIENTED_EDGE('',*,*,#6212,.F.);
#8945=ORIENTED_EDGE('',*,*,#6228,.F.);
#8946=ORIENTED_EDGE('',*,*,#6319,.F.);
#8947=ORIENTED_EDGE('',*,*,#6325,.F.);
#8948=ORIENTED_EDGE('',*,*,#6330,.F.);
#8949=ORIENTED_EDGE('',*,*,#6336,.F.);
#8950=ORIENTED_EDGE('',*,*,#6337,.T.);
#8951=ORIENTED_EDGE('',*,*,#6338,.T.);
#8952=ORIENTED_EDGE('',*,*,#6337,.F.);
#8953=ORIENTED_EDGE('',*,*,#6339,.F.);
#8954=ORIENTED_EDGE('',*,*,#6340,.T.);
#8955=ORIENTED_EDGE('',*,*,#6341,.T.);
#8956=ORIENTED_EDGE('',*,*,#6340,.F.);
#8957=ORIENTED_EDGE('',*,*,#6339,.T.);
#8958=ORIENTED_EDGE('',*,*,#6336,.T.);
#8959=ORIENTED_EDGE('',*,*,#6341,.F.);
#8960=ORIENTED_EDGE('',*,*,#6338,.F.);
#8961=ORIENTED_EDGE('',*,*,#6342,.F.);
#8962=ORIENTED_EDGE('',*,*,#6343,.T.);
#8963=ORIENTED_EDGE('',*,*,#6344,.T.);
#8964=ORIENTED_EDGE('',*,*,#6343,.F.);
#8965=ORIENTED_EDGE('',*,*,#6345,.F.);
#8966=ORIENTED_EDGE('',*,*,#6346,.T.);
#8967=ORIENTED_EDGE('',*,*,#6347,.T.);
#8968=ORIENTED_EDGE('',*,*,#6346,.F.);
#8969=ORIENTED_EDGE('',*,*,#6345,.T.);
#8970=ORIENTED_EDGE('',*,*,#6342,.T.);
#8971=ORIENTED_EDGE('',*,*,#6347,.F.);
#8972=ORIENTED_EDGE('',*,*,#6344,.F.);
#8973=ORIENTED_EDGE('',*,*,#6348,.F.);
#8974=ORIENTED_EDGE('',*,*,#6349,.T.);
#8975=ORIENTED_EDGE('',*,*,#6350,.T.);
#8976=ORIENTED_EDGE('',*,*,#6349,.F.);
#8977=ORIENTED_EDGE('',*,*,#6351,.F.);
#8978=ORIENTED_EDGE('',*,*,#6352,.T.);
#8979=ORIENTED_EDGE('',*,*,#6353,.T.);
#8980=ORIENTED_EDGE('',*,*,#6352,.F.);
#8981=ORIENTED_EDGE('',*,*,#6351,.T.);
#8982=ORIENTED_EDGE('',*,*,#6348,.T.);
#8983=ORIENTED_EDGE('',*,*,#6353,.F.);
#8984=ORIENTED_EDGE('',*,*,#6350,.F.);
#8985=ORIENTED_EDGE('',*,*,#6354,.F.);
#8986=ORIENTED_EDGE('',*,*,#6355,.T.);
#8987=ORIENTED_EDGE('',*,*,#6356,.F.);
#8988=ORIENTED_EDGE('',*,*,#6355,.F.);
#8989=ORIENTED_EDGE('',*,*,#6357,.F.);
#8990=ORIENTED_EDGE('',*,*,#6358,.T.);
#8991=ORIENTED_EDGE('',*,*,#6359,.F.);
#8992=ORIENTED_EDGE('',*,*,#6358,.F.);
#8993=ORIENTED_EDGE('',*,*,#6360,.F.);
#8994=ORIENTED_EDGE('',*,*,#6361,.T.);
#8995=ORIENTED_EDGE('',*,*,#6362,.F.);
#8996=ORIENTED_EDGE('',*,*,#6361,.F.);
#8997=ORIENTED_EDGE('',*,*,#6363,.F.);
#8998=ORIENTED_EDGE('',*,*,#6364,.T.);
#8999=ORIENTED_EDGE('',*,*,#6365,.F.);
#9000=ORIENTED_EDGE('',*,*,#6364,.F.);
#9001=ORIENTED_EDGE('',*,*,#6366,.T.);
#9002=ORIENTED_EDGE('',*,*,#6354,.T.);
#9003=ORIENTED_EDGE('',*,*,#6357,.T.);
#9004=ORIENTED_EDGE('',*,*,#6360,.T.);
#9005=ORIENTED_EDGE('',*,*,#6363,.T.);
#9006=ORIENTED_EDGE('',*,*,#6367,.F.);
#9007=ORIENTED_EDGE('',*,*,#6367,.T.);
#9008=ORIENTED_EDGE('',*,*,#6368,.T.);
#9009=ORIENTED_EDGE('',*,*,#6369,.F.);
#9010=ORIENTED_EDGE('',*,*,#6368,.F.);
#9011=ORIENTED_EDGE('',*,*,#6369,.T.);
#9012=ORIENTED_EDGE('',*,*,#6370,.F.);
#9013=ORIENTED_EDGE('',*,*,#6370,.T.);
#9014=ORIENTED_EDGE('',*,*,#6371,.T.);
#9015=ORIENTED_EDGE('',*,*,#6372,.F.);
#9016=ORIENTED_EDGE('',*,*,#6371,.F.);
#9017=ORIENTED_EDGE('',*,*,#6372,.T.);
#9018=ORIENTED_EDGE('',*,*,#6373,.T.);
#9019=ORIENTED_EDGE('',*,*,#6374,.F.);
#9020=ORIENTED_EDGE('',*,*,#6373,.F.);
#9021=ORIENTED_EDGE('',*,*,#6375,.F.);
#9022=ORIENTED_EDGE('',*,*,#6374,.T.);
#9023=ORIENTED_EDGE('',*,*,#6376,.F.);
#9024=ORIENTED_EDGE('',*,*,#6377,.T.);
#9025=ORIENTED_EDGE('',*,*,#6375,.T.);
#9026=ORIENTED_EDGE('',*,*,#6377,.F.);
#9027=ORIENTED_EDGE('',*,*,#6378,.F.);
#9028=ORIENTED_EDGE('',*,*,#6379,.T.);
#9029=ORIENTED_EDGE('',*,*,#6376,.T.);
#9030=ORIENTED_EDGE('',*,*,#6379,.F.);
#9031=ORIENTED_EDGE('',*,*,#6380,.F.);
#9032=ORIENTED_EDGE('',*,*,#6356,.T.);
#9033=ORIENTED_EDGE('',*,*,#6359,.T.);
#9034=ORIENTED_EDGE('',*,*,#6362,.T.);
#9035=ORIENTED_EDGE('',*,*,#6365,.T.);
#9036=ORIENTED_EDGE('',*,*,#6378,.T.);
#9037=ORIENTED_EDGE('',*,*,#6366,.F.);
#9038=ORIENTED_EDGE('',*,*,#6381,.T.);
#9039=ORIENTED_EDGE('',*,*,#6380,.T.);
#9040=ORIENTED_EDGE('',*,*,#6381,.F.);
#9041=ORIENTED_EDGE('',*,*,#6382,.T.);
#9042=ORIENTED_EDGE('',*,*,#6383,.T.);
#9043=ORIENTED_EDGE('',*,*,#6384,.F.);
#9044=ORIENTED_EDGE('',*,*,#6383,.F.);
#9045=ORIENTED_EDGE('',*,*,#6385,.T.);
#9046=ORIENTED_EDGE('',*,*,#6386,.T.);
#9047=ORIENTED_EDGE('',*,*,#6387,.T.);
#9048=ORIENTED_EDGE('',*,*,#6388,.T.);
#9049=ORIENTED_EDGE('',*,*,#6389,.T.);
#9050=ORIENTED_EDGE('',*,*,#6382,.F.);
#9051=ORIENTED_EDGE('',*,*,#6384,.T.);
#9052=ORIENTED_EDGE('',*,*,#6390,.T.);
#9053=ORIENTED_EDGE('',*,*,#6391,.F.);
#9054=ORIENTED_EDGE('',*,*,#6392,.T.);
#9055=ORIENTED_EDGE('',*,*,#6390,.F.);
#9056=ORIENTED_EDGE('',*,*,#6392,.F.);
#9057=ORIENTED_EDGE('',*,*,#6386,.F.);
#9058=ORIENTED_EDGE('',*,*,#6393,.T.);
#9059=ORIENTED_EDGE('',*,*,#6394,.T.);
#9060=ORIENTED_EDGE('',*,*,#6393,.F.);
#9061=ORIENTED_EDGE('',*,*,#6387,.F.);
#9062=ORIENTED_EDGE('',*,*,#6395,.T.);
#9063=ORIENTED_EDGE('',*,*,#6396,.T.);
#9064=ORIENTED_EDGE('',*,*,#6395,.F.);
#9065=ORIENTED_EDGE('',*,*,#6388,.F.);
#9066=ORIENTED_EDGE('',*,*,#6397,.T.);
#9067=ORIENTED_EDGE('',*,*,#6398,.T.);
#9068=ORIENTED_EDGE('',*,*,#6397,.F.);
#9069=ORIENTED_EDGE('',*,*,#6389,.F.);
#9070=ORIENTED_EDGE('',*,*,#6399,.T.);
#9071=ORIENTED_EDGE('',*,*,#6400,.T.);
#9072=ORIENTED_EDGE('',*,*,#6399,.F.);
#9073=ORIENTED_EDGE('',*,*,#6385,.F.);
#9074=ORIENTED_EDGE('',*,*,#6401,.T.);
#9075=ORIENTED_EDGE('',*,*,#6402,.T.);
#9076=ORIENTED_EDGE('',*,*,#6401,.F.);
#9077=ORIENTED_EDGE('',*,*,#6402,.F.);
#9078=ORIENTED_EDGE('',*,*,#6391,.T.);
#9079=ORIENTED_EDGE('',*,*,#6400,.F.);
#9080=ORIENTED_EDGE('',*,*,#6398,.F.);
#9081=ORIENTED_EDGE('',*,*,#6396,.F.);
#9082=ORIENTED_EDGE('',*,*,#6394,.F.);
#9083=CYLINDRICAL_SURFACE('',#10274,2.5);
#9084=CYLINDRICAL_SURFACE('',#10282,2.5);
#9085=CYLINDRICAL_SURFACE('',#10287,3.125);
#9086=CYLINDRICAL_SURFACE('',#10299,5.9);
#9087=CYLINDRICAL_SURFACE('',#10303,3.85);
#9088=CYLINDRICAL_SURFACE('',#10310,6.);
#9089=CYLINDRICAL_SURFACE('',#10317,6.25);
#9090=CYLINDRICAL_SURFACE('',#10321,3.);
#9091=CYLINDRICAL_SURFACE('',#10326,6.25);
#9092=CYLINDRICAL_SURFACE('',#10334,6.);
#9093=CYLINDRICAL_SURFACE('',#10341,3.85);
#9094=CYLINDRICAL_SURFACE('',#10345,5.9);
#9095=CYLINDRICAL_SURFACE('',#10356,3.125);
#9096=CYLINDRICAL_SURFACE('',#10359,5.);
#9097=CYLINDRICAL_SURFACE('',#10364,5.);
#9098=CYLINDRICAL_SURFACE('',#10368,6.25);
#9099=CYLINDRICAL_SURFACE('',#10374,6.);
#9100=CYLINDRICAL_SURFACE('',#10381,3.85);
#9101=CYLINDRICAL_SURFACE('',#10385,5.9);
#9102=CYLINDRICAL_SURFACE('',#10396,3.125);
#9103=CYLINDRICAL_SURFACE('',#10399,3.);
#9104=CYLINDRICAL_SURFACE('',#10406,1.65);
#9105=CYLINDRICAL_SURFACE('',#10409,1.65);
#9106=CYLINDRICAL_SURFACE('',#10414,2.);
#9107=CYLINDRICAL_SURFACE('',#10421,2.);
#9108=CYLINDRICAL_SURFACE('',#10427,2.);
#9109=CYLINDRICAL_SURFACE('',#10435,2.);
#9110=CYLINDRICAL_SURFACE('',#10443,2.);
#9111=CYLINDRICAL_SURFACE('',#10448,7.);
#9112=CYLINDRICAL_SURFACE('',#10460,17.75);
#9113=CYLINDRICAL_SURFACE('',#10476,3.);
#9114=CYLINDRICAL_SURFACE('',#10477,3.);
#9115=CYLINDRICAL_SURFACE('',#10478,18.75);
#9116=CYLINDRICAL_SURFACE('',#10498,3.);
#9117=CYLINDRICAL_SURFACE('',#10499,3.);
#9118=CYLINDRICAL_SURFACE('',#10519,18.25);
#9119=CYLINDRICAL_SURFACE('',#10521,18.25);
#9120=CYLINDRICAL_SURFACE('',#10523,18.25);
#9121=CYLINDRICAL_SURFACE('',#10525,18.25);
#9122=CYLINDRICAL_SURFACE('',#10527,18.25);
#9123=CYLINDRICAL_SURFACE('',#10529,18.25);
#9124=CYLINDRICAL_SURFACE('',#10553,10.);
#9125=CYLINDRICAL_SURFACE('',#10556,10.);
#9126=CYLINDRICAL_SURFACE('',#10558,7.);
#9127=CYLINDRICAL_SURFACE('',#10560,10.);
#9128=CYLINDRICAL_SURFACE('',#10562,7.);
#9129=CYLINDRICAL_SURFACE('',#10564,10.);
#9130=CYLINDRICAL_SURFACE('',#10566,7.);
#9131=CYLINDRICAL_SURFACE('',#10571,6.);
#9132=CYLINDRICAL_SURFACE('',#10579,4.);
#9133=CYLINDRICAL_SURFACE('',#10582,18.25);
#9134=CYLINDRICAL_SURFACE('',#10592,18.25);
#9135=CYLINDRICAL_SURFACE('',#10595,18.25);
#9136=CYLINDRICAL_SURFACE('',#10597,18.25);
#9137=CYLINDRICAL_SURFACE('',#10600,18.25);
#9138=CYLINDRICAL_SURFACE('',#10602,18.25);
#9139=CYLINDRICAL_SURFACE('',#10605,1.25);
#9140=CYLINDRICAL_SURFACE('',#10614,19.75);
#9141=CYLINDRICAL_SURFACE('',#10615,10.);
#9142=CYLINDRICAL_SURFACE('',#10628,10.);
#9143=CYLINDRICAL_SURFACE('',#10666,4.5);
#9144=CYLINDRICAL_SURFACE('',#10683,3.5);
#9145=CYLINDRICAL_SURFACE('',#10693,3.5);
#9146=CYLINDRICAL_SURFACE('',#10695,2.);
#9147=CYLINDRICAL_SURFACE('',#10703,3.);
#9148=CYLINDRICAL_SURFACE('',#10704,2.);
#9149=CYLINDRICAL_SURFACE('',#10712,3.);
#9150=CYLINDRICAL_SURFACE('',#10714,3.75);
#9151=CYLINDRICAL_SURFACE('',#10717,3.5);
#9152=CYLINDRICAL_SURFACE('',#10726,4.5);
#9153=CYLINDRICAL_SURFACE('',#10730,4.75);
#9154=CYLINDRICAL_SURFACE('',#10736,3.);
#9155=CYLINDRICAL_SURFACE('',#10738,3.);
#9156=CYLINDRICAL_SURFACE('',#10742,3.);
#9157=CYLINDRICAL_SURFACE('',#10745,3.);
#9158=CYLINDRICAL_SURFACE('',#10750,4.5);
#9159=CYLINDRICAL_SURFACE('',#10755,4.5);
#9160=CYLINDRICAL_SURFACE('',#10762,3.);
#9161=CYLINDRICAL_SURFACE('',#10764,3.);
#9162=CYLINDRICAL_SURFACE('',#10771,3.);
#9163=CYLINDRICAL_SURFACE('',#10780,3.);
#9164=CYLINDRICAL_SURFACE('',#10790,4.5);
#9165=CYLINDRICAL_SURFACE('',#10798,4.75);
#9166=CYLINDRICAL_SURFACE('',#10817,2.5);
#9167=CYLINDRICAL_SURFACE('',#10821,1.75);
#9168=CYLINDRICAL_SURFACE('',#10822,1.25);
#9169=CYLINDRICAL_SURFACE('',#10825,1.25);
#9170=CYLINDRICAL_SURFACE('',#10828,1.25);
#9171=CYLINDRICAL_SURFACE('',#10831,1.25);
#9172=CYLINDRICAL_SURFACE('',#10834,1.25);
#9173=CYLINDRICAL_SURFACE('',#10837,1.25);
#9174=CYLINDRICAL_SURFACE('',#10840,1.5);
#9175=CYLINDRICAL_SURFACE('',#10885,1.5);
#9176=CYLINDRICAL_SURFACE('',#10890,1.5);
#9177=CYLINDRICAL_SURFACE('',#10895,1.5);
#9178=CYLINDRICAL_SURFACE('',#10900,1.5);
#9179=CYLINDRICAL_SURFACE('',#10905,1.5);
#9180=CYLINDRICAL_SURFACE('',#10910,1.5);
#9181=CYLINDRICAL_SURFACE('',#10919,0.6);
#9182=CYLINDRICAL_SURFACE('',#10921,0.45);
#9183=CYLINDRICAL_SURFACE('',#10925,0.499999988824129);
#9184=CYLINDRICAL_SURFACE('',#10929,1.);
#9185=CYLINDRICAL_SURFACE('',#10933,2.);
#9186=CYLINDRICAL_SURFACE('',#10937,4.00000000000001);
#9187=CYLINDRICAL_SURFACE('',#10941,3.);
#9188=CYLINDRICAL_SURFACE('',#10949,2.);
#9189=CYLINDRICAL_SURFACE('',#10952,3.);
#9190=CYLINDRICAL_SURFACE('',#10958,3.);
#9191=CYLINDRICAL_SURFACE('',#10961,4.);
#9192=CYLINDRICAL_SURFACE('',#10967,9.03192736293199);
#9193=CYLINDRICAL_SURFACE('',#10975,7.61084517770152);
#9194=CYLINDRICAL_SURFACE('',#10983,1.85);
#9195=CYLINDRICAL_SURFACE('',#10988,1.85);
#9196=CYLINDRICAL_SURFACE('',#11009,8.62350938830981);
#9197=CYLINDRICAL_SURFACE('',#11014,3.4);
#9198=CYLINDRICAL_SURFACE('',#11018,3.4);
#9199=CYLINDRICAL_SURFACE('',#11021,3.4);
#9200=CYLINDRICAL_SURFACE('',#11025,3.4);
#9201=CYLINDRICAL_SURFACE('',#11028,1.95);
#9202=CYLINDRICAL_SURFACE('',#11031,1.95);
#9203=CYLINDRICAL_SURFACE('',#11034,9.41533327288421);
#9204=CYLINDRICAL_SURFACE('',#11077,1.);
#9205=CYLINDRICAL_SURFACE('',#11081,1.85);
#9206=CYLINDRICAL_SURFACE('',#11091,1.);
#9207=CYLINDRICAL_SURFACE('',#11095,1.85);
#9208=CYLINDRICAL_SURFACE('',#11120,0.100493955088612);
#9209=CYLINDRICAL_SURFACE('',#11123,0.100493955088613);
#9210=CYLINDRICAL_SURFACE('',#11126,0.100493955088611);
#9211=CYLINDRICAL_SURFACE('',#11129,0.114580737963053);
#9212=CYLINDRICAL_SURFACE('',#11133,2.);
#9213=CYLINDRICAL_SURFACE('',#11136,3.);
#9214=CYLINDRICAL_SURFACE('',#11142,10.);
#9215=CYLINDRICAL_SURFACE('',#11151,10.);
#9216=CYLINDRICAL_SURFACE('',#11153,5.);
#9217=CYLINDRICAL_SURFACE('',#11161,1.5);
#9218=CYLINDRICAL_SURFACE('',#11173,2.5);
#9219=CYLINDRICAL_SURFACE('',#11175,2.5);
#9220=CYLINDRICAL_SURFACE('',#11177,2.5);
#9221=CYLINDRICAL_SURFACE('',#11211,5.);
#9222=CYLINDRICAL_SURFACE('',#11213,5.);
#9223=CYLINDRICAL_SURFACE('',#11220,5.);
#9224=CYLINDRICAL_SURFACE('',#11222,1.95);
#9225=CYLINDRICAL_SURFACE('',#11223,1.95);
#9226=CYLINDRICAL_SURFACE('',#11224,1.65);
#9227=CYLINDRICAL_SURFACE('',#11225,1.65);
#9228=CYLINDRICAL_SURFACE('',#11229,1.25);
#9229=CYLINDRICAL_SURFACE('',#11232,2.);
#9230=CYLINDRICAL_SURFACE('',#11238,2.);
#9231=CYLINDRICAL_SURFACE('',#11241,3.);
#9232=CYLINDRICAL_SURFACE('',#11247,2.);
#9233=CYLINDRICAL_SURFACE('',#11250,3.);
#9234=CYLINDRICAL_SURFACE('',#11256,1.65);
#9235=CYLINDRICAL_SURFACE('',#11259,1.65);
#9236=CYLINDRICAL_SURFACE('',#11262,1.65);
#9237=CYLINDRICAL_SURFACE('',#11265,1.65);
#9238=CYLINDRICAL_SURFACE('',#11271,4.00000005960464);
#9239=CYLINDRICAL_SURFACE('',#11275,3.1);
#9240=CYLINDRICAL_SURFACE('',#11283,5.09999944907143);
#9241=CYLINDRICAL_SURFACE('',#11287,12.5000001862645);
#9242=CYLINDRICAL_SURFACE('',#11301,3.1);
#9243=CYLINDRICAL_SURFACE('',#11303,1.65);
#9244=CYLINDRICAL_SURFACE('',#11305,1.65);
#9245=CYLINDRICAL_SURFACE('',#11307,1.65);
#9246=CYLINDRICAL_SURFACE('',#11309,1.65);
#9247=CYLINDRICAL_SURFACE('',#11311,12.5000001862645);
#9248=STYLED_ITEM('',(#17795),#9526);
#9249=STYLED_ITEM('',(#17795),#9527);
#9250=STYLED_ITEM('',(#17795),#9528);
#9251=STYLED_ITEM('',(#17795),#9529);
#9252=STYLED_ITEM('',(#17796),#9530);
#9253=STYLED_ITEM('',(#17796),#9531);
#9254=STYLED_ITEM('',(#17796),#9532);
#9255=STYLED_ITEM('',(#17796),#9533);
#9256=STYLED_ITEM('',(#17796),#9534);
#9257=STYLED_ITEM('',(#17796),#9535);
#9258=STYLED_ITEM('',(#17796),#9536);
#9259=STYLED_ITEM('',(#17797),#9537);
#9260=STYLED_ITEM('',(#17797),#9538);
#9261=STYLED_ITEM('',(#17797),#9539);
#9262=STYLED_ITEM('',(#17795),#9540);
#9263=STYLED_ITEM('',(#17795),#9541);
#9264=STYLED_ITEM('',(#17795),#9542);
#9265=STYLED_ITEM('',(#17795),#9543);
#9266=STYLED_ITEM('',(#17795),#9544);
#9267=STYLED_ITEM('',(#17795),#9545);
#9268=STYLED_ITEM('',(#17795),#9546);
#9269=STYLED_ITEM('',(#17795),#9547);
#9270=STYLED_ITEM('',(#17795),#9548);
#9271=STYLED_ITEM('',(#17797),#9549);
#9272=STYLED_ITEM('',(#17797),#9550);
#9273=STYLED_ITEM('',(#17797),#9551);
#9274=STYLED_ITEM('',(#17796),#9552);
#9275=STYLED_ITEM('',(#17796),#9553);
#9276=STYLED_ITEM('',(#17796),#9554);
#9277=STYLED_ITEM('',(#17796),#9555);
#9278=STYLED_ITEM('',(#17796),#9556);
#9279=STYLED_ITEM('',(#17796),#9557);
#9280=STYLED_ITEM('',(#17795),#9558);
#9281=STYLED_ITEM('',(#17795),#9559);
#9282=STYLED_ITEM('',(#17795),#9560);
#9283=STYLED_ITEM('',(#17795),#9561);
#9284=STYLED_ITEM('',(#17795),#9562);
#9285=STYLED_ITEM('',(#17795),#9563);
#9286=STYLED_ITEM('',(#17795),#9564);
#9287=STYLED_ITEM('',(#17795),#9565);
#9288=STYLED_ITEM('',(#17797),#9566);
#9289=STYLED_ITEM('',(#17797),#9567);
#9290=STYLED_ITEM('',(#17797),#9568);
#9291=STYLED_ITEM('',(#17796),#9569);
#9292=STYLED_ITEM('',(#17796),#9570);
#9293=STYLED_ITEM('',(#17796),#9571);
#9294=STYLED_ITEM('',(#17796),#9572);
#9295=STYLED_ITEM('',(#17796),#9573);
#9296=STYLED_ITEM('',(#17796),#9574);
#9297=STYLED_ITEM('',(#17796),#9575);
#9298=STYLED_ITEM('',(#17795),#9576);
#9299=STYLED_ITEM('',(#17795),#9577);
#9300=STYLED_ITEM('',(#17795),#9578);
#9301=STYLED_ITEM('',(#17795),#9579);
#9302=STYLED_ITEM('',(#17795),#9580);
#9303=STYLED_ITEM('',(#17795),#9581);
#9304=STYLED_ITEM('',(#17795),#9582);
#9305=STYLED_ITEM('',(#17794),#122);
#9306=STYLED_ITEM('',(#17793),#9583);
#9307=STYLED_ITEM('',(#17793),#9584);
#9308=STYLED_ITEM('',(#17793),#9585);
#9309=STYLED_ITEM('',(#17793),#9586);
#9310=STYLED_ITEM('',(#17793),#9587);
#9311=STYLED_ITEM('',(#17793),#9588);
#9312=STYLED_ITEM('',(#17793),#9589);
#9313=STYLED_ITEM('',(#17793),#9590);
#9314=STYLED_ITEM('',(#17793),#9591);
#9315=STYLED_ITEM('',(#17793),#9592);
#9316=STYLED_ITEM('',(#17793),#9593);
#9317=STYLED_ITEM('',(#17793),#9594);
#9318=STYLED_ITEM('',(#17793),#9595);
#9319=STYLED_ITEM('',(#17793),#9596);
#9320=STYLED_ITEM('',(#17793),#9597);
#9321=STYLED_ITEM('',(#17793),#9598);
#9322=STYLED_ITEM('',(#17793),#9599);
#9323=STYLED_ITEM('',(#17793),#9600);
#9324=STYLED_ITEM('',(#17793),#9601);
#9325=STYLED_ITEM('',(#17793),#9602);
#9326=STYLED_ITEM('',(#17793),#9603);
#9327=STYLED_ITEM('',(#17793),#9604);
#9328=STYLED_ITEM('',(#17793),#9605);
#9329=STYLED_ITEM('',(#17793),#9687);
#9330=STYLED_ITEM('',(#17793),#9688);
#9331=STYLED_ITEM('',(#17793),#9689);
#9332=STYLED_ITEM('',(#17793),#9690);
#9333=STYLED_ITEM('',(#17793),#9691);
#9334=STYLED_ITEM('',(#17793),#9692);
#9335=STYLED_ITEM('',(#17793),#9693);
#9336=STYLED_ITEM('',(#17793),#9694);
#9337=STYLED_ITEM('',(#17793),#9695);
#9338=STYLED_ITEM('',(#17793),#9696);
#9339=STYLED_ITEM('',(#17793),#9697);
#9340=STYLED_ITEM('',(#17793),#9698);
#9341=STYLED_ITEM('',(#17793),#9699);
#9342=STYLED_ITEM('',(#17793),#9700);
#9343=STYLED_ITEM('',(#17793),#9701);
#9344=STYLED_ITEM('',(#17793),#9702);
#9345=STYLED_ITEM('',(#17793),#9703);
#9346=STYLED_ITEM('',(#17793),#9704);
#9347=STYLED_ITEM('',(#17793),#9705);
#9348=STYLED_ITEM('',(#17793),#9706);
#9349=STYLED_ITEM('',(#17793),#9707);
#9350=STYLED_ITEM('',(#17793),#9708);
#9351=STYLED_ITEM('',(#17793),#9709);
#9352=STYLED_ITEM('',(#17793),#9710);
#9353=STYLED_ITEM('',(#17793),#9711);
#9354=STYLED_ITEM('',(#17793),#9712);
#9355=STYLED_ITEM('',(#17793),#9713);
#9356=STYLED_ITEM('',(#17793),#9714);
#9357=STYLED_ITEM('',(#17793),#9715);
#9358=STYLED_ITEM('',(#17793),#9716);
#9359=STYLED_ITEM('',(#17793),#9717);
#9360=STYLED_ITEM('',(#17793),#9718);
#9361=STYLED_ITEM('',(#17793),#9719);
#9362=STYLED_ITEM('',(#17793),#9720);
#9363=STYLED_ITEM('',(#17793),#9721);
#9364=STYLED_ITEM('',(#17793),#9722);
#9365=STYLED_ITEM('',(#17793),#9723);
#9366=STYLED_ITEM('',(#17793),#9724);
#9367=STYLED_ITEM('',(#17793),#9725);
#9368=STYLED_ITEM('',(#17793),#9726);
#9369=STYLED_ITEM('',(#17793),#9727);
#9370=STYLED_ITEM('',(#17793),#9728);
#9371=STYLED_ITEM('',(#17793),#9729);
#9372=STYLED_ITEM('',(#17793),#9730);
#9373=STYLED_ITEM('',(#17793),#9731);
#9374=STYLED_ITEM('',(#17793),#9732);
#9375=STYLED_ITEM('',(#17793),#9733);
#9376=STYLED_ITEM('',(#17793),#9734);
#9377=STYLED_ITEM('',(#17793),#9735);
#9378=STYLED_ITEM('',(#17793),#9736);
#9379=STYLED_ITEM('',(#17793),#9737);
#9380=STYLED_ITEM('',(#17793),#9738);
#9381=STYLED_ITEM('',(#17793),#9739);
#9382=STYLED_ITEM('',(#17793),#9740);
#9383=STYLED_ITEM('',(#17793),#9741);
#9384=STYLED_ITEM('',(#17793),#9742);
#9385=STYLED_ITEM('',(#17793),#9743);
#9386=STYLED_ITEM('',(#17793),#9744);
#9387=STYLED_ITEM('',(#17793),#9745);
#9388=STYLED_ITEM('',(#17793),#9746);
#9389=STYLED_ITEM('',(#17793),#9747);
#9390=STYLED_ITEM('',(#17793),#9748);
#9391=STYLED_ITEM('',(#17793),#9749);
#9392=STYLED_ITEM('',(#17793),#9750);
#9393=STYLED_ITEM('',(#17793),#9751);
#9394=STYLED_ITEM('',(#17793),#9752);
#9395=STYLED_ITEM('',(#17793),#9753);
#9396=STYLED_ITEM('',(#17793),#9754);
#9397=STYLED_ITEM('',(#17793),#9755);
#9398=STYLED_ITEM('',(#17793),#9756);
#9399=STYLED_ITEM('',(#17793),#9757);
#9400=STYLED_ITEM('',(#17793),#9758);
#9401=STYLED_ITEM('',(#17793),#9759);
#9402=STYLED_ITEM('',(#17793),#9760);
#9403=STYLED_ITEM('',(#17793),#9761);
#9404=STYLED_ITEM('',(#17793),#9762);
#9405=STYLED_ITEM('',(#17793),#9763);
#9406=STYLED_ITEM('',(#17793),#9764);
#9407=STYLED_ITEM('',(#17793),#9765);
#9408=STYLED_ITEM('',(#17793),#9766);
#9409=STYLED_ITEM('',(#17793),#9767);
#9410=STYLED_ITEM('',(#17793),#9768);
#9411=STYLED_ITEM('',(#17793),#9769);
#9412=STYLED_ITEM('',(#17793),#9770);
#9413=STYLED_ITEM('',(#17793),#9771);
#9414=STYLED_ITEM('',(#17793),#9772);
#9415=STYLED_ITEM('',(#17793),#9773);
#9416=STYLED_ITEM('',(#17793),#9774);
#9417=STYLED_ITEM('',(#17793),#9775);
#9418=STYLED_ITEM('',(#17793),#9776);
#9419=STYLED_ITEM('',(#17793),#9777);
#9420=STYLED_ITEM('',(#17793),#9778);
#9421=STYLED_ITEM('',(#17793),#9779);
#9422=STYLED_ITEM('',(#17793),#9780);
#9423=STYLED_ITEM('',(#17793),#9781);
#9424=STYLED_ITEM('',(#17793),#9782);
#9425=STYLED_ITEM('',(#17793),#9783);
#9426=STYLED_ITEM('',(#17793),#9784);
#9427=STYLED_ITEM('',(#17793),#9785);
#9428=STYLED_ITEM('',(#17793),#9786);
#9429=STYLED_ITEM('',(#17793),#9787);
#9430=STYLED_ITEM('',(#17793),#9788);
#9431=STYLED_ITEM('',(#17793),#9789);
#9432=STYLED_ITEM('',(#17793),#9790);
#9433=STYLED_ITEM('',(#17793),#9791);
#9434=STYLED_ITEM('',(#17793),#9792);
#9435=STYLED_ITEM('',(#17793),#9793);
#9436=STYLED_ITEM('',(#17793),#9794);
#9437=STYLED_ITEM('',(#17793),#9795);
#9438=STYLED_ITEM('',(#17793),#9796);
#9439=STYLED_ITEM('',(#17793),#9797);
#9440=STYLED_ITEM('',(#17793),#9798);
#9441=STYLED_ITEM('',(#17793),#9799);
#9442=STYLED_ITEM('',(#17793),#9800);
#9443=STYLED_ITEM('',(#17793),#9801);
#9444=STYLED_ITEM('',(#17793),#9802);
#9445=STYLED_ITEM('',(#17793),#9803);
#9446=STYLED_ITEM('',(#17793),#9804);
#9447=STYLED_ITEM('',(#17793),#9805);
#9448=STYLED_ITEM('',(#17793),#9806);
#9449=STYLED_ITEM('',(#17793),#9807);
#9450=STYLED_ITEM('',(#17793),#9808);
#9451=STYLED_ITEM('',(#17793),#9809);
#9452=STYLED_ITEM('',(#17793),#9810);
#9453=STYLED_ITEM('',(#17793),#9811);
#9454=STYLED_ITEM('',(#17793),#9812);
#9455=STYLED_ITEM('',(#17793),#9813);
#9456=STYLED_ITEM('',(#17793),#9814);
#9457=STYLED_ITEM('',(#17793),#9815);
#9458=STYLED_ITEM('',(#17793),#9816);
#9459=STYLED_ITEM('',(#17793),#9817);
#9460=STYLED_ITEM('',(#17793),#9818);
#9461=STYLED_ITEM('',(#17793),#9819);
#9462=STYLED_ITEM('',(#17793),#9820);
#9463=STYLED_ITEM('',(#17793),#9821);
#9464=STYLED_ITEM('',(#17793),#9822);
#9465=STYLED_ITEM('',(#17793),#9823);
#9466=STYLED_ITEM('',(#17793),#9824);
#9467=STYLED_ITEM('',(#17793),#9825);
#9468=STYLED_ITEM('',(#17793),#9826);
#9469=STYLED_ITEM('',(#17793),#9827);
#9470=STYLED_ITEM('',(#17793),#9828);
#9471=STYLED_ITEM('',(#17793),#9829);
#9472=STYLED_ITEM('',(#17793),#9830);
#9473=STYLED_ITEM('',(#17793),#9831);
#9474=STYLED_ITEM('',(#17793),#9832);
#9475=STYLED_ITEM('',(#17793),#9833);
#9476=STYLED_ITEM('',(#17793),#9834);
#9477=STYLED_ITEM('',(#17793),#9835);
#9478=STYLED_ITEM('',(#17793),#9836);
#9479=STYLED_ITEM('',(#17793),#9837);
#9480=STYLED_ITEM('',(#17793),#9840);
#9481=STYLED_ITEM('',(#17793),#9841);
#9482=STYLED_ITEM('',(#17798),#35);
#9483=STYLED_ITEM('',(#17792),#123);
#9484=STYLED_ITEM('',(#17792),#124);
#9485=STYLED_ITEM('',(#17798),#125);
#9486=STYLED_ITEM('',(#17793),#20);
#9487=STYLED_ITEM('',(#17793),#21);
#9488=STYLED_ITEM('',(#17793),#22);
#9489=STYLED_ITEM('',(#17793),#23);
#9490=STYLED_ITEM('',(#17792),#24);
#9491=STYLED_ITEM('',(#17793),#25);
#9492=STYLED_ITEM('',(#17800),#9891);
#9493=STYLED_ITEM('',(#17800),#9892);
#9494=STYLED_ITEM('',(#17800),#9894);
#9495=STYLED_ITEM('',(#17800),#9895);
#9496=STYLED_ITEM('',(#17800),#9896);
#9497=STYLED_ITEM('',(#17800),#9897);
#9498=STYLED_ITEM('',(#17801),#9898);
#9499=STYLED_ITEM('',(#17801),#9899);
#9500=STYLED_ITEM('',(#17801),#9900);
#9501=STYLED_ITEM('',(#17801),#9901);
#9502=STYLED_ITEM('',(#17801),#9902);
#9503=STYLED_ITEM('',(#17801),#9903);
#9504=STYLED_ITEM('',(#17801),#9904);
#9505=STYLED_ITEM('',(#17801),#9905);
#9506=STYLED_ITEM('',(#17799),#126);
#9507=STYLED_ITEM('',(#17802),#127);
#9508=STYLED_ITEM('',(#17803),#128);
#9509=STYLED_ITEM('',(#17805),#9993);
#9510=STYLED_ITEM('',(#17805),#9994);
#9511=STYLED_ITEM('',(#17805),#9995);
#9512=STYLED_ITEM('',(#17805),#9996);
#9513=STYLED_ITEM('',(#17805),#9997);
#9514=STYLED_ITEM('',(#17805),#9998);
#9515=STYLED_ITEM('',(#17805),#9999);
#9516=STYLED_ITEM('',(#17805),#10000);
#9517=STYLED_ITEM('',(#17804),#129);
#9518=STYLED_ITEM('',(#17802),#130);
#9519=STYLED_ITEM('',(#17793),#131);
#9520=STYLED_ITEM('',(#17806),#132);
#9521=STYLED_ITEM('',(#17802),#133);
#9522=STYLED_ITEM('',(#17802),#134);
#9523=STYLED_ITEM('',(#17792),#135);
#9524=STYLED_ITEM('',(#17792),#136);
#9525=STYLED_ITEM('',(#17807),#12);
#9526=ADVANCED_FACE('',(#711),#9083,.F.);
#9527=ADVANCED_FACE('',(#712,#205),#351,.T.);
#9528=ADVANCED_FACE('',(#713),#9084,.F.);
#9529=ADVANCED_FACE('',(#714,#206),#352,.T.);
#9530=ADVANCED_FACE('',(#715),#9085,.F.);
#9531=ADVANCED_FACE('',(#716),#198,.T.);
#9532=ADVANCED_FACE('',(#717,#207),#353,.F.);
#9533=ADVANCED_FACE('',(#718),#137,.T.);
#9534=ADVANCED_FACE('',(#719),#9086,.T.);
#9535=ADVANCED_FACE('',(#720,#208),#354,.F.);
#9536=ADVANCED_FACE('',(#721),#9087,.T.);
#9537=ADVANCED_FACE('',(#722,#209),#355,.F.);
#9538=ADVANCED_FACE('',(#723),#138,.T.);
#9539=ADVANCED_FACE('',(#724),#9088,.T.);
#9540=ADVANCED_FACE('',(#725,#210),#356,.F.);
#9541=ADVANCED_FACE('',(#726),#139,.T.);
#9542=ADVANCED_FACE('',(#727),#9089,.T.);
#9543=ADVANCED_FACE('',(#728),#140,.T.);
#9544=ADVANCED_FACE('',(#729,#211),#9090,.T.);
#9545=ADVANCED_FACE('',(#730,#212),#357,.T.);
#9546=ADVANCED_FACE('',(#731),#9091,.T.);
#9547=ADVANCED_FACE('',(#732),#141,.T.);
#9548=ADVANCED_FACE('',(#733,#213),#358,.F.);
#9549=ADVANCED_FACE('',(#734),#9092,.T.);
#9550=ADVANCED_FACE('',(#735),#142,.T.);
#9551=ADVANCED_FACE('',(#736,#214),#359,.F.);
#9552=ADVANCED_FACE('',(#737),#9093,.T.);
#9553=ADVANCED_FACE('',(#738,#215),#360,.F.);
#9554=ADVANCED_FACE('',(#739),#9094,.T.);
#9555=ADVANCED_FACE('',(#740),#143,.T.);
#9556=ADVANCED_FACE('',(#741,#216),#361,.F.);
#9557=ADVANCED_FACE('',(#742),#199,.T.);
#9558=ADVANCED_FACE('',(#743),#9095,.F.);
#9559=ADVANCED_FACE('',(#744),#144,.T.);
#9560=ADVANCED_FACE('',(#745),#9096,.T.);
#9561=ADVANCED_FACE('',(#746),#9097,.T.);
#9562=ADVANCED_FACE('',(#747),#145,.T.);
#9563=ADVANCED_FACE('',(#748),#9098,.T.);
#9564=ADVANCED_FACE('',(#749),#146,.T.);
#9565=ADVANCED_FACE('',(#750,#217),#362,.F.);
#9566=ADVANCED_FACE('',(#751),#9099,.T.);
#9567=ADVANCED_FACE('',(#752),#147,.T.);
#9568=ADVANCED_FACE('',(#753,#218),#363,.F.);
#9569=ADVANCED_FACE('',(#754),#9100,.T.);
#9570=ADVANCED_FACE('',(#755,#219),#364,.F.);
#9571=ADVANCED_FACE('',(#756),#9101,.T.);
#9572=ADVANCED_FACE('',(#757),#148,.T.);
#9573=ADVANCED_FACE('',(#758,#220),#365,.F.);
#9574=ADVANCED_FACE('',(#759),#200,.T.);
#9575=ADVANCED_FACE('',(#760),#9102,.F.);
#9576=ADVANCED_FACE('',(#761,#221),#366,.T.);
#9577=ADVANCED_FACE('',(#762,#222),#9103,.T.);
#9578=ADVANCED_FACE('',(#763,#223),#367,.T.);
#9579=ADVANCED_FACE('',(#764,#224),#368,.F.);
#9580=ADVANCED_FACE('',(#765),#9104,.F.);
#9581=ADVANCED_FACE('',(#766,#225),#369,.F.);
#9582=ADVANCED_FACE('',(#767),#9105,.F.);
#9583=ADVANCED_FACE('',(#768),#370,.F.);
#9584=ADVANCED_FACE('',(#769),#9106,.F.);
#9585=ADVANCED_FACE('',(#770),#371,.F.);
#9586=ADVANCED_FACE('',(#771),#372,.T.);
#9587=ADVANCED_FACE('',(#772),#373,.F.);
#9588=ADVANCED_FACE('',(#773),#374,.T.);
#9589=ADVANCED_FACE('',(#774),#9107,.F.);
#9590=ADVANCED_FACE('',(#775),#375,.F.);
#9591=ADVANCED_FACE('',(#776),#376,.F.);
#9592=ADVANCED_FACE('',(#777),#377,.T.);
#9593=ADVANCED_FACE('',(#778),#9108,.F.);
#9594=ADVANCED_FACE('',(#779),#378,.F.);
#9595=ADVANCED_FACE('',(#780),#379,.F.);
#9596=ADVANCED_FACE('',(#781),#380,.F.);
#9597=ADVANCED_FACE('',(#782),#381,.T.);
#9598=ADVANCED_FACE('',(#783),#9109,.F.);
#9599=ADVANCED_FACE('',(#784),#382,.F.);
#9600=ADVANCED_FACE('',(#785),#383,.F.);
#9601=ADVANCED_FACE('',(#786),#384,.T.);
#9602=ADVANCED_FACE('',(#787),#385,.T.);
#9603=ADVANCED_FACE('',(#788),#9110,.F.);
#9604=ADVANCED_FACE('',(#789),#386,.F.);
#9605=ADVANCED_FACE('',(#790),#387,.F.);
#9606=ADVANCED_FACE('',(#791),#9111,.T.);
#9607=ADVANCED_FACE('',(#792,#226,#227,#228,#229),#388,.T.);
#9608=ADVANCED_FACE('',(#793,#230,#231),#9112,.F.);
#9609=ADVANCED_FACE('',(#794),#389,.T.);
#9610=ADVANCED_FACE('',(#795),#390,.T.);
#9611=ADVANCED_FACE('',(#796),#391,.F.);
#9612=ADVANCED_FACE('',(#797),#392,.F.);
#9613=ADVANCED_FACE('',(#798),#9113,.F.);
#9614=ADVANCED_FACE('',(#799),#9114,.F.);
#9615=ADVANCED_FACE('',(#800,#232,#233,#234),#9115,.T.);
#9616=ADVANCED_FACE('',(#801),#393,.F.);
#9617=ADVANCED_FACE('',(#802),#394,.F.);
#9618=ADVANCED_FACE('',(#803),#9116,.F.);
#9619=ADVANCED_FACE('',(#804),#9117,.F.);
#9620=ADVANCED_FACE('',(#805),#395,.F.);
#9621=ADVANCED_FACE('',(#806),#396,.F.);
#9622=ADVANCED_FACE('',(#807),#397,.F.);
#9623=ADVANCED_FACE('',(#808),#398,.T.);
#9624=ADVANCED_FACE('',(#809),#399,.F.);
#9625=ADVANCED_FACE('',(#810),#400,.F.);
#9626=ADVANCED_FACE('',(#811),#401,.F.);
#9627=ADVANCED_FACE('',(#812),#402,.F.);
#9628=ADVANCED_FACE('',(#813),#403,.F.);
#9629=ADVANCED_FACE('',(#814),#404,.F.);
#9630=ADVANCED_FACE('',(#815),#9118,.F.);
#9631=ADVANCED_FACE('',(#816),#9119,.F.);
#9632=ADVANCED_FACE('',(#817),#9120,.F.);
#9633=ADVANCED_FACE('',(#818),#9121,.F.);
#9634=ADVANCED_FACE('',(#819),#9122,.F.);
#9635=ADVANCED_FACE('',(#820),#9123,.F.);
#9636=ADVANCED_FACE('',(#821,#235,#236),#405,.F.);
#9637=ADVANCED_FACE('',(#822),#201,.T.);
#9638=ADVANCED_FACE('',(#823,#237,#238,#239,#240,#241),#406,.T.);
#9639=ADVANCED_FACE('',(#824),#407,.F.);
#9640=ADVANCED_FACE('',(#825),#9124,.F.);
#9641=ADVANCED_FACE('',(#826),#408,.F.);
#9642=ADVANCED_FACE('',(#827),#409,.F.);
#9643=ADVANCED_FACE('',(#828),#9125,.F.);
#9644=ADVANCED_FACE('',(#829),#410,.F.);
#9645=ADVANCED_FACE('',(#830),#9126,.T.);
#9646=ADVANCED_FACE('',(#831),#411,.F.);
#9647=ADVANCED_FACE('',(#832),#9127,.F.);
#9648=ADVANCED_FACE('',(#833),#412,.F.);
#9649=ADVANCED_FACE('',(#834),#9128,.T.);
#9650=ADVANCED_FACE('',(#835),#413,.F.);
#9651=ADVANCED_FACE('',(#836),#9129,.F.);
#9652=ADVANCED_FACE('',(#837),#414,.F.);
#9653=ADVANCED_FACE('',(#838),#9130,.T.);
#9654=ADVANCED_FACE('',(#839),#202,.F.);
#9655=ADVANCED_FACE('',(#840),#9131,.T.);
#9656=ADVANCED_FACE('',(#841),#203,.T.);
#9657=ADVANCED_FACE('',(#842,#242),#415,.T.);
#9658=ADVANCED_FACE('',(#843),#9132,.F.);
#9659=ADVANCED_FACE('',(#844),#416,.T.);
#9660=ADVANCED_FACE('',(#845),#9133,.T.);
#9661=ADVANCED_FACE('',(#846),#417,.F.);
#9662=ADVANCED_FACE('',(#847),#418,.T.);
#9663=ADVANCED_FACE('',(#848),#419,.T.);
#9664=ADVANCED_FACE('',(#849),#420,.T.);
#9665=ADVANCED_FACE('',(#850),#421,.F.);
#9666=ADVANCED_FACE('',(#851),#422,.F.);
#9667=ADVANCED_FACE('',(#852),#9134,.T.);
#9668=ADVANCED_FACE('',(#853),#423,.F.);
#9669=ADVANCED_FACE('',(#854),#424,.F.);
#9670=ADVANCED_FACE('',(#855),#9135,.T.);
#9671=ADVANCED_FACE('',(#856),#425,.F.);
#9672=ADVANCED_FACE('',(#857),#9136,.T.);
#9673=ADVANCED_FACE('',(#858),#426,.T.);
#9674=ADVANCED_FACE('',(#859),#427,.T.);
#9675=ADVANCED_FACE('',(#860),#9137,.T.);
#9676=ADVANCED_FACE('',(#861),#428,.T.);
#9677=ADVANCED_FACE('',(#862),#9138,.T.);
#9678=ADVANCED_FACE('',(#863),#429,.T.);
#9679=ADVANCED_FACE('',(#864),#430,.T.);
#9680=ADVANCED_FACE('',(#865),#9139,.F.);
#9681=ADVANCED_FACE('',(#866),#431,.T.);
#9682=ADVANCED_FACE('',(#867),#432,.F.);
#9683=ADVANCED_FACE('',(#868),#433,.T.);
#9684=ADVANCED_FACE('',(#869),#434,.T.);
#9685=ADVANCED_FACE('',(#870),#435,.T.);
#9686=ADVANCED_FACE('',(#871),#9140,.T.);
#9687=ADVANCED_FACE('',(#872),#9141,.T.);
#9688=ADVANCED_FACE('',(#873,#243,#244),#436,.T.);
#9689=ADVANCED_FACE('',(#874),#437,.T.);
#9690=ADVANCED_FACE('',(#875),#438,.T.);
#9691=ADVANCED_FACE('',(#876),#439,.T.);
#9692=ADVANCED_FACE('',(#877),#440,.T.);
#9693=ADVANCED_FACE('',(#878),#441,.T.);
#9694=ADVANCED_FACE('',(#879),#442,.F.);
#9695=ADVANCED_FACE('',(#880),#443,.F.);
#9696=ADVANCED_FACE('',(#881),#9142,.T.);
#9697=ADVANCED_FACE('',(#882),#444,.T.);
#9698=ADVANCED_FACE('',(#883),#445,.T.);
#9699=ADVANCED_FACE('',(#884),#446,.T.);
#9700=ADVANCED_FACE('',(#885),#447,.T.);
#9701=ADVANCED_FACE('',(#886),#448,.T.);
#9702=ADVANCED_FACE('',(#887),#449,.T.);
#9703=ADVANCED_FACE('',(#888),#450,.T.);
#9704=ADVANCED_FACE('',(#889),#451,.T.);
#9705=ADVANCED_FACE('',(#890),#452,.T.);
#9706=ADVANCED_FACE('',(#891),#453,.T.);
#9707=ADVANCED_FACE('',(#892,#245),#454,.T.);
#9708=ADVANCED_FACE('',(#893,#246),#455,.T.);
#9709=ADVANCED_FACE('',(#894,#247),#456,.T.);
#9710=ADVANCED_FACE('',(#895,#248),#457,.T.);
#9711=ADVANCED_FACE('',(#896),#458,.T.);
#9712=ADVANCED_FACE('',(#897),#459,.T.);
#9713=ADVANCED_FACE('',(#898),#460,.T.);
#9714=ADVANCED_FACE('',(#899),#461,.T.);
#9715=ADVANCED_FACE('',(#900),#462,.T.);
#9716=ADVANCED_FACE('',(#901),#463,.T.);
#9717=ADVANCED_FACE('',(#902),#9143,.T.);
#9718=ADVANCED_FACE('',(#903,#249,#250,#251,#252,#253,#254,#255,#256,#257,
#258,#259,#260,#261,#262,#263,#264),#464,.T.);
#9719=ADVANCED_FACE('',(#904),#465,.T.);
#9720=ADVANCED_FACE('',(#905),#466,.F.);
#9721=ADVANCED_FACE('',(#906),#9144,.F.);
#9722=ADVANCED_FACE('',(#907),#467,.F.);
#9723=ADVANCED_FACE('',(#908,#265,#266),#468,.T.);
#9724=ADVANCED_FACE('',(#909),#469,.T.);
#9725=ADVANCED_FACE('',(#910),#470,.T.);
#9726=ADVANCED_FACE('',(#911),#471,.F.);
#9727=ADVANCED_FACE('',(#912),#9145,.F.);
#9728=ADVANCED_FACE('',(#913),#472,.F.);
#9729=ADVANCED_FACE('',(#914),#9146,.F.);
#9730=ADVANCED_FACE('',(#915,#267),#473,.T.);
#9731=ADVANCED_FACE('',(#916),#149,.T.);
#9732=ADVANCED_FACE('',(#917,#268),#474,.F.);
#9733=ADVANCED_FACE('',(#918),#9147,.T.);
#9734=ADVANCED_FACE('',(#919),#9148,.F.);
#9735=ADVANCED_FACE('',(#920,#269),#475,.F.);
#9736=ADVANCED_FACE('',(#921),#150,.T.);
#9737=ADVANCED_FACE('',(#922,#270),#476,.T.);
#9738=ADVANCED_FACE('',(#923),#9149,.T.);
#9739=ADVANCED_FACE('',(#924),#477,.F.);
#9740=ADVANCED_FACE('',(#925),#9150,.F.);
#9741=ADVANCED_FACE('',(#926),#478,.F.);
#9742=ADVANCED_FACE('',(#927),#479,.F.);
#9743=ADVANCED_FACE('',(#928),#9151,.F.);
#9744=ADVANCED_FACE('',(#929),#480,.F.);
#9745=ADVANCED_FACE('',(#930),#481,.F.);
#9746=ADVANCED_FACE('',(#931),#482,.F.);
#9747=ADVANCED_FACE('',(#932),#483,.F.);
#9748=ADVANCED_FACE('',(#933),#484,.F.);
#9749=ADVANCED_FACE('',(#934),#485,.F.);
#9750=ADVANCED_FACE('',(#935),#486,.F.);
#9751=ADVANCED_FACE('',(#936),#487,.F.);
#9752=ADVANCED_FACE('',(#937),#9152,.T.);
#9753=ADVANCED_FACE('',(#938),#488,.F.);
#9754=ADVANCED_FACE('',(#939),#489,.F.);
#9755=ADVANCED_FACE('',(#940),#490,.F.);
#9756=ADVANCED_FACE('',(#941),#9153,.T.);
#9757=ADVANCED_FACE('',(#942),#491,.F.);
#9758=ADVANCED_FACE('',(#943),#492,.F.);
#9759=ADVANCED_FACE('',(#944),#493,.F.);
#9760=ADVANCED_FACE('',(#945),#494,.F.);
#9761=ADVANCED_FACE('',(#946),#9154,.T.);
#9762=ADVANCED_FACE('',(#947),#9155,.T.);
#9763=ADVANCED_FACE('',(#948),#9156,.T.);
#9764=ADVANCED_FACE('',(#949),#9157,.T.);
#9765=ADVANCED_FACE('',(#950),#495,.F.);
#9766=ADVANCED_FACE('',(#951),#9158,.T.);
#9767=ADVANCED_FACE('',(#952),#496,.F.);
#9768=ADVANCED_FACE('',(#953),#497,.F.);
#9769=ADVANCED_FACE('',(#954),#498,.F.);
#9770=ADVANCED_FACE('',(#955),#499,.F.);
#9771=ADVANCED_FACE('',(#956),#9159,.T.);
#9772=ADVANCED_FACE('',(#957),#500,.F.);
#9773=ADVANCED_FACE('',(#958),#501,.F.);
#9774=ADVANCED_FACE('',(#959),#502,.F.);
#9775=ADVANCED_FACE('',(#960),#503,.F.);
#9776=ADVANCED_FACE('',(#961),#504,.F.);
#9777=ADVANCED_FACE('',(#962),#9160,.T.);
#9778=ADVANCED_FACE('',(#963),#9161,.T.);
#9779=ADVANCED_FACE('',(#964),#505,.F.);
#9780=ADVANCED_FACE('',(#965),#506,.F.);
#9781=ADVANCED_FACE('',(#966),#9162,.T.);
#9782=ADVANCED_FACE('',(#967),#507,.F.);
#9783=ADVANCED_FACE('',(#968),#508,.F.);
#9784=ADVANCED_FACE('',(#969),#509,.F.);
#9785=ADVANCED_FACE('',(#970),#510,.F.);
#9786=ADVANCED_FACE('',(#971),#511,.F.);
#9787=ADVANCED_FACE('',(#972),#512,.F.);
#9788=ADVANCED_FACE('',(#973),#513,.F.);
#9789=ADVANCED_FACE('',(#974),#514,.F.);
#9790=ADVANCED_FACE('',(#975),#9163,.T.);
#9791=ADVANCED_FACE('',(#976),#515,.F.);
#9792=ADVANCED_FACE('',(#977),#516,.F.);
#9793=ADVANCED_FACE('',(#978),#517,.F.);
#9794=ADVANCED_FACE('',(#979),#518,.F.);
#9795=ADVANCED_FACE('',(#980),#519,.F.);
#9796=ADVANCED_FACE('',(#981),#520,.F.);
#9797=ADVANCED_FACE('',(#982),#521,.F.);
#9798=ADVANCED_FACE('',(#983),#522,.F.);
#9799=ADVANCED_FACE('',(#984),#523,.F.);
#9800=ADVANCED_FACE('',(#985),#9164,.T.);
#9801=ADVANCED_FACE('',(#986),#524,.F.);
#9802=ADVANCED_FACE('',(#987),#525,.F.);
#9803=ADVANCED_FACE('',(#988),#526,.F.);
#9804=ADVANCED_FACE('',(#989),#527,.F.);
#9805=ADVANCED_FACE('',(#990),#528,.F.);
#9806=ADVANCED_FACE('',(#991),#529,.F.);
#9807=ADVANCED_FACE('',(#992),#530,.F.);
#9808=ADVANCED_FACE('',(#993),#9165,.T.);
#9809=ADVANCED_FACE('',(#994),#531,.F.);
#9810=ADVANCED_FACE('',(#995),#532,.F.);
#9811=ADVANCED_FACE('',(#996),#533,.F.);
#9812=ADVANCED_FACE('',(#997),#534,.F.);
#9813=ADVANCED_FACE('',(#998),#535,.F.);
#9814=ADVANCED_FACE('',(#999),#536,.F.);
#9815=ADVANCED_FACE('',(#1000),#537,.F.);
#9816=ADVANCED_FACE('',(#1001),#538,.F.);
#9817=ADVANCED_FACE('',(#1002),#539,.F.);
#9818=ADVANCED_FACE('',(#1003),#540,.F.);
#9819=ADVANCED_FACE('',(#1004),#541,.F.);
#9820=ADVANCED_FACE('',(#1005),#542,.F.);
#9821=ADVANCED_FACE('',(#1006),#543,.F.);
#9822=ADVANCED_FACE('',(#1007),#544,.F.);
#9823=ADVANCED_FACE('',(#1008),#545,.F.);
#9824=ADVANCED_FACE('',(#1009),#546,.F.);
#9825=ADVANCED_FACE('',(#1010),#547,.F.);
#9826=ADVANCED_FACE('',(#1011),#548,.T.);
#9827=ADVANCED_FACE('',(#1012),#9166,.T.);
#9828=ADVANCED_FACE('',(#1013,#271),#549,.T.);
#9829=ADVANCED_FACE('',(#1014),#9167,.F.);
#9830=ADVANCED_FACE('',(#1015),#9168,.F.);
#9831=ADVANCED_FACE('',(#1016),#151,.F.);
#9832=ADVANCED_FACE('',(#1017),#9169,.F.);
#9833=ADVANCED_FACE('',(#1018),#152,.F.);
#9834=ADVANCED_FACE('',(#1019),#9170,.F.);
#9835=ADVANCED_FACE('',(#1020),#153,.F.);
#9836=ADVANCED_FACE('',(#1021),#9171,.F.);
#9837=ADVANCED_FACE('',(#1022),#154,.F.);
#9838=ADVANCED_FACE('',(#1023),#9172,.F.);
#9839=ADVANCED_FACE('',(#1024),#155,.F.);
#9840=ADVANCED_FACE('',(#1025),#9173,.F.);
#9841=ADVANCED_FACE('',(#1026),#156,.F.);
#9842=ADVANCED_FACE('',(#1027),#9174,.T.);
#9843=ADVANCED_FACE('',(#1028),#204,.T.);
#9844=ADVANCED_FACE('',(#1029),#550,.T.);
#9845=ADVANCED_FACE('',(#1030),#551,.F.);
#9846=ADVANCED_FACE('',(#1031),#552,.T.);
#9847=ADVANCED_FACE('',(#1032,#272),#553,.F.);
#9848=ADVANCED_FACE('',(#1033),#26,.F.);
#9849=ADVANCED_FACE('',(#1034),#27,.F.);
#9850=ADVANCED_FACE('',(#1035,#273),#554,.T.);
#9851=ADVANCED_FACE('',(#1036),#555,.T.);
#9852=ADVANCED_FACE('',(#1037),#556,.T.);
#9853=ADVANCED_FACE('',(#1038),#557,.T.);
#9854=ADVANCED_FACE('',(#1039),#558,.T.);
#9855=ADVANCED_FACE('',(#1040),#559,.T.);
#9856=ADVANCED_FACE('',(#1041),#560,.T.);
#9857=ADVANCED_FACE('',(#1042),#561,.T.);
#9858=ADVANCED_FACE('',(#1043),#562,.T.);
#9859=ADVANCED_FACE('',(#1044),#563,.T.);
#9860=ADVANCED_FACE('',(#1045),#564,.T.);
#9861=ADVANCED_FACE('',(#1046),#565,.T.);
#9862=ADVANCED_FACE('',(#1047),#566,.F.);
#9863=ADVANCED_FACE('',(#1048,#274),#567,.T.);
#9864=ADVANCED_FACE('',(#1049),#28,.T.);
#9865=ADVANCED_FACE('',(#1050),#29,.T.);
#9866=ADVANCED_FACE('',(#1051,#275),#568,.F.);
#9867=ADVANCED_FACE('',(#1052),#569,.F.);
#9868=ADVANCED_FACE('',(#1053),#570,.F.);
#9869=ADVANCED_FACE('',(#1054),#571,.F.);
#9870=ADVANCED_FACE('',(#1055),#572,.F.);
#9871=ADVANCED_FACE('',(#1056),#573,.F.);
#9872=ADVANCED_FACE('',(#1057),#574,.F.);
#9873=ADVANCED_FACE('',(#1058),#575,.F.);
#9874=ADVANCED_FACE('',(#1059),#576,.F.);
#9875=ADVANCED_FACE('',(#1060),#577,.F.);
#9876=ADVANCED_FACE('',(#1061),#578,.F.);
#9877=ADVANCED_FACE('',(#1062),#579,.F.);
#9878=ADVANCED_FACE('',(#1063),#9175,.F.);
#9879=ADVANCED_FACE('',(#1064,#276),#580,.T.);
#9880=ADVANCED_FACE('',(#1065),#9176,.F.);
#9881=ADVANCED_FACE('',(#1066,#277),#581,.T.);
#9882=ADVANCED_FACE('',(#1067),#9177,.F.);
#9883=ADVANCED_FACE('',(#1068,#278),#582,.T.);
#9884=ADVANCED_FACE('',(#1069),#9178,.F.);
#9885=ADVANCED_FACE('',(#1070,#279),#583,.T.);
#9886=ADVANCED_FACE('',(#1071),#9179,.F.);
#9887=ADVANCED_FACE('',(#1072,#280),#584,.T.);
#9888=ADVANCED_FACE('',(#1073),#9180,.F.);
#9889=ADVANCED_FACE('',(#1074,#281),#585,.T.);
#9890=ADVANCED_FACE('',(#1075,#282),#586,.T.);
#9891=ADVANCED_FACE('',(#1076),#9181,.T.);
#9892=ADVANCED_FACE('',(#1077),#9182,.F.);
#9893=ADVANCED_FACE('',(#1078,#283),#587,.T.);
#9894=ADVANCED_FACE('',(#1079),#9183,.F.);
#9895=ADVANCED_FACE('',(#1080,#284),#588,.T.);
#9896=ADVANCED_FACE('',(#1081),#9184,.F.);
#9897=ADVANCED_FACE('',(#1082,#285),#589,.T.);
#9898=ADVANCED_FACE('',(#1083),#9185,.F.);
#9899=ADVANCED_FACE('',(#1084,#286),#590,.T.);
#9900=ADVANCED_FACE('',(#1085),#9186,.T.);
#9901=ADVANCED_FACE('',(#1086,#287),#591,.T.);
#9902=ADVANCED_FACE('',(#1087),#9187,.T.);
#9903=ADVANCED_FACE('',(#1088),#157,.T.);
#9904=ADVANCED_FACE('',(#1089),#158,.T.);
#9905=ADVANCED_FACE('',(#1090,#288),#592,.T.);
#9906=ADVANCED_FACE('',(#1091),#9188,.F.);
#9907=ADVANCED_FACE('',(#1092),#9189,.T.);
#9908=ADVANCED_FACE('',(#1093,#289),#593,.T.);
#9909=ADVANCED_FACE('',(#1094,#290),#594,.F.);
#9910=ADVANCED_FACE('',(#1095),#9190,.F.);
#9911=ADVANCED_FACE('',(#1096),#9191,.T.);
#9912=ADVANCED_FACE('',(#1097,#291),#595,.T.);
#9913=ADVANCED_FACE('',(#1098,#292),#596,.F.);
#9914=ADVANCED_FACE('',(#1099,#293),#9192,.T.);
#9915=ADVANCED_FACE('',(#1100),#597,.F.);
#9916=ADVANCED_FACE('',(#1101,#294),#9193,.T.);
#9917=ADVANCED_FACE('',(#1102),#598,.F.);
#9918=ADVANCED_FACE('',(#1103),#9194,.T.);
#9919=ADVANCED_FACE('',(#1104),#9195,.T.);
#9920=ADVANCED_FACE('',(#1105),#599,.T.);
#9921=ADVANCED_FACE('',(#1106),#600,.T.);
#9922=ADVANCED_FACE('',(#1107),#601,.T.);
#9923=ADVANCED_FACE('',(#1108),#602,.T.);
#9924=ADVANCED_FACE('',(#1109),#603,.T.);
#9925=ADVANCED_FACE('',(#1110),#604,.T.);
#9926=ADVANCED_FACE('',(#1111),#605,.T.);
#9927=ADVANCED_FACE('',(#1112),#606,.T.);
#9928=ADVANCED_FACE('',(#1113),#607,.T.);
#9929=ADVANCED_FACE('',(#1114),#9196,.T.);
#9930=ADVANCED_FACE('',(#1115),#608,.T.);
#9931=ADVANCED_FACE('',(#1116),#9197,.T.);
#9932=ADVANCED_FACE('',(#1117),#609,.F.);
#9933=ADVANCED_FACE('',(#1118),#9198,.T.);
#9934=ADVANCED_FACE('',(#1119),#9199,.T.);
#9935=ADVANCED_FACE('',(#1120),#610,.T.);
#9936=ADVANCED_FACE('',(#1121),#9200,.T.);
#9937=ADVANCED_FACE('',(#1122),#9201,.F.);
#9938=ADVANCED_FACE('',(#1123),#9202,.F.);
#9939=ADVANCED_FACE('',(#1124),#9203,.T.);
#9940=ADVANCED_FACE('',(#1125,#295,#296),#611,.T.);
#9941=ADVANCED_FACE('',(#1126,#297,#298),#612,.F.);
#9942=ADVANCED_FACE('',(#1127),#613,.T.);
#9943=ADVANCED_FACE('',(#1128),#614,.T.);
#9944=ADVANCED_FACE('',(#1129),#615,.T.);
#9945=ADVANCED_FACE('',(#1130),#616,.T.);
#9946=ADVANCED_FACE('',(#1131),#617,.T.);
#9947=ADVANCED_FACE('',(#1132),#618,.T.);
#9948=ADVANCED_FACE('',(#1133),#619,.F.);
#9949=ADVANCED_FACE('',(#1134),#620,.F.);
#9950=ADVANCED_FACE('',(#1135),#621,.F.);
#9951=ADVANCED_FACE('',(#1136),#622,.F.);
#9952=ADVANCED_FACE('',(#1137),#623,.F.);
#9953=ADVANCED_FACE('',(#1138),#159,.T.);
#9954=ADVANCED_FACE('',(#1139),#624,.T.);
#9955=ADVANCED_FACE('',(#1140),#625,.T.);
#9956=ADVANCED_FACE('',(#1141),#626,.T.);
#9957=ADVANCED_FACE('',(#1142),#160,.T.);
#9958=ADVANCED_FACE('',(#1143),#627,.T.);
#9959=ADVANCED_FACE('',(#1144),#628,.T.);
#9960=ADVANCED_FACE('',(#1145),#161,.T.);
#9961=ADVANCED_FACE('',(#1146),#162,.T.);
#9962=ADVANCED_FACE('',(#1147),#629,.T.);
#9963=ADVANCED_FACE('',(#1148),#9204,.F.);
#9964=ADVANCED_FACE('',(#1149,#299),#630,.T.);
#9965=ADVANCED_FACE('',(#1150),#9205,.T.);
#9966=ADVANCED_FACE('',(#1151),#163,.F.);
#9967=ADVANCED_FACE('',(#1152),#164,.T.);
#9968=ADVANCED_FACE('',(#1153),#165,.F.);
#9969=ADVANCED_FACE('',(#1154),#631,.T.);
#9970=ADVANCED_FACE('',(#1155),#9206,.F.);
#9971=ADVANCED_FACE('',(#1156,#300),#632,.T.);
#9972=ADVANCED_FACE('',(#1157),#9207,.T.);
#9973=ADVANCED_FACE('',(#1158),#633,.F.);
#9974=ADVANCED_FACE('',(#1159),#634,.F.);
#9975=ADVANCED_FACE('',(#1160),#635,.F.);
#9976=ADVANCED_FACE('',(#1161),#636,.F.);
#9977=ADVANCED_FACE('',(#1162,#301),#637,.T.);
#9978=ADVANCED_FACE('',(#1163),#638,.F.);
#9979=ADVANCED_FACE('',(#1164),#639,.F.);
#9980=ADVANCED_FACE('',(#1165),#640,.F.);
#9981=ADVANCED_FACE('',(#1166),#641,.F.);
#9982=ADVANCED_FACE('',(#1167,#302),#642,.T.);
#9983=ADVANCED_FACE('',(#1168),#643,.F.);
#9984=ADVANCED_FACE('',(#1169),#644,.F.);
#9985=ADVANCED_FACE('',(#1170),#645,.F.);
#9986=ADVANCED_FACE('',(#1171),#646,.F.);
#9987=ADVANCED_FACE('',(#1172,#303),#647,.T.);
#9988=ADVANCED_FACE('',(#1173),#648,.F.);
#9989=ADVANCED_FACE('',(#1174),#649,.F.);
#9990=ADVANCED_FACE('',(#1175),#650,.F.);
#9991=ADVANCED_FACE('',(#1176),#651,.F.);
#9992=ADVANCED_FACE('',(#1177,#304),#652,.T.);
#9993=ADVANCED_FACE('',(#1178),#9208,.T.);
#9994=ADVANCED_FACE('',(#1179),#653,.T.);
#9995=ADVANCED_FACE('',(#1180),#9209,.T.);
#9996=ADVANCED_FACE('',(#1181),#654,.T.);
#9997=ADVANCED_FACE('',(#1182),#9210,.T.);
#9998=ADVANCED_FACE('',(#1183),#655,.T.);
#9999=ADVANCED_FACE('',(#1184),#9211,.T.);
#10000=ADVANCED_FACE('',(#1185),#656,.T.);
#10001=ADVANCED_FACE('',(#1186),#9212,.F.);
#10002=ADVANCED_FACE('',(#1187),#9213,.T.);
#10003=ADVANCED_FACE('',(#1188,#305),#657,.T.);
#10004=ADVANCED_FACE('',(#1189,#306),#658,.F.);
#10005=ADVANCED_FACE('',(#1190),#9214,.T.);
#10006=ADVANCED_FACE('',(#1191),#659,.T.);
#10007=ADVANCED_FACE('',(#1192),#660,.T.);
#10008=ADVANCED_FACE('',(#1193),#661,.T.);
#10009=ADVANCED_FACE('',(#1194),#9215,.T.);
#10010=ADVANCED_FACE('',(#1195),#9216,.F.);
#10011=ADVANCED_FACE('',(#1196),#662,.T.);
#10012=ADVANCED_FACE('',(#1197),#166,.F.);
#10013=ADVANCED_FACE('',(#1198),#9217,.F.);
#10014=ADVANCED_FACE('',(#1199,#307,#308,#309,#310,#311,#312,#313),#663,
 .T.);
#10015=ADVANCED_FACE('',(#1200),#9218,.F.);
#10016=ADVANCED_FACE('',(#1201),#9219,.F.);
#10017=ADVANCED_FACE('',(#1202),#9220,.F.);
#10018=ADVANCED_FACE('',(#1203,#314),#664,.T.);
#10019=ADVANCED_FACE('',(#1204,#315),#665,.F.);
#10020=ADVANCED_FACE('',(#1205),#666,.T.);
#10021=ADVANCED_FACE('',(#1206),#667,.T.);
#10022=ADVANCED_FACE('',(#1207),#668,.F.);
#10023=ADVANCED_FACE('',(#1208),#669,.T.);
#10024=ADVANCED_FACE('',(#1209),#670,.T.);
#10025=ADVANCED_FACE('',(#1210),#671,.T.);
#10026=ADVANCED_FACE('',(#1211),#672,.F.);
#10027=ADVANCED_FACE('',(#1212),#673,.T.);
#10028=ADVANCED_FACE('',(#1213),#674,.T.);
#10029=ADVANCED_FACE('',(#1214),#675,.T.);
#10030=ADVANCED_FACE('',(#1215),#676,.T.);
#10031=ADVANCED_FACE('',(#1216),#677,.T.);
#10032=ADVANCED_FACE('',(#1217),#678,.T.);
#10033=ADVANCED_FACE('',(#1218),#679,.T.);
#10034=ADVANCED_FACE('',(#1219),#680,.T.);
#10035=ADVANCED_FACE('',(#1220),#681,.T.);
#10036=ADVANCED_FACE('',(#1221),#682,.T.);
#10037=ADVANCED_FACE('',(#1222),#683,.T.);
#10038=ADVANCED_FACE('',(#1223),#684,.F.);
#10039=ADVANCED_FACE('',(#1224),#685,.T.);
#10040=ADVANCED_FACE('',(#1225),#686,.T.);
#10041=ADVANCED_FACE('',(#1226,#316,#317,#318,#319),#687,.F.);
#10042=ADVANCED_FACE('',(#1227),#688,.T.);
#10043=ADVANCED_FACE('',(#1228),#689,.T.);
#10044=ADVANCED_FACE('',(#1229),#690,.T.);
#10045=ADVANCED_FACE('',(#1230),#691,.T.);
#10046=ADVANCED_FACE('',(#1231),#9221,.T.);
#10047=ADVANCED_FACE('',(#1232),#692,.T.);
#10048=ADVANCED_FACE('',(#1233),#9222,.T.);
#10049=ADVANCED_FACE('',(#1234,#320,#321),#693,.F.);
#10050=ADVANCED_FACE('',(#1235),#694,.T.);
#10051=ADVANCED_FACE('',(#1236),#9223,.T.);
#10052=ADVANCED_FACE('',(#1237),#695,.T.);
#10053=ADVANCED_FACE('',(#1238),#9224,.F.);
#10054=ADVANCED_FACE('',(#1239),#9225,.F.);
#10055=ADVANCED_FACE('',(#1240),#9226,.F.);
#10056=ADVANCED_FACE('',(#1241),#9227,.F.);
#10057=ADVANCED_FACE('',(#1242),#696,.T.);
#10058=ADVANCED_FACE('',(#1243),#697,.T.);
#10059=ADVANCED_FACE('',(#1244),#9228,.F.);
#10060=ADVANCED_FACE('',(#1245),#9229,.T.);
#10061=ADVANCED_FACE('',(#1246,#322),#698,.T.);
#10062=ADVANCED_FACE('',(#1247,#323),#699,.F.);
#10063=ADVANCED_FACE('',(#1248),#9230,.F.);
#10064=ADVANCED_FACE('',(#1249),#9231,.T.);
#10065=ADVANCED_FACE('',(#1250,#324),#700,.T.);
#10066=ADVANCED_FACE('',(#1251,#325),#701,.F.);
#10067=ADVANCED_FACE('',(#1252),#9232,.F.);
#10068=ADVANCED_FACE('',(#1253),#9233,.T.);
#10069=ADVANCED_FACE('',(#1254,#326),#702,.T.);
#10070=ADVANCED_FACE('',(#1255,#327),#703,.F.);
#10071=ADVANCED_FACE('',(#1256),#9234,.F.);
#10072=ADVANCED_FACE('',(#1257),#9235,.F.);
#10073=ADVANCED_FACE('',(#1258),#9236,.F.);
#10074=ADVANCED_FACE('',(#1259),#9237,.F.);
#10075=ADVANCED_FACE('',(#1260,#328,#329,#330,#331,#332),#704,.T.);
#10076=ADVANCED_FACE('',(#1261),#9238,.F.);
#10077=ADVANCED_FACE('',(#1262,#333),#705,.T.);
#10078=ADVANCED_FACE('',(#1263),#9239,.F.);
#10079=ADVANCED_FACE('',(#1264),#167,.F.);
#10080=ADVANCED_FACE('',(#1265,#334),#706,.T.);
#10081=ADVANCED_FACE('',(#1266),#168,.T.);
#10082=ADVANCED_FACE('',(#1267),#9240,.T.);
#10083=ADVANCED_FACE('',(#1268,#335,#336,#337,#338,#339),#707,.T.);
#10084=ADVANCED_FACE('',(#1269),#9241,.T.);
#10085=ADVANCED_FACE('',(#1270),#169,.T.);
#10086=ADVANCED_FACE('',(#1271,#340,#341,#342,#343,#344),#708,.T.);
#10087=ADVANCED_FACE('',(#1272,#345),#709,.T.);
#10088=ADVANCED_FACE('',(#1273),#9242,.F.);
#10089=ADVANCED_FACE('',(#1274),#9243,.F.);
#10090=ADVANCED_FACE('',(#1275),#9244,.F.);
#10091=ADVANCED_FACE('',(#1276),#9245,.F.);
#10092=ADVANCED_FACE('',(#1277),#9246,.F.);
#10093=ADVANCED_FACE('',(#1278),#9247,.T.);
#10094=ADVANCED_FACE('',(#1279,#346,#347,#348,#349,#350),#710,.F.);
#10095=CLOSED_SHELL('',(#9526,#9527,#9528,#9529,#9530,#9531,#9532,#9533,
#9534,#9535,#9536,#9537,#9538,#9539,#9540,#9541,#9542,#9543,#9544,#9545,
#9546,#9547,#9548,#9549,#9550,#9551,#9552,#9553,#9554,#9555,#9556,#9557,
#9558,#9559,#9560,#9561,#9562,#9563,#9564,#9565,#9566,#9567,#9568,#9569,
#9570,#9571,#9572,#9573,#9574,#9575,#9576,#9577,#9578,#9579,#9580,#9581,
#9582));
#10096=CLOSED_SHELL('',(#9583,#9584,#9585,#9586,#9587));
#10097=CLOSED_SHELL('',(#9588,#9589,#9590,#9591));
#10098=CLOSED_SHELL('',(#9592,#9593,#9594,#9595,#9596));
#10099=CLOSED_SHELL('',(#9597,#9598,#9599,#9600));
#10100=CLOSED_SHELL('',(#9601,#9602,#9603,#9604,#9605));
#10101=CLOSED_SHELL('',(#9606,#9607,#9608,#9609,#9610,#9611,#9612,#9613,
#9614,#9615,#9616,#9617,#9618,#9619,#9620,#9621,#9622,#9623,#9624,#9625,
#9626,#9627,#9628,#9629,#9630,#9631,#9632,#9633,#9634,#9635,#9636,#9637,
#9638,#9639,#9640,#9641,#9642,#9643,#9644,#9645,#9646,#9647,#9648,#9649,
#9650,#9651,#9652,#9653,#9654,#9655,#9656,#9657,#9658,#9659,#9660,#9661,
#9662,#9663,#9664,#9665,#9666,#9667,#9668,#9669,#9670,#9671,#9672,#9673,
#9674,#9675,#9676,#9677,#9678,#9679,#9680,#9681,#9682,#9683,#9684,#9685,
#9686,#9687,#9688,#9689,#9690,#9691,#9692,#9693,#9694,#9695,#9696,#9697,
#9698,#9699,#9700,#9701,#9702,#9703,#9704,#9705,#9706,#9707,#9708,#9709,
#9710,#9711,#9712,#9713,#9714,#9715,#9716,#9717,#9718,#9719,#9720,#9721,
#9722,#9723,#9724,#9725,#9726,#9727,#9728,#9729,#9730,#9731,#9732,#9733,
#9734,#9735,#9736,#9737,#9738,#9739,#9740,#9741,#9742,#9743,#9744,#9745,
#9746,#9747,#9748,#9749,#9750,#9751,#9752,#9753,#9754,#9755,#9756,#9757,
#9758,#9759,#9760,#9761,#9762,#9763,#9764,#9765,#9766,#9767,#9768,#9769,
#9770,#9771,#9772,#9773,#9774,#9775,#9776,#9777,#9778,#9779,#9780,#9781,
#9782,#9783,#9784,#9785,#9786,#9787,#9788,#9789,#9790,#9791,#9792,#9793,
#9794,#9795,#9796,#9797,#9798,#9799,#9800,#9801,#9802,#9803,#9804,#9805,
#9806,#9807,#9808,#9809,#9810,#9811,#9812,#9813,#9814,#9815,#9816,#9817,
#9818,#9819,#9820,#9821,#9822,#9823,#9824,#9825,#9826,#9827,#9828,#9829,
#9830,#9831,#9832,#9833,#9834,#9835,#9836,#9837,#9838,#9839,#9840,#9841));
#10102=CLOSED_SHELL('',(#9842,#9843,#9844,#9845));
#10103=CLOSED_SHELL('',(#9846,#9847,#9848,#9849,#9850,#9851,#9852,#9853,
#9854,#9855,#9856,#9857,#9858,#9859,#9860,#9861));
#10104=CLOSED_SHELL('',(#9862,#9863,#9864,#9865,#9866,#9867,#9868,#9869,
#9870,#9871,#9872,#9873,#9874,#9875,#9876,#9877));
#10105=CLOSED_SHELL('',(#9890,#9891,#9892,#9893,#9894,#9895,#9896,#9897,
#9898,#9899,#9900,#9901,#9902,#9903,#9904,#9905));
#10106=CLOSED_SHELL('',(#9906,#9907,#9908,#9909));
#10107=CLOSED_SHELL('',(#9910,#9911,#9912,#9913));
#10108=CLOSED_SHELL('',(#9914,#9915,#9916,#9917,#9918,#9919,#9920,#9921,
#9922,#9923,#9924,#9925,#9926,#9927,#9928,#9929,#9930,#9931,#9932,#9933,
#9934,#9935,#9936,#9937,#9938,#9939,#9940,#9941,#9942,#9943,#9944,#9945,
#9946,#9947,#9948,#9949,#9950,#9951,#9952,#9953,#9954,#9955,#9956,#9957,
#9958,#9959,#9960,#9961,#9962,#9963,#9964,#9965,#9966,#9967,#9968,#9969,
#9970,#9971,#9972,#9973,#9974,#9975,#9976,#9977,#9978,#9979,#9980,#9981,
#9982,#9983,#9984,#9985,#9986,#9987,#9988,#9989,#9990,#9991,#9992,#9993,
#9994,#9995,#9996,#9997,#9998,#9999,#10000));
#10109=CLOSED_SHELL('',(#10001,#10002,#10003,#10004));
#10110=CLOSED_SHELL('',(#10005,#10006,#10007,#10008,#10009,#10010,#10011,
#10012,#10013,#10014,#10015,#10016,#10017,#10018,#10019,#10020,#10021,#10022,
#10023,#10024,#10025,#10026,#10027,#10028,#10029,#10030,#10031,#10032,#10033,
#10034,#10035,#10036,#10037,#10038,#10039,#10040,#10041,#10042,#10043,#10044,
#10045,#10046,#10047,#10048,#10049,#10050,#10051,#10052,#10053,#10054,#10055,
#10056,#10057,#10058));
#10111=CLOSED_SHELL('',(#10059,#10060,#10061,#10062));
#10112=CLOSED_SHELL('',(#10063,#10064,#10065,#10066));
#10113=CLOSED_SHELL('',(#10067,#10068,#10069,#10070));
#10114=CLOSED_SHELL('',(#10071,#10072,#10073,#10074,#10075,#10076,#10077,
#10078,#10079,#10080,#10081,#10082,#10083,#10084));
#10115=CLOSED_SHELL('',(#10085,#10086,#10087,#10088,#10089,#10090,#10091,
#10092,#10093,#10094));
#10116=DERIVED_UNIT_ELEMENT(#10144,1.);
#10117=DERIVED_UNIT_ELEMENT(#17658,-3.);
#10118=DERIVED_UNIT_ELEMENT(#10144,1.);
#10119=DERIVED_UNIT_ELEMENT(#17658,-3.);
#10120=DERIVED_UNIT_ELEMENT(#10144,1.);
#10121=DERIVED_UNIT_ELEMENT(#17658,-3.);
#10122=DERIVED_UNIT_ELEMENT(#10144,1.);
#10123=DERIVED_UNIT_ELEMENT(#17658,-3.);
#10124=DERIVED_UNIT_ELEMENT(#10144,1.);
#10125=DERIVED_UNIT_ELEMENT(#17658,-3.);
#10126=DERIVED_UNIT_ELEMENT(#10144,1.);
#10127=DERIVED_UNIT_ELEMENT(#17658,-3.);
#10128=DERIVED_UNIT_ELEMENT(#10144,1.);
#10129=DERIVED_UNIT_ELEMENT(#17658,-3.);
#10130=DERIVED_UNIT_ELEMENT(#10144,1.);
#10131=DERIVED_UNIT_ELEMENT(#17658,-3.);
#10132=DERIVED_UNIT_ELEMENT(#10144,1.);
#10133=DERIVED_UNIT_ELEMENT(#17658,-3.);
#10134=DERIVED_UNIT_ELEMENT(#10144,1.);
#10135=DERIVED_UNIT_ELEMENT(#17658,-3.);
#10136=DERIVED_UNIT_ELEMENT(#10144,1.);
#10137=DERIVED_UNIT_ELEMENT(#17658,-3.);
#10138=DERIVED_UNIT_ELEMENT(#10144,1.);
#10139=DERIVED_UNIT_ELEMENT(#17658,-3.);
#10140=DERIVED_UNIT_ELEMENT(#10144,1.);
#10141=DERIVED_UNIT_ELEMENT(#17658,-3.);
#10142=DERIVED_UNIT_ELEMENT(#10144,1.);
#10143=DERIVED_UNIT_ELEMENT(#17658,-3.);
#10144=(
MASS_UNIT()
NAMED_UNIT(*)
SI_UNIT(.KILO.,.GRAM.)
);
#10145=DERIVED_UNIT((#10116,#10117));
#10146=DERIVED_UNIT((#10118,#10119));
#10147=DERIVED_UNIT((#10120,#10121));
#10148=DERIVED_UNIT((#10122,#10123));
#10149=DERIVED_UNIT((#10124,#10125));
#10150=DERIVED_UNIT((#10126,#10127));
#10151=DERIVED_UNIT((#10128,#10129));
#10152=DERIVED_UNIT((#10130,#10131));
#10153=DERIVED_UNIT((#10132,#10133));
#10154=DERIVED_UNIT((#10134,#10135));
#10155=DERIVED_UNIT((#10136,#10137));
#10156=DERIVED_UNIT((#10138,#10139));
#10157=DERIVED_UNIT((#10140,#10141));
#10158=DERIVED_UNIT((#10142,#10143));
#10159=MEASURE_REPRESENTATION_ITEM('density measure',
POSITIVE_RATIO_MEASURE(7850.),#10145);
#10160=MEASURE_REPRESENTATION_ITEM('density measure',
POSITIVE_RATIO_MEASURE(7850.),#10146);
#10161=MEASURE_REPRESENTATION_ITEM('density measure',
POSITIVE_RATIO_MEASURE(7850.),#10147);
#10162=MEASURE_REPRESENTATION_ITEM('density measure',
POSITIVE_RATIO_MEASURE(7850.),#10148);
#10163=MEASURE_REPRESENTATION_ITEM('density measure',
POSITIVE_RATIO_MEASURE(7850.),#10149);
#10164=MEASURE_REPRESENTATION_ITEM('density measure',
POSITIVE_RATIO_MEASURE(7850.),#10150);
#10165=MEASURE_REPRESENTATION_ITEM('density measure',
POSITIVE_RATIO_MEASURE(7850.),#10151);
#10166=MEASURE_REPRESENTATION_ITEM('density measure',
POSITIVE_RATIO_MEASURE(7850.),#10152);
#10167=MEASURE_REPRESENTATION_ITEM('density measure',
POSITIVE_RATIO_MEASURE(7850.),#10153);
#10168=MEASURE_REPRESENTATION_ITEM('density measure',
POSITIVE_RATIO_MEASURE(7850.),#10154);
#10169=MEASURE_REPRESENTATION_ITEM('density measure',
POSITIVE_RATIO_MEASURE(7850.),#10155);
#10170=MEASURE_REPRESENTATION_ITEM('density measure',
POSITIVE_RATIO_MEASURE(7850.),#10156);
#10171=MEASURE_REPRESENTATION_ITEM('density measure',
POSITIVE_RATIO_MEASURE(7850.),#10157);
#10172=MEASURE_REPRESENTATION_ITEM('density measure',
POSITIVE_RATIO_MEASURE(7850.),#10158);
#10173=PROPERTY_DEFINITION_REPRESENTATION(#10243,#10201);
#10174=PROPERTY_DEFINITION_REPRESENTATION(#10244,#10202);
#10175=PROPERTY_DEFINITION_REPRESENTATION(#10245,#10203);
#10176=PROPERTY_DEFINITION_REPRESENTATION(#10246,#10204);
#10177=PROPERTY_DEFINITION_REPRESENTATION(#10247,#10205);
#10178=PROPERTY_DEFINITION_REPRESENTATION(#10248,#10206);
#10179=PROPERTY_DEFINITION_REPRESENTATION(#10249,#10207);
#10180=PROPERTY_DEFINITION_REPRESENTATION(#10250,#10208);
#10181=PROPERTY_DEFINITION_REPRESENTATION(#10251,#10209);
#10182=PROPERTY_DEFINITION_REPRESENTATION(#10252,#10210);
#10183=PROPERTY_DEFINITION_REPRESENTATION(#10253,#10211);
#10184=PROPERTY_DEFINITION_REPRESENTATION(#10254,#10212);
#10185=PROPERTY_DEFINITION_REPRESENTATION(#10255,#10213);
#10186=PROPERTY_DEFINITION_REPRESENTATION(#10256,#10214);
#10187=PROPERTY_DEFINITION_REPRESENTATION(#10257,#10215);
#10188=PROPERTY_DEFINITION_REPRESENTATION(#10258,#10216);
#10189=PROPERTY_DEFINITION_REPRESENTATION(#10259,#10217);
#10190=PROPERTY_DEFINITION_REPRESENTATION(#10260,#10218);
#10191=PROPERTY_DEFINITION_REPRESENTATION(#10261,#10219);
#10192=PROPERTY_DEFINITION_REPRESENTATION(#10262,#10220);
#10193=PROPERTY_DEFINITION_REPRESENTATION(#10263,#10221);
#10194=PROPERTY_DEFINITION_REPRESENTATION(#10264,#10222);
#10195=PROPERTY_DEFINITION_REPRESENTATION(#10265,#10223);
#10196=PROPERTY_DEFINITION_REPRESENTATION(#10266,#10224);
#10197=PROPERTY_DEFINITION_REPRESENTATION(#10267,#10225);
#10198=PROPERTY_DEFINITION_REPRESENTATION(#10268,#10226);
#10199=PROPERTY_DEFINITION_REPRESENTATION(#10269,#10227);
#10200=PROPERTY_DEFINITION_REPRESENTATION(#10270,#10228);
#10201=REPRESENTATION('material name',(#10229),#17642);
#10202=REPRESENTATION('density',(#10159),#17642);
#10203=REPRESENTATION('material name',(#10230),#17643);
#10204=REPRESENTATION('density',(#10160),#17643);
#10205=REPRESENTATION('material name',(#10231),#17644);
#10206=REPRESENTATION('density',(#10161),#17644);
#10207=REPRESENTATION('material name',(#10232),#17645);
#10208=REPRESENTATION('density',(#10162),#17645);
#10209=REPRESENTATION('material name',(#10233),#17646);
#10210=REPRESENTATION('density',(#10163),#17646);
#10211=REPRESENTATION('material name',(#10234),#17647);
#10212=REPRESENTATION('density',(#10164),#17647);
#10213=REPRESENTATION('material name',(#10235),#17648);
#10214=REPRESENTATION('density',(#10165),#17648);
#10215=REPRESENTATION('material name',(#10236),#17649);
#10216=REPRESENTATION('density',(#10166),#17649);
#10217=REPRESENTATION('material name',(#10237),#17650);
#10218=REPRESENTATION('density',(#10167),#17650);
#10219=REPRESENTATION('material name',(#10238),#17651);
#10220=REPRESENTATION('density',(#10168),#17651);
#10221=REPRESENTATION('material name',(#10239),#17652);
#10222=REPRESENTATION('density',(#10169),#17652);
#10223=REPRESENTATION('material name',(#10240),#17653);
#10224=REPRESENTATION('density',(#10170),#17653);
#10225=REPRESENTATION('material name',(#10241),#17654);
#10226=REPRESENTATION('density',(#10171),#17654);
#10227=REPRESENTATION('material name',(#10242),#17655);
#10228=REPRESENTATION('density',(#10172),#17655);
#10229=DESCRIPTIVE_REPRESENTATION_ITEM('Steel','Steel');
#10230=DESCRIPTIVE_REPRESENTATION_ITEM('Steel','Steel');
#10231=DESCRIPTIVE_REPRESENTATION_ITEM('Steel','Steel');
#10232=DESCRIPTIVE_REPRESENTATION_ITEM('Steel','Steel');
#10233=DESCRIPTIVE_REPRESENTATION_ITEM('Steel','Steel');
#10234=DESCRIPTIVE_REPRESENTATION_ITEM('Steel','Steel');
#10235=DESCRIPTIVE_REPRESENTATION_ITEM('Steel','Steel');
#10236=DESCRIPTIVE_REPRESENTATION_ITEM('Steel','Steel');
#10237=DESCRIPTIVE_REPRESENTATION_ITEM('Steel','Steel');
#10238=DESCRIPTIVE_REPRESENTATION_ITEM('Steel','Steel');
#10239=DESCRIPTIVE_REPRESENTATION_ITEM('Steel','Steel');
#10240=DESCRIPTIVE_REPRESENTATION_ITEM('Steel','Steel');
#10241=DESCRIPTIVE_REPRESENTATION_ITEM('Steel','Steel');
#10242=DESCRIPTIVE_REPRESENTATION_ITEM('Steel','Steel');
#10243=PROPERTY_DEFINITION('material property','material name',#17727);
#10244=PROPERTY_DEFINITION('material property','density of part',#17727);
#10245=PROPERTY_DEFINITION('material property','material name',#17728);
#10246=PROPERTY_DEFINITION('material property','density of part',#17728);
#10247=PROPERTY_DEFINITION('material property','material name',#17729);
#10248=PROPERTY_DEFINITION('material property','density of part',#17729);
#10249=PROPERTY_DEFINITION('material property','material name',#17730);
#10250=PROPERTY_DEFINITION('material property','density of part',#17730);
#10251=PROPERTY_DEFINITION('material property','material name',#17731);
#10252=PROPERTY_DEFINITION('material property','density of part',#17731);
#10253=PROPERTY_DEFINITION('material property','material name',#17732);
#10254=PROPERTY_DEFINITION('material property','density of part',#17732);
#10255=PROPERTY_DEFINITION('material property','material name',#17733);
#10256=PROPERTY_DEFINITION('material property','density of part',#17733);
#10257=PROPERTY_DEFINITION('material property','material name',#17734);
#10258=PROPERTY_DEFINITION('material property','density of part',#17734);
#10259=PROPERTY_DEFINITION('material property','material name',#17735);
#10260=PROPERTY_DEFINITION('material property','density of part',#17735);
#10261=PROPERTY_DEFINITION('material property','material name',#17736);
#10262=PROPERTY_DEFINITION('material property','density of part',#17736);
#10263=PROPERTY_DEFINITION('material property','material name',#17737);
#10264=PROPERTY_DEFINITION('material property','density of part',#17737);
#10265=PROPERTY_DEFINITION('material property','material name',#17738);
#10266=PROPERTY_DEFINITION('material property','density of part',#17738);
#10267=PROPERTY_DEFINITION('material property','material name',#17739);
#10268=PROPERTY_DEFINITION('material property','density of part',#17739);
#10269=PROPERTY_DEFINITION('material property','material name',#17740);
#10270=PROPERTY_DEFINITION('material property','density of part',#17740);
#10271=AXIS2_PLACEMENT_3D('',#14302,#11329,#11330);
#10272=AXIS2_PLACEMENT_3D('',#14303,#11331,#11332);
#10273=AXIS2_PLACEMENT_3D('',#14304,#11333,#11334);
#10274=AXIS2_PLACEMENT_3D('',#14305,#11335,#11336);
#10275=AXIS2_PLACEMENT_3D('',#14308,#11337,#11338);
#10276=AXIS2_PLACEMENT_3D('',#14310,#11339,#11340);
#10277=AXIS2_PLACEMENT_3D('',#14313,#11342,#11343);
#10278=AXIS2_PLACEMENT_3D('',#14315,#11344,#11345);
#10279=AXIS2_PLACEMENT_3D('',#14316,#11346,#11347);
#10280=AXIS2_PLACEMENT_3D('',#14317,#11348,#11349);
#10281=AXIS2_PLACEMENT_3D('',#14319,#11350,#11351);
#10282=AXIS2_PLACEMENT_3D('',#14320,#11352,#11353);
#10283=AXIS2_PLACEMENT_3D('',#14322,#11354,#11355);
#10284=AXIS2_PLACEMENT_3D('',#14326,#11358,#11359);
#10285=AXIS2_PLACEMENT_3D('',#14327,#11360,#11361);
#10286=AXIS2_PLACEMENT_3D('',#14329,#11362,#11363);
#10287=AXIS2_PLACEMENT_3D('',#14330,#11364,#11365);
#10288=AXIS2_PLACEMENT_3D('',#14333,#11366,#11367);
#10289=AXIS2_PLACEMENT_3D('',#14335,#11369,#11370);
#10290=AXIS2_PLACEMENT_3D('',#14336,#11371,#11372);
#10291=AXIS2_PLACEMENT_3D('',#14437,#11373,#11374);
#10292=AXIS2_PLACEMENT_3D('',#14438,#11375,#11376);
#10293=AXIS2_PLACEMENT_3D('',#14439,#11377,#11378);
#10294=AXIS2_PLACEMENT_3D('',#14440,#11379,#11380);
#10295=AXIS2_PLACEMENT_3D('',#14442,#11381,#11382);
#10296=AXIS2_PLACEMENT_3D('',#14443,#11383,#11384);
#10297=AXIS2_PLACEMENT_3D('',#14446,#11385,#11386);
#10298=AXIS2_PLACEMENT_3D('',#14447,#11387,#11388);
#10299=AXIS2_PLACEMENT_3D('',#14449,#11390,#11391);
#10300=AXIS2_PLACEMENT_3D('',#14451,#11392,#11393);
#10301=AXIS2_PLACEMENT_3D('',#14453,#11395,#11396);
#10302=AXIS2_PLACEMENT_3D('',#14455,#11397,#11398);
#10303=AXIS2_PLACEMENT_3D('',#14456,#11399,#11400);
#10304=AXIS2_PLACEMENT_3D('',#14458,#11401,#11402);
#10305=AXIS2_PLACEMENT_3D('',#14460,#11404,#11405);
#10306=AXIS2_PLACEMENT_3D('',#14462,#11406,#11407);
#10307=AXIS2_PLACEMENT_3D('',#14463,#11408,#11409);
#10308=AXIS2_PLACEMENT_3D('',#14466,#11410,#11411);
#10309=AXIS2_PLACEMENT_3D('',#14467,#11412,#11413);
#10310=AXIS2_PLACEMENT_3D('',#14469,#11415,#11416);
#10311=AXIS2_PLACEMENT_3D('',#14471,#11417,#11418);
#10312=AXIS2_PLACEMENT_3D('',#14473,#11420,#11421);
#10313=AXIS2_PLACEMENT_3D('',#14475,#11422,#11423);
#10314=AXIS2_PLACEMENT_3D('',#14476,#11424,#11425);
#10315=AXIS2_PLACEMENT_3D('',#14479,#11426,#11427);
#10316=AXIS2_PLACEMENT_3D('',#14480,#11428,#11429);
#10317=AXIS2_PLACEMENT_3D('',#14482,#11431,#11432);
#10318=AXIS2_PLACEMENT_3D('',#14485,#11433,#11434);
#10319=AXIS2_PLACEMENT_3D('',#14526,#11436,#11437);
#10320=AXIS2_PLACEMENT_3D('',#14538,#11439,#11440);
#10321=AXIS2_PLACEMENT_3D('',#14547,#11441,#11442);
#10322=AXIS2_PLACEMENT_3D('',#14549,#11443,#11444);
#10323=AXIS2_PLACEMENT_3D('',#14553,#11447,#11448);
#10324=AXIS2_PLACEMENT_3D('',#14600,#11449,#11450);
#10325=AXIS2_PLACEMENT_3D('',#14602,#11451,#11452);
#10326=AXIS2_PLACEMENT_3D('',#14603,#11453,#11454);
#10327=AXIS2_PLACEMENT_3D('',#14605,#11455,#11456);
#10328=AXIS2_PLACEMENT_3D('',#14608,#11458,#11459);
#10329=AXIS2_PLACEMENT_3D('',#14637,#11460,#11461);
#10330=AXIS2_PLACEMENT_3D('',#14638,#11462,#11463);
#10331=AXIS2_PLACEMENT_3D('',#14641,#11465,#11466);
#10332=AXIS2_PLACEMENT_3D('',#14642,#11467,#11468);
#10333=AXIS2_PLACEMENT_3D('',#14644,#11469,#11470);
#10334=AXIS2_PLACEMENT_3D('',#14645,#11471,#11472);
#10335=AXIS2_PLACEMENT_3D('',#14648,#11473,#11474);
#10336=AXIS2_PLACEMENT_3D('',#14649,#11475,#11476);
#10337=AXIS2_PLACEMENT_3D('',#14651,#11478,#11479);
#10338=AXIS2_PLACEMENT_3D('',#14654,#11481,#11482);
#10339=AXIS2_PLACEMENT_3D('',#14655,#11483,#11484);
#10340=AXIS2_PLACEMENT_3D('',#14657,#11485,#11486);
#10341=AXIS2_PLACEMENT_3D('',#14658,#11487,#11488);
#10342=AXIS2_PLACEMENT_3D('',#14660,#11489,#11490);
#10343=AXIS2_PLACEMENT_3D('',#14662,#11492,#11493);
#10344=AXIS2_PLACEMENT_3D('',#14664,#11494,#11495);
#10345=AXIS2_PLACEMENT_3D('',#14665,#11496,#11497);
#10346=AXIS2_PLACEMENT_3D('',#14668,#11498,#11499);
#10347=AXIS2_PLACEMENT_3D('',#14669,#11500,#11501);
#10348=AXIS2_PLACEMENT_3D('',#14671,#11503,#11504);
#10349=AXIS2_PLACEMENT_3D('',#14674,#11506,#11507);
#10350=AXIS2_PLACEMENT_3D('',#14675,#11508,#11509);
#10351=AXIS2_PLACEMENT_3D('',#14677,#11510,#11511);
#10352=AXIS2_PLACEMENT_3D('',#14678,#11512,#11513);
#10353=AXIS2_PLACEMENT_3D('',#14681,#11514,#11515);
#10354=AXIS2_PLACEMENT_3D('',#14682,#11516,#11517);
#10355=AXIS2_PLACEMENT_3D('',#14683,#11518,#11519);
#10356=AXIS2_PLACEMENT_3D('',#14684,#11520,#11521);
#10357=AXIS2_PLACEMENT_3D('',#14686,#11523,#11524);
#10358=AXIS2_PLACEMENT_3D('',#14698,#11526,#11527);
#10359=AXIS2_PLACEMENT_3D('',#14707,#11528,#11529);
#10360=AXIS2_PLACEMENT_3D('',#14711,#11531,#11532);
#10361=AXIS2_PLACEMENT_3D('',#14713,#11533,#11534);
#10362=AXIS2_PLACEMENT_3D('',#14715,#11535,#11536);
#10363=AXIS2_PLACEMENT_3D('',#14716,#11537,#11538);
#10364=AXIS2_PLACEMENT_3D('',#14717,#11539,#11540);
#10365=AXIS2_PLACEMENT_3D('',#14719,#11541,#11542);
#10366=AXIS2_PLACEMENT_3D('',#14722,#11545,#11546);
#10367=AXIS2_PLACEMENT_3D('',#14725,#11547,#11548);
#10368=AXIS2_PLACEMENT_3D('',#14744,#11550,#11551);
#10369=AXIS2_PLACEMENT_3D('',#14746,#11552,#11553);
#10370=AXIS2_PLACEMENT_3D('',#14787,#11555,#11556);
#10371=AXIS2_PLACEMENT_3D('',#14790,#11558,#11559);
#10372=AXIS2_PLACEMENT_3D('',#14791,#11560,#11561);
#10373=AXIS2_PLACEMENT_3D('',#14793,#11562,#11563);
#10374=AXIS2_PLACEMENT_3D('',#14794,#11564,#11565);
#10375=AXIS2_PLACEMENT_3D('',#14797,#11566,#11567);
#10376=AXIS2_PLACEMENT_3D('',#14798,#11568,#11569);
#10377=AXIS2_PLACEMENT_3D('',#14800,#11571,#11572);
#10378=AXIS2_PLACEMENT_3D('',#14803,#11574,#11575);
#10379=AXIS2_PLACEMENT_3D('',#14804,#11576,#11577);
#10380=AXIS2_PLACEMENT_3D('',#14806,#11578,#11579);
#10381=AXIS2_PLACEMENT_3D('',#14807,#11580,#11581);
#10382=AXIS2_PLACEMENT_3D('',#14809,#11582,#11583);
#10383=AXIS2_PLACEMENT_3D('',#14811,#11585,#11586);
#10384=AXIS2_PLACEMENT_3D('',#14813,#11587,#11588);
#10385=AXIS2_PLACEMENT_3D('',#14814,#11589,#11590);
#10386=AXIS2_PLACEMENT_3D('',#14817,#11591,#11592);
#10387=AXIS2_PLACEMENT_3D('',#14818,#11593,#11594);
#10388=AXIS2_PLACEMENT_3D('',#14820,#11596,#11597);
#10389=AXIS2_PLACEMENT_3D('',#14823,#11599,#11600);
#10390=AXIS2_PLACEMENT_3D('',#14824,#11601,#11602);
#10391=AXIS2_PLACEMENT_3D('',#14826,#11603,#11604);
#10392=AXIS2_PLACEMENT_3D('',#14827,#11605,#11606);
#10393=AXIS2_PLACEMENT_3D('',#14830,#11607,#11608);
#10394=AXIS2_PLACEMENT_3D('',#14831,#11609,#11610);
#10395=AXIS2_PLACEMENT_3D('',#14832,#11611,#11612);
#10396=AXIS2_PLACEMENT_3D('',#14833,#11613,#11614);
#10397=AXIS2_PLACEMENT_3D('',#14835,#11615,#11616);
#10398=AXIS2_PLACEMENT_3D('',#14837,#11618,#11619);
#10399=AXIS2_PLACEMENT_3D('',#14838,#11620,#11621);
#10400=AXIS2_PLACEMENT_3D('',#14840,#11622,#11623);
#10401=AXIS2_PLACEMENT_3D('',#14844,#11626,#11627);
#10402=AXIS2_PLACEMENT_3D('',#14845,#11628,#11629);
#10403=AXIS2_PLACEMENT_3D('',#14847,#11630,#11631);
#10404=AXIS2_PLACEMENT_3D('',#14848,#11632,#11633);
#10405=AXIS2_PLACEMENT_3D('',#14850,#11634,#11635);
#10406=AXIS2_PLACEMENT_3D('',#14851,#11636,#11637);
#10407=AXIS2_PLACEMENT_3D('',#14853,#11639,#11640);
#10408=AXIS2_PLACEMENT_3D('',#14855,#11641,#11642);
#10409=AXIS2_PLACEMENT_3D('',#14856,#11643,#11644);
#10410=AXIS2_PLACEMENT_3D('',#14858,#11646,#11647);
#10411=AXIS2_PLACEMENT_3D('',#14859,#11648,#11649);
#10412=AXIS2_PLACEMENT_3D('',#14860,#11650,#11651);
#10413=AXIS2_PLACEMENT_3D('',#14863,#11652,#11653);
#10414=AXIS2_PLACEMENT_3D('',#14867,#11656,#11657);
#10415=AXIS2_PLACEMENT_3D('',#14870,#11658,#11659);
#10416=AXIS2_PLACEMENT_3D('',#14873,#11661,#11662);
#10417=AXIS2_PLACEMENT_3D('',#14875,#11664,#11665);
#10418=AXIS2_PLACEMENT_3D('',#14877,#11667,#11668);
#10419=AXIS2_PLACEMENT_3D('',#14879,#11670,#11671);
#10420=AXIS2_PLACEMENT_3D('',#14880,#11672,#11673);
#10421=AXIS2_PLACEMENT_3D('',#14887,#11677,#11678);
#10422=AXIS2_PLACEMENT_3D('',#14889,#11679,#11680);
#10423=AXIS2_PLACEMENT_3D('',#14890,#11681,#11682);
#10424=AXIS2_PLACEMENT_3D('',#14891,#11683,#11684);
#10425=AXIS2_PLACEMENT_3D('',#14893,#11686,#11687);
#10426=AXIS2_PLACEMENT_3D('',#14894,#11688,#11689);
#10427=AXIS2_PLACEMENT_3D('',#14905,#11695,#11696);
#10428=AXIS2_PLACEMENT_3D('',#14907,#11697,#11698);
#10429=AXIS2_PLACEMENT_3D('',#14908,#11699,#11700);
#10430=AXIS2_PLACEMENT_3D('',#14909,#11701,#11702);
#10431=AXIS2_PLACEMENT_3D('',#14910,#11703,#11704);
#10432=AXIS2_PLACEMENT_3D('',#14912,#11706,#11707);
#10433=AXIS2_PLACEMENT_3D('',#14913,#11708,#11709);
#10434=AXIS2_PLACEMENT_3D('',#14914,#11710,#11711);
#10435=AXIS2_PLACEMENT_3D('',#14921,#11715,#11716);
#10436=AXIS2_PLACEMENT_3D('',#14923,#11717,#11718);
#10437=AXIS2_PLACEMENT_3D('',#14924,#11719,#11720);
#10438=AXIS2_PLACEMENT_3D('',#14925,#11721,#11722);
#10439=AXIS2_PLACEMENT_3D('',#14927,#11724,#11725);
#10440=AXIS2_PLACEMENT_3D('',#14928,#11726,#11727);
#10441=AXIS2_PLACEMENT_3D('',#14932,#11729,#11730);
#10442=AXIS2_PLACEMENT_3D('',#14933,#11731,#11732);
#10443=AXIS2_PLACEMENT_3D('',#14941,#11737,#11738);
#10444=AXIS2_PLACEMENT_3D('',#14943,#11739,#11740);
#10445=AXIS2_PLACEMENT_3D('',#14944,#11741,#11742);
#10446=AXIS2_PLACEMENT_3D('',#14945,#11743,#11744);
#10447=AXIS2_PLACEMENT_3D('',#14947,#11746,#11747);
#10448=AXIS2_PLACEMENT_3D('',#14948,#11748,#11749);
#10449=AXIS2_PLACEMENT_3D('',#14951,#11750,#11751);
#10450=AXIS2_PLACEMENT_3D('',#14955,#11753,#11754);
#10451=AXIS2_PLACEMENT_3D('',#14957,#11756,#11757);
#10452=AXIS2_PLACEMENT_3D('',#14959,#11758,#11759);
#10453=AXIS2_PLACEMENT_3D('',#14963,#11761,#11762);
#10454=AXIS2_PLACEMENT_3D('',#14969,#11765,#11766);
#10455=AXIS2_PLACEMENT_3D('',#14972,#11768,#11769);
#10456=AXIS2_PLACEMENT_3D('',#14977,#11771,#11772);
#10457=AXIS2_PLACEMENT_3D('',#14980,#11774,#11775);
#10458=AXIS2_PLACEMENT_3D('',#14985,#11777,#11778);
#10459=AXIS2_PLACEMENT_3D('',#14988,#11780,#11781);
#10460=AXIS2_PLACEMENT_3D('',#14989,#11782,#11783);
#10461=AXIS2_PLACEMENT_3D('',#14992,#11785,#11786);
#10462=AXIS2_PLACEMENT_3D('',#14995,#11787,#11788);
#10463=AXIS2_PLACEMENT_3D('',#15016,#11789,#11790);
#10464=AXIS2_PLACEMENT_3D('',#15038,#11791,#11792);
#10465=AXIS2_PLACEMENT_3D('',#15060,#11793,#11794);
#10466=AXIS2_PLACEMENT_3D('',#15079,#11795,#11796);
#10467=AXIS2_PLACEMENT_3D('',#15080,#11797,#11798);
#10468=AXIS2_PLACEMENT_3D('',#15083,#11799,#11800);
#10469=AXIS2_PLACEMENT_3D('',#15099,#11808,#11809);
#10470=AXIS2_PLACEMENT_3D('',#15103,#11811,#11812);
#10471=AXIS2_PLACEMENT_3D('',#15104,#11813,#11814);
#10472=AXIS2_PLACEMENT_3D('',#15106,#11816,#11817);
#10473=AXIS2_PLACEMENT_3D('',#15110,#11819,#11820);
#10474=AXIS2_PLACEMENT_3D('',#15112,#11822,#11823);
#10475=AXIS2_PLACEMENT_3D('',#15115,#11824,#11825);
#10476=AXIS2_PLACEMENT_3D('',#15118,#11828,#11829);
#10477=AXIS2_PLACEMENT_3D('',#15139,#11831,#11832);
#10478=AXIS2_PLACEMENT_3D('',#15160,#11834,#11835);
#10479=AXIS2_PLACEMENT_3D('',#15164,#11837,#11838);
#10480=AXIS2_PLACEMENT_3D('',#15168,#11840,#11841);
#10481=AXIS2_PLACEMENT_3D('',#15172,#11843,#11844);
#10482=AXIS2_PLACEMENT_3D('',#15176,#11846,#11847);
#10483=AXIS2_PLACEMENT_3D('',#15180,#11849,#11850);
#10484=AXIS2_PLACEMENT_3D('',#15184,#11852,#11853);
#10485=AXIS2_PLACEMENT_3D('',#15188,#11855,#11856);
#10486=AXIS2_PLACEMENT_3D('',#15192,#11858,#11859);
#10487=AXIS2_PLACEMENT_3D('',#15196,#11861,#11862);
#10488=AXIS2_PLACEMENT_3D('',#15200,#11864,#11865);
#10489=AXIS2_PLACEMENT_3D('',#15204,#11867,#11868);
#10490=AXIS2_PLACEMENT_3D('',#15208,#11870,#11871);
#10491=AXIS2_PLACEMENT_3D('',#15211,#11873,#11874);
#10492=AXIS2_PLACEMENT_3D('',#15214,#11875,#11876);
#10493=AXIS2_PLACEMENT_3D('',#15218,#11878,#11879);
#10494=AXIS2_PLACEMENT_3D('',#15221,#11881,#11882);
#10495=AXIS2_PLACEMENT_3D('',#15261,#11883,#11884);
#10496=AXIS2_PLACEMENT_3D('',#15262,#11885,#11886);
#10497=AXIS2_PLACEMENT_3D('',#15264,#11888,#11889);
#10498=AXIS2_PLACEMENT_3D('',#15266,#11891,#11892);
#10499=AXIS2_PLACEMENT_3D('',#15267,#11893,#11894);
#10500=AXIS2_PLACEMENT_3D('',#15268,#11895,#11896);
#10501=AXIS2_PLACEMENT_3D('',#15273,#11899,#11900);
#10502=AXIS2_PLACEMENT_3D('',#15274,#11901,#11902);
#10503=AXIS2_PLACEMENT_3D('',#15279,#11905,#11906);
#10504=AXIS2_PLACEMENT_3D('',#15280,#11907,#11908);
#10505=AXIS2_PLACEMENT_3D('',#15285,#11911,#11912);
#10506=AXIS2_PLACEMENT_3D('',#15286,#11913,#11914);
#10507=AXIS2_PLACEMENT_3D('',#15292,#11918,#11919);
#10508=AXIS2_PLACEMENT_3D('',#15295,#11920,#11921);
#10509=AXIS2_PLACEMENT_3D('',#15298,#11924,#11925);
#10510=AXIS2_PLACEMENT_3D('',#15302,#11927,#11928);
#10511=AXIS2_PLACEMENT_3D('',#15304,#11930,#11931);
#10512=AXIS2_PLACEMENT_3D('',#15306,#11932,#11933);
#10513=AXIS2_PLACEMENT_3D('',#15308,#11935,#11936);
#10514=AXIS2_PLACEMENT_3D('',#15313,#11939,#11940);
#10515=AXIS2_PLACEMENT_3D('',#15314,#11941,#11942);
#10516=AXIS2_PLACEMENT_3D('',#15319,#11945,#11946);
#10517=AXIS2_PLACEMENT_3D('',#15320,#11947,#11948);
#10518=AXIS2_PLACEMENT_3D('',#15324,#11950,#11951);
#10519=AXIS2_PLACEMENT_3D('',#15326,#11953,#11954);
#10520=AXIS2_PLACEMENT_3D('',#15329,#11955,#11956);
#10521=AXIS2_PLACEMENT_3D('',#15332,#11959,#11960);
#10522=AXIS2_PLACEMENT_3D('',#15336,#11962,#11963);
#10523=AXIS2_PLACEMENT_3D('',#15338,#11965,#11966);
#10524=AXIS2_PLACEMENT_3D('',#15340,#11967,#11968);
#10525=AXIS2_PLACEMENT_3D('',#15342,#11970,#11971);
#10526=AXIS2_PLACEMENT_3D('',#15347,#11974,#11975);
#10527=AXIS2_PLACEMENT_3D('',#15348,#11976,#11977);
#10528=AXIS2_PLACEMENT_3D('',#15353,#11980,#11981);
#10529=AXIS2_PLACEMENT_3D('',#15354,#11982,#11983);
#10530=AXIS2_PLACEMENT_3D('',#15358,#11985,#11986);
#10531=AXIS2_PLACEMENT_3D('',#15360,#11988,#11989);
#10532=AXIS2_PLACEMENT_3D('',#15361,#11990,#11991);
#10533=AXIS2_PLACEMENT_3D('',#15362,#11992,#11993);
#10534=AXIS2_PLACEMENT_3D('',#15363,#11994,#11995);
#10535=AXIS2_PLACEMENT_3D('',#15364,#11996,#11997);
#10536=AXIS2_PLACEMENT_3D('',#15365,#11998,#11999);
#10537=AXIS2_PLACEMENT_3D('',#15366,#12000,#12001);
#10538=AXIS2_PLACEMENT_3D('',#15368,#12002,#12003);
#10539=AXIS2_PLACEMENT_3D('',#15370,#12004,#12005);
#10540=AXIS2_PLACEMENT_3D('',#15371,#12006,#12007);
#10541=AXIS2_PLACEMENT_3D('',#15373,#12008,#12009);
#10542=AXIS2_PLACEMENT_3D('',#15374,#12010,#12011);
#10543=AXIS2_PLACEMENT_3D('',#15375,#12012,#12013);
#10544=AXIS2_PLACEMENT_3D('',#15380,#12016,#12017);
#10545=AXIS2_PLACEMENT_3D('',#15385,#12019,#12020);
#10546=AXIS2_PLACEMENT_3D('',#15388,#12022,#12023);
#10547=AXIS2_PLACEMENT_3D('',#15393,#12025,#12026);
#10548=AXIS2_PLACEMENT_3D('',#15396,#12028,#12029);
#10549=AXIS2_PLACEMENT_3D('',#15401,#12031,#12032);
#10550=AXIS2_PLACEMENT_3D('',#15404,#12034,#12035);
#10551=AXIS2_PLACEMENT_3D('',#15406,#12036,#12037);
#10552=AXIS2_PLACEMENT_3D('',#15407,#12038,#12039);
#10553=AXIS2_PLACEMENT_3D('',#15409,#12041,#12042);
#10554=AXIS2_PLACEMENT_3D('',#15411,#12044,#12045);
#10555=AXIS2_PLACEMENT_3D('',#15412,#12046,#12047);
#10556=AXIS2_PLACEMENT_3D('',#15415,#12050,#12051);
#10557=AXIS2_PLACEMENT_3D('',#15417,#12053,#12054);
#10558=AXIS2_PLACEMENT_3D('',#15419,#12056,#12057);
#10559=AXIS2_PLACEMENT_3D('',#15420,#12058,#12059);
#10560=AXIS2_PLACEMENT_3D('',#15423,#12062,#12063);
#10561=AXIS2_PLACEMENT_3D('',#15425,#12065,#12066);
#10562=AXIS2_PLACEMENT_3D('',#15427,#12068,#12069);
#10563=AXIS2_PLACEMENT_3D('',#15428,#12070,#12071);
#10564=AXIS2_PLACEMENT_3D('',#15431,#12074,#12075);
#10565=AXIS2_PLACEMENT_3D('',#15433,#12077,#12078);
#10566=AXIS2_PLACEMENT_3D('',#15435,#12080,#12081);
#10567=AXIS2_PLACEMENT_3D('',#15436,#12082,#12083);
#10568=AXIS2_PLACEMENT_3D('',#15438,#12084,#12085);
#10569=AXIS2_PLACEMENT_3D('',#15440,#12086,#12087);
#10570=AXIS2_PLACEMENT_3D('',#15441,#12088,#12089);
#10571=AXIS2_PLACEMENT_3D('',#15442,#12090,#12091);
#10572=AXIS2_PLACEMENT_3D('',#15446,#12093,#12094);
#10573=AXIS2_PLACEMENT_3D('',#15447,#12095,#12096);
#10574=AXIS2_PLACEMENT_3D('',#15448,#12097,#12098);
#10575=AXIS2_PLACEMENT_3D('',#15450,#12099,#12100);
#10576=AXIS2_PLACEMENT_3D('',#15451,#12101,#12102);
#10577=AXIS2_PLACEMENT_3D('',#15452,#12103,#12104);
#10578=AXIS2_PLACEMENT_3D('',#15454,#12105,#12106);
#10579=AXIS2_PLACEMENT_3D('',#15455,#12107,#12108);
#10580=AXIS2_PLACEMENT_3D('',#15457,#12109,#12110);
#10581=AXIS2_PLACEMENT_3D('',#15459,#12112,#12113);
#10582=AXIS2_PLACEMENT_3D('',#15460,#12114,#12115);
#10583=AXIS2_PLACEMENT_3D('',#15464,#12117,#12118);
#10584=AXIS2_PLACEMENT_3D('',#15466,#12120,#12121);
#10585=AXIS2_PLACEMENT_3D('',#15468,#12123,#12124);
#10586=AXIS2_PLACEMENT_3D('',#15470,#12126,#12127);
#10587=AXIS2_PLACEMENT_3D('',#15474,#12129,#12130);
#10588=AXIS2_PLACEMENT_3D('',#15476,#12132,#12133);
#10589=AXIS2_PLACEMENT_3D('',#15480,#12135,#12136);
#10590=AXIS2_PLACEMENT_3D('',#15482,#12138,#12139);
#10591=AXIS2_PLACEMENT_3D('',#15483,#12140,#12141);
#10592=AXIS2_PLACEMENT_3D('',#15485,#12143,#12144);
#10593=AXIS2_PLACEMENT_3D('',#15487,#12146,#12147);
#10594=AXIS2_PLACEMENT_3D('',#15488,#12148,#12149);
#10595=AXIS2_PLACEMENT_3D('',#15490,#12151,#12152);
#10596=AXIS2_PLACEMENT_3D('',#15492,#12154,#12155);
#10597=AXIS2_PLACEMENT_3D('',#15493,#12156,#12157);
#10598=AXIS2_PLACEMENT_3D('',#15496,#12160,#12161);
#10599=AXIS2_PLACEMENT_3D('',#15497,#12162,#12163);
#10600=AXIS2_PLACEMENT_3D('',#15498,#12164,#12165);
#10601=AXIS2_PLACEMENT_3D('',#15500,#12167,#12168);
#10602=AXIS2_PLACEMENT_3D('',#15501,#12169,#12170);
#10603=AXIS2_PLACEMENT_3D('',#15504,#12173,#12174);
#10604=AXIS2_PLACEMENT_3D('',#15505,#12175,#12176);
#10605=AXIS2_PLACEMENT_3D('',#15506,#12177,#12178);
#10606=AXIS2_PLACEMENT_3D('',#15508,#12179,#12180);
#10607=AXIS2_PLACEMENT_3D('',#15510,#12182,#12183);
#10608=AXIS2_PLACEMENT_3D('',#15511,#12184,#12185);
#10609=AXIS2_PLACEMENT_3D('',#15515,#12187,#12188);
#10610=AXIS2_PLACEMENT_3D('',#15517,#12190,#12191);
#10611=AXIS2_PLACEMENT_3D('',#15521,#12194,#12195);
#10612=AXIS2_PLACEMENT_3D('',#15523,#12196,#12197);
#10613=AXIS2_PLACEMENT_3D('',#15525,#12199,#12200);
#10614=AXIS2_PLACEMENT_3D('',#15527,#12202,#12203);
#10615=AXIS2_PLACEMENT_3D('',#15528,#12204,#12205);
#10616=AXIS2_PLACEMENT_3D('',#15531,#12206,#12207);
#10617=AXIS2_PLACEMENT_3D('',#15534,#12210,#12211);
#10618=AXIS2_PLACEMENT_3D('',#15538,#12213,#12214);
#10619=AXIS2_PLACEMENT_3D('',#15553,#12222,#12223);
#10620=AXIS2_PLACEMENT_3D('',#15555,#12224,#12225);
#10621=AXIS2_PLACEMENT_3D('',#15556,#12226,#12227);
#10622=AXIS2_PLACEMENT_3D('',#15572,#12236,#12237);
#10623=AXIS2_PLACEMENT_3D('',#15578,#12241,#12242);
#10624=AXIS2_PLACEMENT_3D('',#15582,#12245,#12246);
#10625=AXIS2_PLACEMENT_3D('',#15584,#12248,#12249);
#10626=AXIS2_PLACEMENT_3D('',#15589,#12253,#12254);
#10627=AXIS2_PLACEMENT_3D('',#15590,#12255,#12256);
#10628=AXIS2_PLACEMENT_3D('',#15603,#12264,#12265);
#10629=AXIS2_PLACEMENT_3D('',#15605,#12267,#12268);
#10630=AXIS2_PLACEMENT_3D('',#15606,#12269,#12270);
#10631=AXIS2_PLACEMENT_3D('',#15609,#12271,#12272);
#10632=AXIS2_PLACEMENT_3D('',#15617,#12277,#12278);
#10633=AXIS2_PLACEMENT_3D('',#15624,#12281,#12282);
#10634=AXIS2_PLACEMENT_3D('',#15628,#12285,#12286);
#10635=AXIS2_PLACEMENT_3D('',#15637,#12290,#12291);
#10636=AXIS2_PLACEMENT_3D('',#15639,#12293,#12294);
#10637=AXIS2_PLACEMENT_3D('',#15650,#12299,#12300);
#10638=AXIS2_PLACEMENT_3D('',#15652,#12302,#12303);
#10639=AXIS2_PLACEMENT_3D('',#15659,#12306,#12307);
#10640=AXIS2_PLACEMENT_3D('',#15665,#12311,#12312);
#10641=AXIS2_PLACEMENT_3D('',#15672,#12316,#12317);
#10642=AXIS2_PLACEMENT_3D('',#15679,#12321,#12322);
#10643=AXIS2_PLACEMENT_3D('',#15686,#12326,#12327);
#10644=AXIS2_PLACEMENT_3D('',#15693,#12331,#12332);
#10645=AXIS2_PLACEMENT_3D('',#15700,#12336,#12337);
#10646=AXIS2_PLACEMENT_3D('',#15702,#12338,#12339);
#10647=AXIS2_PLACEMENT_3D('',#15703,#12340,#12341);
#10648=AXIS2_PLACEMENT_3D('',#15710,#12345,#12346);
#10649=AXIS2_PLACEMENT_3D('',#15712,#12347,#12348);
#10650=AXIS2_PLACEMENT_3D('',#15713,#12349,#12350);
#10651=AXIS2_PLACEMENT_3D('',#15718,#12353,#12354);
#10652=AXIS2_PLACEMENT_3D('',#15720,#12355,#12356);
#10653=AXIS2_PLACEMENT_3D('',#15721,#12357,#12358);
#10654=AXIS2_PLACEMENT_3D('',#15726,#12361,#12362);
#10655=AXIS2_PLACEMENT_3D('',#15728,#12363,#12364);
#10656=AXIS2_PLACEMENT_3D('',#15729,#12365,#12366);
#10657=AXIS2_PLACEMENT_3D('',#15749,#12376,#12377);
#10658=AXIS2_PLACEMENT_3D('',#15750,#12378,#12379);
#10659=AXIS2_PLACEMENT_3D('',#15757,#12383,#12384);
#10660=AXIS2_PLACEMENT_3D('',#15774,#12393,#12394);
#10661=AXIS2_PLACEMENT_3D('',#15780,#12397,#12398);
#10662=AXIS2_PLACEMENT_3D('',#15781,#12399,#12400);
#10663=AXIS2_PLACEMENT_3D('',#15792,#12405,#12406);
#10664=AXIS2_PLACEMENT_3D('',#15794,#12408,#12409);
#10665=AXIS2_PLACEMENT_3D('',#15797,#12410,#12411);
#10666=AXIS2_PLACEMENT_3D('',#15815,#12421,#12422);
#10667=AXIS2_PLACEMENT_3D('',#15818,#12423,#12424);
#10668=AXIS2_PLACEMENT_3D('',#15821,#12427,#12428);
#10669=AXIS2_PLACEMENT_3D('',#15826,#12430,#12431);
#10670=AXIS2_PLACEMENT_3D('',#15831,#12434,#12435);
#10671=AXIS2_PLACEMENT_3D('',#15836,#12438,#12439);
#10672=AXIS2_PLACEMENT_3D('',#15841,#12442,#12443);
#10673=AXIS2_PLACEMENT_3D('',#15860,#12453,#12454);
#10674=AXIS2_PLACEMENT_3D('',#15868,#12458,#12459);
#10675=AXIS2_PLACEMENT_3D('',#15880,#12465,#12466);
#10676=AXIS2_PLACEMENT_3D('',#15888,#12470,#12471);
#10677=AXIS2_PLACEMENT_3D('',#15904,#12479,#12480);
#10678=AXIS2_PLACEMENT_3D('',#15912,#12484,#12485);
#10679=AXIS2_PLACEMENT_3D('',#15991,#12525,#12526);
#10680=AXIS2_PLACEMENT_3D('',#15992,#12527,#12528);
#10681=AXIS2_PLACEMENT_3D('',#15994,#12529,#12530);
#10682=AXIS2_PLACEMENT_3D('',#15995,#12531,#12532);
#10683=AXIS2_PLACEMENT_3D('',#15998,#12535,#12536);
#10684=AXIS2_PLACEMENT_3D('',#16000,#12538,#12539);
#10685=AXIS2_PLACEMENT_3D('',#16001,#12540,#12541);
#10686=AXIS2_PLACEMENT_3D('',#16004,#12543,#12544);
#10687=AXIS2_PLACEMENT_3D('',#16006,#12545,#12546);
#10688=AXIS2_PLACEMENT_3D('',#16007,#12547,#12548);
#10689=AXIS2_PLACEMENT_3D('',#16009,#12549,#12550);
#10690=AXIS2_PLACEMENT_3D('',#16010,#12551,#12552);
#10691=AXIS2_PLACEMENT_3D('',#16012,#12553,#12554);
#10692=AXIS2_PLACEMENT_3D('',#16013,#12555,#12556);
#10693=AXIS2_PLACEMENT_3D('',#16015,#12558,#12559);
#10694=AXIS2_PLACEMENT_3D('',#16017,#12561,#12562);
#10695=AXIS2_PLACEMENT_3D('',#16018,#12563,#12564);
#10696=AXIS2_PLACEMENT_3D('',#16021,#12566,#12567);
#10697=AXIS2_PLACEMENT_3D('',#16022,#12568,#12569);
#10698=AXIS2_PLACEMENT_3D('',#16024,#12570,#12571);
#10699=AXIS2_PLACEMENT_3D('',#16025,#12572,#12573);
#10700=AXIS2_PLACEMENT_3D('',#16027,#12574,#12575);
#10701=AXIS2_PLACEMENT_3D('',#16029,#12577,#12578);
#10702=AXIS2_PLACEMENT_3D('',#16031,#12579,#12580);
#10703=AXIS2_PLACEMENT_3D('',#16032,#12581,#12582);
#10704=AXIS2_PLACEMENT_3D('',#16034,#12584,#12585);
#10705=AXIS2_PLACEMENT_3D('',#16036,#12586,#12587);
#10706=AXIS2_PLACEMENT_3D('',#16038,#12589,#12590);
#10707=AXIS2_PLACEMENT_3D('',#16040,#12591,#12592);
#10708=AXIS2_PLACEMENT_3D('',#16041,#12593,#12594);
#10709=AXIS2_PLACEMENT_3D('',#16043,#12595,#12596);
#10710=AXIS2_PLACEMENT_3D('',#16045,#12598,#12599);
#10711=AXIS2_PLACEMENT_3D('',#16047,#12600,#12601);
#10712=AXIS2_PLACEMENT_3D('',#16048,#12602,#12603);
#10713=AXIS2_PLACEMENT_3D('',#16050,#12605,#12606);
#10714=AXIS2_PLACEMENT_3D('',#16052,#12608,#12609);
#10715=AXIS2_PLACEMENT_3D('',#16054,#12611,#12612);
#10716=AXIS2_PLACEMENT_3D('',#16055,#12613,#12614);
#10717=AXIS2_PLACEMENT_3D('',#16057,#12616,#12617);
#10718=AXIS2_PLACEMENT_3D('',#16059,#12619,#12620);
#10719=AXIS2_PLACEMENT_3D('',#16060,#12621,#12622);
#10720=AXIS2_PLACEMENT_3D('',#16062,#12624,#12625);
#10721=AXIS2_PLACEMENT_3D('',#16064,#12627,#12628);
#10722=AXIS2_PLACEMENT_3D('',#16066,#12630,#12631);
#10723=AXIS2_PLACEMENT_3D('',#16067,#12632,#12633);
#10724=AXIS2_PLACEMENT_3D('',#16070,#12636,#12637);
#10725=AXIS2_PLACEMENT_3D('',#16072,#12639,#12640);
#10726=AXIS2_PLACEMENT_3D('',#16074,#12642,#12643);
#10727=AXIS2_PLACEMENT_3D('',#16076,#12645,#12646);
#10728=AXIS2_PLACEMENT_3D('',#16077,#12647,#12648);
#10729=AXIS2_PLACEMENT_3D('',#16080,#12651,#12652);
#10730=AXIS2_PLACEMENT_3D('',#16082,#12654,#12655);
#10731=AXIS2_PLACEMENT_3D('',#16084,#12657,#12658);
#10732=AXIS2_PLACEMENT_3D('',#16086,#12660,#12661);
#10733=AXIS2_PLACEMENT_3D('',#16087,#12662,#12663);
#10734=AXIS2_PLACEMENT_3D('',#16090,#12666,#12667);
#10735=AXIS2_PLACEMENT_3D('',#16092,#12668,#12669);
#10736=AXIS2_PLACEMENT_3D('',#16094,#12671,#12672);
#10737=AXIS2_PLACEMENT_3D('',#16095,#12673,#12674);
#10738=AXIS2_PLACEMENT_3D('',#16096,#12675,#12676);
#10739=AXIS2_PLACEMENT_3D('',#16098,#12677,#12678);
#10740=AXIS2_PLACEMENT_3D('',#16100,#12679,#12680);
#10741=AXIS2_PLACEMENT_3D('',#16101,#12681,#12682);
#10742=AXIS2_PLACEMENT_3D('',#16116,#12684,#12685);
#10743=AXIS2_PLACEMENT_3D('',#16118,#12686,#12687);
#10744=AXIS2_PLACEMENT_3D('',#16119,#12688,#12689);
#10745=AXIS2_PLACEMENT_3D('',#16120,#12690,#12691);
#10746=AXIS2_PLACEMENT_3D('',#16121,#12692,#12693);
#10747=AXIS2_PLACEMENT_3D('',#16123,#12694,#12695);
#10748=AXIS2_PLACEMENT_3D('',#16124,#12696,#12697);
#10749=AXIS2_PLACEMENT_3D('',#16125,#12698,#12699);
#10750=AXIS2_PLACEMENT_3D('',#16127,#12701,#12702);
#10751=AXIS2_PLACEMENT_3D('',#16129,#12704,#12705);
#10752=AXIS2_PLACEMENT_3D('',#16130,#12706,#12707);
#10753=AXIS2_PLACEMENT_3D('',#16133,#12710,#12711);
#10754=AXIS2_PLACEMENT_3D('',#16135,#12713,#12714);
#10755=AXIS2_PLACEMENT_3D('',#16137,#12716,#12717);
#10756=AXIS2_PLACEMENT_3D('',#16139,#12719,#12720);
#10757=AXIS2_PLACEMENT_3D('',#16140,#12721,#12722);
#10758=AXIS2_PLACEMENT_3D('',#16143,#12725,#12726);
#10759=AXIS2_PLACEMENT_3D('',#16145,#12728,#12729);
#10760=AXIS2_PLACEMENT_3D('',#16147,#12731,#12732);
#10761=AXIS2_PLACEMENT_3D('',#16149,#12733,#12734);
#10762=AXIS2_PLACEMENT_3D('',#16151,#12736,#12737);
#10763=AXIS2_PLACEMENT_3D('',#16152,#12738,#12739);
#10764=AXIS2_PLACEMENT_3D('',#16153,#12740,#12741);
#10765=AXIS2_PLACEMENT_3D('',#16154,#12742,#12743);
#10766=AXIS2_PLACEMENT_3D('',#16156,#12744,#12745);
#10767=AXIS2_PLACEMENT_3D('',#16158,#12746,#12747);
#10768=AXIS2_PLACEMENT_3D('',#16159,#12748,#12749);
#10769=AXIS2_PLACEMENT_3D('',#16160,#12750,#12751);
#10770=AXIS2_PLACEMENT_3D('',#16162,#12753,#12754);
#10771=AXIS2_PLACEMENT_3D('',#16163,#12755,#12756);
#10772=AXIS2_PLACEMENT_3D('',#16164,#12757,#12758);
#10773=AXIS2_PLACEMENT_3D('',#16167,#12761,#12762);
#10774=AXIS2_PLACEMENT_3D('',#16169,#12764,#12765);
#10775=AXIS2_PLACEMENT_3D('',#16171,#12767,#12768);
#10776=AXIS2_PLACEMENT_3D('',#16173,#12770,#12771);
#10777=AXIS2_PLACEMENT_3D('',#16175,#12773,#12774);
#10778=AXIS2_PLACEMENT_3D('',#16177,#12776,#12777);
#10779=AXIS2_PLACEMENT_3D('',#16179,#12779,#12780);
#10780=AXIS2_PLACEMENT_3D('',#16180,#12781,#12782);
#10781=AXIS2_PLACEMENT_3D('',#16181,#12783,#12784);
#10782=AXIS2_PLACEMENT_3D('',#16184,#12787,#12788);
#10783=AXIS2_PLACEMENT_3D('',#16186,#12790,#12791);
#10784=AXIS2_PLACEMENT_3D('',#16188,#12793,#12794);
#10785=AXIS2_PLACEMENT_3D('',#16190,#12796,#12797);
#10786=AXIS2_PLACEMENT_3D('',#16192,#12799,#12800);
#10787=AXIS2_PLACEMENT_3D('',#16194,#12802,#12803);
#10788=AXIS2_PLACEMENT_3D('',#16195,#12804,#12805);
#10789=AXIS2_PLACEMENT_3D('',#16198,#12808,#12809);
#10790=AXIS2_PLACEMENT_3D('',#16200,#12811,#12812);
#10791=AXIS2_PLACEMENT_3D('',#16202,#12814,#12815);
#10792=AXIS2_PLACEMENT_3D('',#16204,#12817,#12818);
#10793=AXIS2_PLACEMENT_3D('',#16206,#12820,#12821);
#10794=AXIS2_PLACEMENT_3D('',#16207,#12822,#12823);
#10795=AXIS2_PLACEMENT_3D('',#16210,#12826,#12827);
#10796=AXIS2_PLACEMENT_3D('',#16212,#12829,#12830);
#10797=AXIS2_PLACEMENT_3D('',#16214,#12832,#12833);
#10798=AXIS2_PLACEMENT_3D('',#16216,#12835,#12836);
#10799=AXIS2_PLACEMENT_3D('',#16218,#12838,#12839);
#10800=AXIS2_PLACEMENT_3D('',#16219,#12840,#12841);
#10801=AXIS2_PLACEMENT_3D('',#16222,#12844,#12845);
#10802=AXIS2_PLACEMENT_3D('',#16224,#12847,#12848);
#10803=AXIS2_PLACEMENT_3D('',#16225,#12849,#12850);
#10804=AXIS2_PLACEMENT_3D('',#16228,#12853,#12854);
#10805=AXIS2_PLACEMENT_3D('',#16230,#12856,#12857);
#10806=AXIS2_PLACEMENT_3D('',#16231,#12858,#12859);
#10807=AXIS2_PLACEMENT_3D('',#16234,#12862,#12863);
#10808=AXIS2_PLACEMENT_3D('',#16236,#12865,#12866);
#10809=AXIS2_PLACEMENT_3D('',#16237,#12867,#12868);
#10810=AXIS2_PLACEMENT_3D('',#16240,#12871,#12872);
#10811=AXIS2_PLACEMENT_3D('',#16242,#12874,#12875);
#10812=AXIS2_PLACEMENT_3D('',#16243,#12876,#12877);
#10813=AXIS2_PLACEMENT_3D('',#16249,#12881,#12882);
#10814=AXIS2_PLACEMENT_3D('',#16253,#12885,#12886);
#10815=AXIS2_PLACEMENT_3D('',#16257,#12889,#12890);
#10816=AXIS2_PLACEMENT_3D('',#16259,#12892,#12893);
#10817=AXIS2_PLACEMENT_3D('',#16260,#12894,#12895);
#10818=AXIS2_PLACEMENT_3D('',#16262,#12896,#12897);
#10819=AXIS2_PLACEMENT_3D('',#16264,#12899,#12900);
#10820=AXIS2_PLACEMENT_3D('',#16266,#12901,#12902);
#10821=AXIS2_PLACEMENT_3D('',#16267,#12903,#12904);
#10822=AXIS2_PLACEMENT_3D('',#16269,#12906,#12907);
#10823=AXIS2_PLACEMENT_3D('',#16271,#12908,#12909);
#10824=AXIS2_PLACEMENT_3D('',#16273,#12911,#12912);
#10825=AXIS2_PLACEMENT_3D('',#16276,#12914,#12915);
#10826=AXIS2_PLACEMENT_3D('',#16278,#12916,#12917);
#10827=AXIS2_PLACEMENT_3D('',#16280,#12919,#12920);
#10828=AXIS2_PLACEMENT_3D('',#16283,#12922,#12923);
#10829=AXIS2_PLACEMENT_3D('',#16285,#12924,#12925);
#10830=AXIS2_PLACEMENT_3D('',#16287,#12927,#12928);
#10831=AXIS2_PLACEMENT_3D('',#16290,#12930,#12931);
#10832=AXIS2_PLACEMENT_3D('',#16292,#12932,#12933);
#10833=AXIS2_PLACEMENT_3D('',#16294,#12935,#12936);
#10834=AXIS2_PLACEMENT_3D('',#16297,#12938,#12939);
#10835=AXIS2_PLACEMENT_3D('',#16299,#12940,#12941);
#10836=AXIS2_PLACEMENT_3D('',#16301,#12943,#12944);
#10837=AXIS2_PLACEMENT_3D('',#16304,#12946,#12947);
#10838=AXIS2_PLACEMENT_3D('',#16306,#12948,#12949);
#10839=AXIS2_PLACEMENT_3D('',#16308,#12951,#12952);
#10840=AXIS2_PLACEMENT_3D('',#16311,#12954,#12955);
#10841=AXIS2_PLACEMENT_3D('',#16314,#12956,#12957);
#10842=AXIS2_PLACEMENT_3D('',#16317,#12959,#12960);
#10843=AXIS2_PLACEMENT_3D('',#16318,#12961,#12962);
#10844=AXIS2_PLACEMENT_3D('',#16319,#12963,#12964);
#10845=AXIS2_PLACEMENT_3D('',#16321,#12965,#12966);
#10846=AXIS2_PLACEMENT_3D('',#16322,#12967,#12968);
#10847=AXIS2_PLACEMENT_3D('',#16323,#12969,#12970);
#10848=AXIS2_PLACEMENT_3D('',#16324,#12971,#12972);
#10849=AXIS2_PLACEMENT_3D('',#16325,#12973,#12974);
#10850=AXIS2_PLACEMENT_3D('',#16334,#12979,#12980);
#10851=AXIS2_PLACEMENT_3D('',#16358,#12992,#12993);
#10852=AXIS2_PLACEMENT_3D('',#16359,#12994,#12995);
#10853=AXIS2_PLACEMENT_3D('',#16381,#12997,#12998);
#10854=AXIS2_PLACEMENT_3D('',#16401,#13000,#13001);
#10855=AXIS2_PLACEMENT_3D('',#16402,#13002,#13003);
#10856=AXIS2_PLACEMENT_3D('',#16424,#13015,#13016);
#10857=AXIS2_PLACEMENT_3D('',#16426,#13018,#13019);
#10858=AXIS2_PLACEMENT_3D('',#16428,#13021,#13022);
#10859=AXIS2_PLACEMENT_3D('',#16430,#13024,#13025);
#10860=AXIS2_PLACEMENT_3D('',#16432,#13027,#13028);
#10861=AXIS2_PLACEMENT_3D('',#16434,#13030,#13031);
#10862=AXIS2_PLACEMENT_3D('',#16436,#13033,#13034);
#10863=AXIS2_PLACEMENT_3D('',#16438,#13036,#13037);
#10864=AXIS2_PLACEMENT_3D('',#16440,#13039,#13040);
#10865=AXIS2_PLACEMENT_3D('',#16442,#13042,#13043);
#10866=AXIS2_PLACEMENT_3D('',#16444,#13045,#13046);
#10867=AXIS2_PLACEMENT_3D('',#16445,#13047,#13048);
#10868=AXIS2_PLACEMENT_3D('',#16454,#13053,#13054);
#10869=AXIS2_PLACEMENT_3D('',#16478,#13066,#13067);
#10870=AXIS2_PLACEMENT_3D('',#16479,#13068,#13069);
#10871=AXIS2_PLACEMENT_3D('',#16501,#13071,#13072);
#10872=AXIS2_PLACEMENT_3D('',#16521,#13074,#13075);
#10873=AXIS2_PLACEMENT_3D('',#16522,#13076,#13077);
#10874=AXIS2_PLACEMENT_3D('',#16544,#13089,#13090);
#10875=AXIS2_PLACEMENT_3D('',#16546,#13092,#13093);
#10876=AXIS2_PLACEMENT_3D('',#16548,#13095,#13096);
#10877=AXIS2_PLACEMENT_3D('',#16550,#13098,#13099);
#10878=AXIS2_PLACEMENT_3D('',#16552,#13101,#13102);
#10879=AXIS2_PLACEMENT_3D('',#16554,#13104,#13105);
#10880=AXIS2_PLACEMENT_3D('',#16556,#13107,#13108);
#10881=AXIS2_PLACEMENT_3D('',#16558,#13110,#13111);
#10882=AXIS2_PLACEMENT_3D('',#16560,#13113,#13114);
#10883=AXIS2_PLACEMENT_3D('',#16562,#13116,#13117);
#10884=AXIS2_PLACEMENT_3D('',#16564,#13119,#13120);
#10885=AXIS2_PLACEMENT_3D('',#16565,#13121,#13122);
#10886=AXIS2_PLACEMENT_3D('',#16567,#13123,#13124);
#10887=AXIS2_PLACEMENT_3D('',#16570,#13126,#13127);
#10888=AXIS2_PLACEMENT_3D('',#16571,#13128,#13129);
#10889=AXIS2_PLACEMENT_3D('',#16573,#13130,#13131);
#10890=AXIS2_PLACEMENT_3D('',#16574,#13132,#13133);
#10891=AXIS2_PLACEMENT_3D('',#16576,#13134,#13135);
#10892=AXIS2_PLACEMENT_3D('',#16579,#13137,#13138);
#10893=AXIS2_PLACEMENT_3D('',#16580,#13139,#13140);
#10894=AXIS2_PLACEMENT_3D('',#16582,#13141,#13142);
#10895=AXIS2_PLACEMENT_3D('',#16583,#13143,#13144);
#10896=AXIS2_PLACEMENT_3D('',#16585,#13145,#13146);
#10897=AXIS2_PLACEMENT_3D('',#16588,#13148,#13149);
#10898=AXIS2_PLACEMENT_3D('',#16589,#13150,#13151);
#10899=AXIS2_PLACEMENT_3D('',#16591,#13152,#13153);
#10900=AXIS2_PLACEMENT_3D('',#16592,#13154,#13155);
#10901=AXIS2_PLACEMENT_3D('',#16594,#13156,#13157);
#10902=AXIS2_PLACEMENT_3D('',#16597,#13159,#13160);
#10903=AXIS2_PLACEMENT_3D('',#16598,#13161,#13162);
#10904=AXIS2_PLACEMENT_3D('',#16600,#13163,#13164);
#10905=AXIS2_PLACEMENT_3D('',#16601,#13165,#13166);
#10906=AXIS2_PLACEMENT_3D('',#16603,#13167,#13168);
#10907=AXIS2_PLACEMENT_3D('',#16606,#13170,#13171);
#10908=AXIS2_PLACEMENT_3D('',#16607,#13172,#13173);
#10909=AXIS2_PLACEMENT_3D('',#16609,#13174,#13175);
#10910=AXIS2_PLACEMENT_3D('',#16610,#13176,#13177);
#10911=AXIS2_PLACEMENT_3D('',#16612,#13178,#13179);
#10912=AXIS2_PLACEMENT_3D('',#16615,#13181,#13182);
#10913=AXIS2_PLACEMENT_3D('',#16616,#13183,#13184);
#10914=AXIS2_PLACEMENT_3D('',#16618,#13185,#13186);
#10915=AXIS2_PLACEMENT_3D('',#16619,#13187,#13188);
#10916=AXIS2_PLACEMENT_3D('',#16620,#13189,#13190);
#10917=AXIS2_PLACEMENT_3D('',#16622,#13191,#13192);
#10918=AXIS2_PLACEMENT_3D('',#16624,#13193,#13194);
#10919=AXIS2_PLACEMENT_3D('',#16625,#13195,#13196);
#10920=AXIS2_PLACEMENT_3D('',#16628,#13198,#13199);
#10921=AXIS2_PLACEMENT_3D('',#16629,#13200,#13201);
#10922=AXIS2_PLACEMENT_3D('',#16632,#13203,#13204);
#10923=AXIS2_PLACEMENT_3D('',#16633,#13205,#13206);
#10924=AXIS2_PLACEMENT_3D('',#16635,#13207,#13208);
#10925=AXIS2_PLACEMENT_3D('',#16636,#13209,#13210);
#10926=AXIS2_PLACEMENT_3D('',#16639,#13212,#13213);
#10927=AXIS2_PLACEMENT_3D('',#16640,#13214,#13215);
#10928=AXIS2_PLACEMENT_3D('',#16642,#13216,#13217);
#10929=AXIS2_PLACEMENT_3D('',#16643,#13218,#13219);
#10930=AXIS2_PLACEMENT_3D('',#16646,#13221,#13222);
#10931=AXIS2_PLACEMENT_3D('',#16647,#13223,#13224);
#10932=AXIS2_PLACEMENT_3D('',#16649,#13225,#13226);
#10933=AXIS2_PLACEMENT_3D('',#16650,#13227,#13228);
#10934=AXIS2_PLACEMENT_3D('',#16653,#13230,#13231);
#10935=AXIS2_PLACEMENT_3D('',#16654,#13232,#13233);
#10936=AXIS2_PLACEMENT_3D('',#16656,#13234,#13235);
#10937=AXIS2_PLACEMENT_3D('',#16657,#13236,#13237);
#10938=AXIS2_PLACEMENT_3D('',#16659,#13238,#13239);
#10939=AXIS2_PLACEMENT_3D('',#16661,#13241,#13242);
#10940=AXIS2_PLACEMENT_3D('',#16663,#13243,#13244);
#10941=AXIS2_PLACEMENT_3D('',#16664,#13245,#13246);
#10942=AXIS2_PLACEMENT_3D('',#16666,#13247,#13248);
#10943=AXIS2_PLACEMENT_3D('',#16668,#13250,#13251);
#10944=AXIS2_PLACEMENT_3D('',#16670,#13252,#13253);
#10945=AXIS2_PLACEMENT_3D('',#16672,#13255,#13256);
#10946=AXIS2_PLACEMENT_3D('',#16674,#13257,#13258);
#10947=AXIS2_PLACEMENT_3D('',#16676,#13260,#13261);
#10948=AXIS2_PLACEMENT_3D('',#16677,#13262,#13263);
#10949=AXIS2_PLACEMENT_3D('',#16678,#13264,#13265);
#10950=AXIS2_PLACEMENT_3D('',#16680,#13266,#13267);
#10951=AXIS2_PLACEMENT_3D('',#16683,#13269,#13270);
#10952=AXIS2_PLACEMENT_3D('',#16684,#13271,#13272);
#10953=AXIS2_PLACEMENT_3D('',#16686,#13273,#13274);
#10954=AXIS2_PLACEMENT_3D('',#16689,#13276,#13277);
#10955=AXIS2_PLACEMENT_3D('',#16690,#13278,#13279);
#10956=AXIS2_PLACEMENT_3D('',#16691,#13280,#13281);
#10957=AXIS2_PLACEMENT_3D('',#16692,#13282,#13283);
#10958=AXIS2_PLACEMENT_3D('',#16693,#13284,#13285);
#10959=AXIS2_PLACEMENT_3D('',#16695,#13286,#13287);
#10960=AXIS2_PLACEMENT_3D('',#16698,#13289,#13290);
#10961=AXIS2_PLACEMENT_3D('',#16699,#13291,#13292);
#10962=AXIS2_PLACEMENT_3D('',#16701,#13293,#13294);
#10963=AXIS2_PLACEMENT_3D('',#16704,#13296,#13297);
#10964=AXIS2_PLACEMENT_3D('',#16705,#13298,#13299);
#10965=AXIS2_PLACEMENT_3D('',#16706,#13300,#13301);
#10966=AXIS2_PLACEMENT_3D('',#16707,#13302,#13303);
#10967=AXIS2_PLACEMENT_3D('',#16708,#13304,#13305);
#10968=AXIS2_PLACEMENT_3D('',#16711,#13306,#13307);
#10969=AXIS2_PLACEMENT_3D('',#16715,#13309,#13310);
#10970=AXIS2_PLACEMENT_3D('',#16719,#13312,#13313);
#10971=AXIS2_PLACEMENT_3D('',#16723,#13315,#13316);
#10972=AXIS2_PLACEMENT_3D('',#16729,#13319,#13320);
#10973=AXIS2_PLACEMENT_3D('',#16732,#13322,#13323);
#10974=AXIS2_PLACEMENT_3D('',#16733,#13324,#13325);
#10975=AXIS2_PLACEMENT_3D('',#16744,#13332,#13333);
#10976=AXIS2_PLACEMENT_3D('',#16747,#13334,#13335);
#10977=AXIS2_PLACEMENT_3D('',#16751,#13337,#13338);
#10978=AXIS2_PLACEMENT_3D('',#16755,#13340,#13341);
#10979=AXIS2_PLACEMENT_3D('',#16759,#13343,#13344);
#10980=AXIS2_PLACEMENT_3D('',#16765,#13347,#13348);
#10981=AXIS2_PLACEMENT_3D('',#16768,#13350,#13351);
#10982=AXIS2_PLACEMENT_3D('',#16769,#13352,#13353);
#10983=AXIS2_PLACEMENT_3D('',#16777,#13359,#13360);
#10984=AXIS2_PLACEMENT_3D('',#16780,#13361,#13362);
#10985=AXIS2_PLACEMENT_3D('',#16784,#13364,#13365);
#10986=AXIS2_PLACEMENT_3D('',#16785,#13366,#13367);
#10987=AXIS2_PLACEMENT_3D('',#16786,#13368,#13369);
#10988=AXIS2_PLACEMENT_3D('',#16787,#13370,#13371);
#10989=AXIS2_PLACEMENT_3D('',#16789,#13372,#13373);
#10990=AXIS2_PLACEMENT_3D('',#16793,#13375,#13376);
#10991=AXIS2_PLACEMENT_3D('',#16794,#13377,#13378);
#10992=AXIS2_PLACEMENT_3D('',#16795,#13379,#13380);
#10993=AXIS2_PLACEMENT_3D('',#16798,#13381,#13382);
#10994=AXIS2_PLACEMENT_3D('',#16802,#13385,#13386);
#10995=AXIS2_PLACEMENT_3D('',#16805,#13387,#13388);
#10996=AXIS2_PLACEMENT_3D('',#16809,#13391,#13392);
#10997=AXIS2_PLACEMENT_3D('',#16812,#13393,#13394);
#10998=AXIS2_PLACEMENT_3D('',#16816,#13397,#13398);
#10999=AXIS2_PLACEMENT_3D('',#16821,#13400,#13401);
#11000=AXIS2_PLACEMENT_3D('',#16823,#13403,#13404);
#11001=AXIS2_PLACEMENT_3D('',#16828,#13406,#13407);
#11002=AXIS2_PLACEMENT_3D('',#16830,#13409,#13410);
#11003=AXIS2_PLACEMENT_3D('',#16835,#13412,#13413);
#11004=AXIS2_PLACEMENT_3D('',#16837,#13415,#13416);
#11005=AXIS2_PLACEMENT_3D('',#16842,#13418,#13419);
#11006=AXIS2_PLACEMENT_3D('',#16844,#13421,#13422);
#11007=AXIS2_PLACEMENT_3D('',#16847,#13423,#13424);
#11008=AXIS2_PLACEMENT_3D('',#16851,#13427,#13428);
#11009=AXIS2_PLACEMENT_3D('',#16860,#13433,#13434);
#11010=AXIS2_PLACEMENT_3D('',#16862,#13435,#13436);
#11011=AXIS2_PLACEMENT_3D('',#16866,#13438,#13439);
#11012=AXIS2_PLACEMENT_3D('',#16869,#13441,#13442);
#11013=AXIS2_PLACEMENT_3D('',#16870,#13443,#13444);
#11014=AXIS2_PLACEMENT_3D('',#16880,#13450,#13451);
#11015=AXIS2_PLACEMENT_3D('',#16882,#13452,#13453);
#11016=AXIS2_PLACEMENT_3D('',#16885,#13455,#13456);
#11017=AXIS2_PLACEMENT_3D('',#16886,#13457,#13458);
#11018=AXIS2_PLACEMENT_3D('',#16892,#13462,#13463);
#11019=AXIS2_PLACEMENT_3D('',#16893,#13464,#13465);
#11020=AXIS2_PLACEMENT_3D('',#16894,#13466,#13467);
#11021=AXIS2_PLACEMENT_3D('',#16895,#13468,#13469);
#11022=AXIS2_PLACEMENT_3D('',#16897,#13470,#13471);
#11023=AXIS2_PLACEMENT_3D('',#16900,#13473,#13474);
#11024=AXIS2_PLACEMENT_3D('',#16901,#13475,#13476);
#11025=AXIS2_PLACEMENT_3D('',#16907,#13480,#13481);
#11026=AXIS2_PLACEMENT_3D('',#16909,#13482,#13483);
#11027=AXIS2_PLACEMENT_3D('',#16912,#13485,#13486);
#11028=AXIS2_PLACEMENT_3D('',#16913,#13487,#13488);
#11029=AXIS2_PLACEMENT_3D('',#16915,#13489,#13490);
#11030=AXIS2_PLACEMENT_3D('',#16918,#13492,#13493);
#11031=AXIS2_PLACEMENT_3D('',#16919,#13494,#13495);
#11032=AXIS2_PLACEMENT_3D('',#16921,#13496,#13497);
#11033=AXIS2_PLACEMENT_3D('',#16924,#13499,#13500);
#11034=AXIS2_PLACEMENT_3D('',#16925,#13501,#13502);
#11035=AXIS2_PLACEMENT_3D('',#16927,#13503,#13504);
#11036=AXIS2_PLACEMENT_3D('',#16931,#13506,#13507);
#11037=AXIS2_PLACEMENT_3D('',#16934,#13509,#13510);
#11038=AXIS2_PLACEMENT_3D('',#16935,#13511,#13512);
#11039=AXIS2_PLACEMENT_3D('',#16936,#13513,#13514);
#11040=AXIS2_PLACEMENT_3D('',#16940,#13518,#13519);
#11041=AXIS2_PLACEMENT_3D('',#16944,#13523,#13524);
#11042=AXIS2_PLACEMENT_3D('',#16949,#13528,#13529);
#11043=AXIS2_PLACEMENT_3D('',#16952,#13532,#13533);
#11044=AXIS2_PLACEMENT_3D('',#16954,#13535,#13536);
#11045=AXIS2_PLACEMENT_3D('',#16958,#13540,#13541);
#11046=AXIS2_PLACEMENT_3D('',#16960,#13543,#13544);
#11047=AXIS2_PLACEMENT_3D('',#16964,#13547,#13548);
#11048=AXIS2_PLACEMENT_3D('',#16967,#13550,#13551);
#11049=AXIS2_PLACEMENT_3D('',#16968,#13552,#13553);
#11050=AXIS2_PLACEMENT_3D('',#16969,#13554,#13555);
#11051=AXIS2_PLACEMENT_3D('',#16970,#13556,#13557);
#11052=AXIS2_PLACEMENT_3D('',#16971,#13558,#13559);
#11053=AXIS2_PLACEMENT_3D('',#16972,#13560,#13561);
#11054=AXIS2_PLACEMENT_3D('',#16973,#13562,#13563);
#11055=AXIS2_PLACEMENT_3D('',#16974,#13564,#13565);
#11056=AXIS2_PLACEMENT_3D('',#16975,#13566,#13567);
#11057=AXIS2_PLACEMENT_3D('',#16976,#13568,#13569);
#11058=AXIS2_PLACEMENT_3D('',#16978,#13571,#13572);
#11059=AXIS2_PLACEMENT_3D('',#16981,#13574,#13575);
#11060=AXIS2_PLACEMENT_3D('',#16982,#13576,#13577);
#11061=AXIS2_PLACEMENT_3D('',#16983,#13578,#13579);
#11062=AXIS2_PLACEMENT_3D('',#16984,#13580,#13581);
#11063=AXIS2_PLACEMENT_3D('',#16985,#13582,#13583);
#11064=AXIS2_PLACEMENT_3D('',#16986,#13584,#13585);
#11065=AXIS2_PLACEMENT_3D('',#16987,#13586,#13587);
#11066=AXIS2_PLACEMENT_3D('',#16989,#13589,#13590);
#11067=AXIS2_PLACEMENT_3D('',#16990,#13591,#13592);
#11068=AXIS2_PLACEMENT_3D('',#16991,#13593,#13594);
#11069=AXIS2_PLACEMENT_3D('',#16992,#13595,#13596);
#11070=AXIS2_PLACEMENT_3D('',#16995,#13597,#13598);
#11071=AXIS2_PLACEMENT_3D('',#16999,#13600,#13601);
#11072=AXIS2_PLACEMENT_3D('',#17000,#13602,#13603);
#11073=AXIS2_PLACEMENT_3D('',#17001,#13604,#13605);
#11074=AXIS2_PLACEMENT_3D('',#17002,#13606,#13607);
#11075=AXIS2_PLACEMENT_3D('',#17004,#13609,#13610);
#11076=AXIS2_PLACEMENT_3D('',#17006,#13611,#13612);
#11077=AXIS2_PLACEMENT_3D('',#17007,#13613,#13614);
#11078=AXIS2_PLACEMENT_3D('',#17010,#13616,#13617);
#11079=AXIS2_PLACEMENT_3D('',#17011,#13618,#13619);
#11080=AXIS2_PLACEMENT_3D('',#17013,#13620,#13621);
#11081=AXIS2_PLACEMENT_3D('',#17014,#13622,#13623);
#11082=AXIS2_PLACEMENT_3D('',#17016,#13625,#13626);
#11083=AXIS2_PLACEMENT_3D('',#17018,#13627,#13628);
#11084=AXIS2_PLACEMENT_3D('',#17022,#13630,#13631);
#11085=AXIS2_PLACEMENT_3D('',#17023,#13632,#13633);
#11086=AXIS2_PLACEMENT_3D('',#17024,#13634,#13635);
#11087=AXIS2_PLACEMENT_3D('',#17026,#13636,#13637);
#11088=AXIS2_PLACEMENT_3D('',#17028,#13639,#13640);
#11089=AXIS2_PLACEMENT_3D('',#17030,#13642,#13643);
#11090=AXIS2_PLACEMENT_3D('',#17032,#13644,#13645);
#11091=AXIS2_PLACEMENT_3D('',#17033,#13646,#13647);
#11092=AXIS2_PLACEMENT_3D('',#17036,#13649,#13650);
#11093=AXIS2_PLACEMENT_3D('',#17037,#13651,#13652);
#11094=AXIS2_PLACEMENT_3D('',#17039,#13653,#13654);
#11095=AXIS2_PLACEMENT_3D('',#17040,#13655,#13656);
#11096=AXIS2_PLACEMENT_3D('',#17042,#13658,#13659);
#11097=AXIS2_PLACEMENT_3D('',#17048,#13663,#13664);
#11098=AXIS2_PLACEMENT_3D('',#17054,#13668,#13669);
#11099=AXIS2_PLACEMENT_3D('',#17056,#13671,#13672);
#11100=AXIS2_PLACEMENT_3D('',#17058,#13674,#13675);
#11101=AXIS2_PLACEMENT_3D('',#17060,#13676,#13677);
#11102=AXIS2_PLACEMENT_3D('',#17061,#13678,#13679);
#11103=AXIS2_PLACEMENT_3D('',#17067,#13683,#13684);
#11104=AXIS2_PLACEMENT_3D('',#17073,#13688,#13689);
#11105=AXIS2_PLACEMENT_3D('',#17075,#13691,#13692);
#11106=AXIS2_PLACEMENT_3D('',#17077,#13694,#13695);
#11107=AXIS2_PLACEMENT_3D('',#17079,#13696,#13697);
#11108=AXIS2_PLACEMENT_3D('',#17080,#13698,#13699);
#11109=AXIS2_PLACEMENT_3D('',#17086,#13703,#13704);
#11110=AXIS2_PLACEMENT_3D('',#17092,#13708,#13709);
#11111=AXIS2_PLACEMENT_3D('',#17094,#13711,#13712);
#11112=AXIS2_PLACEMENT_3D('',#17096,#13714,#13715);
#11113=AXIS2_PLACEMENT_3D('',#17098,#13716,#13717);
#11114=AXIS2_PLACEMENT_3D('',#17099,#13718,#13719);
#11115=AXIS2_PLACEMENT_3D('',#17105,#13723,#13724);
#11116=AXIS2_PLACEMENT_3D('',#17111,#13728,#13729);
#11117=AXIS2_PLACEMENT_3D('',#17113,#13731,#13732);
#11118=AXIS2_PLACEMENT_3D('',#17115,#13734,#13735);
#11119=AXIS2_PLACEMENT_3D('',#17117,#13736,#13737);
#11120=AXIS2_PLACEMENT_3D('',#17118,#13738,#13739);
#11121=AXIS2_PLACEMENT_3D('',#17121,#13741,#13742);
#11122=AXIS2_PLACEMENT_3D('',#17122,#13743,#13744);
#11123=AXIS2_PLACEMENT_3D('',#17123,#13745,#13746);
#11124=AXIS2_PLACEMENT_3D('',#17126,#13748,#13749);
#11125=AXIS2_PLACEMENT_3D('',#17127,#13750,#13751);
#11126=AXIS2_PLACEMENT_3D('',#17128,#13752,#13753);
#11127=AXIS2_PLACEMENT_3D('',#17131,#13755,#13756);
#11128=AXIS2_PLACEMENT_3D('',#17132,#13757,#13758);
#11129=AXIS2_PLACEMENT_3D('',#17133,#13759,#13760);
#11130=AXIS2_PLACEMENT_3D('',#17136,#13762,#13763);
#11131=AXIS2_PLACEMENT_3D('',#17137,#13764,#13765);
#11132=AXIS2_PLACEMENT_3D('',#17138,#13766,#13767);
#11133=AXIS2_PLACEMENT_3D('',#17139,#13768,#13769);
#11134=AXIS2_PLACEMENT_3D('',#17141,#13770,#13771);
#11135=AXIS2_PLACEMENT_3D('',#17144,#13773,#13774);
#11136=AXIS2_PLACEMENT_3D('',#17145,#13775,#13776);
#11137=AXIS2_PLACEMENT_3D('',#17147,#13777,#13778);
#11138=AXIS2_PLACEMENT_3D('',#17150,#13780,#13781);
#11139=AXIS2_PLACEMENT_3D('',#17151,#13782,#13783);
#11140=AXIS2_PLACEMENT_3D('',#17152,#13784,#13785);
#11141=AXIS2_PLACEMENT_3D('',#17153,#13786,#13787);
#11142=AXIS2_PLACEMENT_3D('',#17154,#13788,#13789);
#11143=AXIS2_PLACEMENT_3D('',#17157,#13790,#13791);
#11144=AXIS2_PLACEMENT_3D('',#17161,#13793,#13794);
#11145=AXIS2_PLACEMENT_3D('',#17165,#13796,#13797);
#11146=AXIS2_PLACEMENT_3D('',#17167,#13799,#13800);
#11147=AXIS2_PLACEMENT_3D('',#17171,#13802,#13803);
#11148=AXIS2_PLACEMENT_3D('',#17173,#13805,#13806);
#11149=AXIS2_PLACEMENT_3D('',#17177,#13809,#13810);
#11150=AXIS2_PLACEMENT_3D('',#17192,#13818,#13819);
#11151=AXIS2_PLACEMENT_3D('',#17193,#13820,#13821);
#11152=AXIS2_PLACEMENT_3D('',#17197,#13823,#13824);
#11153=AXIS2_PLACEMENT_3D('',#17199,#13826,#13827);
#11154=AXIS2_PLACEMENT_3D('',#17202,#13828,#13829);
#11155=AXIS2_PLACEMENT_3D('',#17206,#13831,#13832);
#11156=AXIS2_PLACEMENT_3D('',#17209,#13834,#13835);
#11157=AXIS2_PLACEMENT_3D('',#17210,#13836,#13837);
#11158=AXIS2_PLACEMENT_3D('',#17218,#13842,#13843);
#11159=AXIS2_PLACEMENT_3D('',#17220,#13844,#13845);
#11160=AXIS2_PLACEMENT_3D('',#17223,#13847,#13848);
#11161=AXIS2_PLACEMENT_3D('',#17224,#13849,#13850);
#11162=AXIS2_PLACEMENT_3D('',#17227,#13852,#13853);
#11163=AXIS2_PLACEMENT_3D('',#17228,#13854,#13855);
#11164=AXIS2_PLACEMENT_3D('',#17231,#13856,#13857);
#11165=AXIS2_PLACEMENT_3D('',#17235,#13859,#13860);
#11166=AXIS2_PLACEMENT_3D('',#17239,#13862,#13863);
#11167=AXIS2_PLACEMENT_3D('',#17250,#13870,#13871);
#11168=AXIS2_PLACEMENT_3D('',#17252,#13872,#13873);
#11169=AXIS2_PLACEMENT_3D('',#17254,#13874,#13875);
#11170=AXIS2_PLACEMENT_3D('',#17256,#13876,#13877);
#11171=AXIS2_PLACEMENT_3D('',#17258,#13878,#13879);
#11172=AXIS2_PLACEMENT_3D('',#17260,#13880,#13881);
#11173=AXIS2_PLACEMENT_3D('',#17261,#13882,#13883);
#11174=AXIS2_PLACEMENT_3D('',#17264,#13885,#13886);
#11175=AXIS2_PLACEMENT_3D('',#17265,#13887,#13888);
#11176=AXIS2_PLACEMENT_3D('',#17268,#13890,#13891);
#11177=AXIS2_PLACEMENT_3D('',#17269,#13892,#13893);
#11178=AXIS2_PLACEMENT_3D('',#17271,#13894,#13895);
#11179=AXIS2_PLACEMENT_3D('',#17274,#13897,#13898);
#11180=AXIS2_PLACEMENT_3D('',#17275,#13899,#13900);
#11181=AXIS2_PLACEMENT_3D('',#17276,#13901,#13902);
#11182=AXIS2_PLACEMENT_3D('',#17297,#13913,#13914);
#11183=AXIS2_PLACEMENT_3D('',#17306,#13919,#13920);
#11184=AXIS2_PLACEMENT_3D('',#17312,#13924,#13925);
#11185=AXIS2_PLACEMENT_3D('',#17316,#13928,#13929);
#11186=AXIS2_PLACEMENT_3D('',#17329,#13937,#13938);
#11187=AXIS2_PLACEMENT_3D('',#17338,#13943,#13944);
#11188=AXIS2_PLACEMENT_3D('',#17344,#13948,#13949);
#11189=AXIS2_PLACEMENT_3D('',#17350,#13953,#13954);
#11190=AXIS2_PLACEMENT_3D('',#17363,#13962,#13963);
#11191=AXIS2_PLACEMENT_3D('',#17366,#13966,#13967);
#11192=AXIS2_PLACEMENT_3D('',#17368,#13969,#13970);
#11193=AXIS2_PLACEMENT_3D('',#17371,#13973,#13974);
#11194=AXIS2_PLACEMENT_3D('',#17373,#13976,#13977);
#11195=AXIS2_PLACEMENT_3D('',#17374,#13978,#13979);
#11196=AXIS2_PLACEMENT_3D('',#17376,#13981,#13982);
#11197=AXIS2_PLACEMENT_3D('',#17379,#13985,#13986);
#11198=AXIS2_PLACEMENT_3D('',#17381,#13988,#13989);
#11199=AXIS2_PLACEMENT_3D('',#17383,#13991,#13992);
#11200=AXIS2_PLACEMENT_3D('',#17385,#13994,#13995);
#11201=AXIS2_PLACEMENT_3D('',#17387,#13997,#13998);
#11202=AXIS2_PLACEMENT_3D('',#17388,#13999,#14000);
#11203=AXIS2_PLACEMENT_3D('',#17395,#14005,#14006);
#11204=AXIS2_PLACEMENT_3D('',#17401,#14009,#14010);
#11205=AXIS2_PLACEMENT_3D('',#17404,#14012,#14013);
#11206=AXIS2_PLACEMENT_3D('',#17406,#14014,#14015);
#11207=AXIS2_PLACEMENT_3D('',#17407,#14016,#14017);
#11208=AXIS2_PLACEMENT_3D('',#17409,#14019,#14020);
#11209=AXIS2_PLACEMENT_3D('',#17410,#14021,#14022);
#11210=AXIS2_PLACEMENT_3D('',#17413,#14025,#14026);
#11211=AXIS2_PLACEMENT_3D('',#17414,#14027,#14028);
#11212=AXIS2_PLACEMENT_3D('',#17417,#14031,#14032);
#11213=AXIS2_PLACEMENT_3D('',#17418,#14033,#14034);
#11214=AXIS2_PLACEMENT_3D('',#17421,#14035,#14036);
#11215=AXIS2_PLACEMENT_3D('',#17424,#14039,#14040);
#11216=AXIS2_PLACEMENT_3D('',#17428,#14042,#14043);
#11217=AXIS2_PLACEMENT_3D('',#17435,#14047,#14048);
#11218=AXIS2_PLACEMENT_3D('',#17437,#14049,#14050);
#11219=AXIS2_PLACEMENT_3D('',#17438,#14051,#14052);
#11220=AXIS2_PLACEMENT_3D('',#17440,#14054,#14055);
#11221=AXIS2_PLACEMENT_3D('',#17442,#14057,#14058);
#11222=AXIS2_PLACEMENT_3D('',#17445,#14061,#14062);
#11223=AXIS2_PLACEMENT_3D('',#17447,#14064,#14065);
#11224=AXIS2_PLACEMENT_3D('',#17449,#14067,#14068);
#11225=AXIS2_PLACEMENT_3D('',#17451,#14070,#14071);
#11226=AXIS2_PLACEMENT_3D('',#17453,#14073,#14074);
#11227=AXIS2_PLACEMENT_3D('',#17454,#14075,#14076);
#11228=AXIS2_PLACEMENT_3D('',#17455,#14077,#14078);
#11229=AXIS2_PLACEMENT_3D('',#17456,#14079,#14080);
#11230=AXIS2_PLACEMENT_3D('',#17458,#14081,#14082);
#11231=AXIS2_PLACEMENT_3D('',#17461,#14084,#14085);
#11232=AXIS2_PLACEMENT_3D('',#17462,#14086,#14087);
#11233=AXIS2_PLACEMENT_3D('',#17464,#14088,#14089);
#11234=AXIS2_PLACEMENT_3D('',#17467,#14091,#14092);
#11235=AXIS2_PLACEMENT_3D('',#17468,#14093,#14094);
#11236=AXIS2_PLACEMENT_3D('',#17469,#14095,#14096);
#11237=AXIS2_PLACEMENT_3D('',#17470,#14097,#14098);
#11238=AXIS2_PLACEMENT_3D('',#17471,#14099,#14100);
#11239=AXIS2_PLACEMENT_3D('',#17473,#14101,#14102);
#11240=AXIS2_PLACEMENT_3D('',#17476,#14104,#14105);
#11241=AXIS2_PLACEMENT_3D('',#17477,#14106,#14107);
#11242=AXIS2_PLACEMENT_3D('',#17479,#14108,#14109);
#11243=AXIS2_PLACEMENT_3D('',#17482,#14111,#14112);
#11244=AXIS2_PLACEMENT_3D('',#17483,#14113,#14114);
#11245=AXIS2_PLACEMENT_3D('',#17484,#14115,#14116);
#11246=AXIS2_PLACEMENT_3D('',#17485,#14117,#14118);
#11247=AXIS2_PLACEMENT_3D('',#17486,#14119,#14120);
#11248=AXIS2_PLACEMENT_3D('',#17488,#14121,#14122);
#11249=AXIS2_PLACEMENT_3D('',#17491,#14124,#14125);
#11250=AXIS2_PLACEMENT_3D('',#17492,#14126,#14127);
#11251=AXIS2_PLACEMENT_3D('',#17494,#14128,#14129);
#11252=AXIS2_PLACEMENT_3D('',#17497,#14131,#14132);
#11253=AXIS2_PLACEMENT_3D('',#17498,#14133,#14134);
#11254=AXIS2_PLACEMENT_3D('',#17499,#14135,#14136);
#11255=AXIS2_PLACEMENT_3D('',#17500,#14137,#14138);
#11256=AXIS2_PLACEMENT_3D('',#17501,#14139,#14140);
#11257=AXIS2_PLACEMENT_3D('',#17503,#14141,#14142);
#11258=AXIS2_PLACEMENT_3D('',#17506,#14144,#14145);
#11259=AXIS2_PLACEMENT_3D('',#17507,#14146,#14147);
#11260=AXIS2_PLACEMENT_3D('',#17509,#14148,#14149);
#11261=AXIS2_PLACEMENT_3D('',#17512,#14151,#14152);
#11262=AXIS2_PLACEMENT_3D('',#17513,#14153,#14154);
#11263=AXIS2_PLACEMENT_3D('',#17515,#14155,#14156);
#11264=AXIS2_PLACEMENT_3D('',#17518,#14158,#14159);
#11265=AXIS2_PLACEMENT_3D('',#17519,#14160,#14161);
#11266=AXIS2_PLACEMENT_3D('',#17521,#14162,#14163);
#11267=AXIS2_PLACEMENT_3D('',#17524,#14165,#14166);
#11268=AXIS2_PLACEMENT_3D('',#17525,#14167,#14168);
#11269=AXIS2_PLACEMENT_3D('',#17527,#14169,#14170);
#11270=AXIS2_PLACEMENT_3D('',#17529,#14171,#14172);
#11271=AXIS2_PLACEMENT_3D('',#17530,#14173,#14174);
#11272=AXIS2_PLACEMENT_3D('',#17533,#14176,#14177);
#11273=AXIS2_PLACEMENT_3D('',#17534,#14178,#14179);
#11274=AXIS2_PLACEMENT_3D('',#17536,#14180,#14181);
#11275=AXIS2_PLACEMENT_3D('',#17537,#14182,#14183);
#11276=AXIS2_PLACEMENT_3D('',#17540,#14185,#14186);
#11277=AXIS2_PLACEMENT_3D('',#17541,#14187,#14188);
#11278=AXIS2_PLACEMENT_3D('',#17544,#14190,#14191);
#11279=AXIS2_PLACEMENT_3D('',#17545,#14192,#14193);
#11280=AXIS2_PLACEMENT_3D('',#17547,#14194,#14195);
#11281=AXIS2_PLACEMENT_3D('',#17548,#14196,#14197);
#11282=AXIS2_PLACEMENT_3D('',#17550,#14198,#14199);
#11283=AXIS2_PLACEMENT_3D('',#17552,#14201,#14202);
#11284=AXIS2_PLACEMENT_3D('',#17554,#14203,#14204);
#11285=AXIS2_PLACEMENT_3D('',#17556,#14206,#14207);
#11286=AXIS2_PLACEMENT_3D('',#17558,#14208,#14209);
#11287=AXIS2_PLACEMENT_3D('',#17559,#14210,#14211);
#11288=AXIS2_PLACEMENT_3D('',#17561,#14213,#14214);
#11289=AXIS2_PLACEMENT_3D('',#17562,#14215,#14216);
#11290=AXIS2_PLACEMENT_3D('',#17563,#14217,#14218);
#11291=AXIS2_PLACEMENT_3D('',#17565,#14219,#14220);
#11292=AXIS2_PLACEMENT_3D('',#17568,#14222,#14223);
#11293=AXIS2_PLACEMENT_3D('',#17569,#14224,#14225);
#11294=AXIS2_PLACEMENT_3D('',#17571,#14226,#14227);
#11295=AXIS2_PLACEMENT_3D('',#17573,#14228,#14229);
#11296=AXIS2_PLACEMENT_3D('',#17575,#14230,#14231);
#11297=AXIS2_PLACEMENT_3D('',#17577,#14232,#14233);
#11298=AXIS2_PLACEMENT_3D('',#17579,#14234,#14235);
#11299=AXIS2_PLACEMENT_3D('',#17580,#14236,#14237);
#11300=AXIS2_PLACEMENT_3D('',#17582,#14238,#14239);
#11301=AXIS2_PLACEMENT_3D('',#17583,#14240,#14241);
#11302=AXIS2_PLACEMENT_3D('',#17585,#14242,#14243);
#11303=AXIS2_PLACEMENT_3D('',#17587,#14245,#14246);
#11304=AXIS2_PLACEMENT_3D('',#17590,#14248,#14249);
#11305=AXIS2_PLACEMENT_3D('',#17591,#14250,#14251);
#11306=AXIS2_PLACEMENT_3D('',#17594,#14253,#14254);
#11307=AXIS2_PLACEMENT_3D('',#17595,#14255,#14256);
#11308=AXIS2_PLACEMENT_3D('',#17598,#14258,#14259);
#11309=AXIS2_PLACEMENT_3D('',#17599,#14260,#14261);
#11310=AXIS2_PLACEMENT_3D('',#17602,#14263,#14264);
#11311=AXIS2_PLACEMENT_3D('',#17603,#14265,#14266);
#11312=AXIS2_PLACEMENT_3D('',#17606,#14268,#14269);
#11313=AXIS2_PLACEMENT_3D('',#17607,#14270,#14271);
#11314=AXIS2_PLACEMENT_3D('',#17608,#14272,#14273);
#11315=AXIS2_PLACEMENT_3D('',#17609,#14274,#14275);
#11316=AXIS2_PLACEMENT_3D('',#17610,#14276,#14277);
#11317=AXIS2_PLACEMENT_3D('',#17611,#14278,#14279);
#11318=AXIS2_PLACEMENT_3D('',#17612,#14280,#14281);
#11319=AXIS2_PLACEMENT_3D('',#17613,#14282,#14283);
#11320=AXIS2_PLACEMENT_3D('',#17614,#14284,#14285);
#11321=AXIS2_PLACEMENT_3D('',#17615,#14286,#14287);
#11322=AXIS2_PLACEMENT_3D('',#17616,#14288,#14289);
#11323=AXIS2_PLACEMENT_3D('',#17617,#14290,#14291);
#11324=AXIS2_PLACEMENT_3D('',#17618,#14292,#14293);
#11325=AXIS2_PLACEMENT_3D('',#17619,#14294,#14295);
#11326=AXIS2_PLACEMENT_3D('',#17620,#14296,#14297);
#11327=AXIS2_PLACEMENT_3D('',#17621,#14298,#14299);
#11328=AXIS2_PLACEMENT_3D('',#17622,#14300,#14301);
#11329=DIRECTION('axis',(0.,0.,1.));
#11330=DIRECTION('refdir',(1.,0.,0.));
#11331=DIRECTION('axis',(0.,0.,1.));
#11332=DIRECTION('refdir',(1.,0.,0.));
#11333=DIRECTION('axis',(0.,0.,1.));
#11334=DIRECTION('refdir',(1.,0.,0.));
#11335=DIRECTION('center_axis',(0.,-1.,0.));
#11336=DIRECTION('ref_axis',(-1.,0.,1.93716910436791E-15));
#11337=DIRECTION('center_axis',(0.707106781186548,-0.707106781186548,0.));
#11338=DIRECTION('ref_axis',(-0.707106781186547,-0.707106781186547,1.36978541000362E-15));
#11339=DIRECTION('center_axis',(-0.707106781186548,-0.707106781186548,0.));
#11340=DIRECTION('ref_axis',(-0.707106781186547,0.707106781186547,-9.8535327802204E-16));
#11341=DIRECTION('',(0.,-1.,0.));
#11342=DIRECTION('center_axis',(0.,-1.,0.));
#11343=DIRECTION('ref_axis',(0.,0.,-1.));
#11344=DIRECTION('center_axis',(-0.707106781186548,-0.707106781186548,0.));
#11345=DIRECTION('ref_axis',(-0.707106781186547,0.707106781186547,-9.8535327802204E-16));
#11346=DIRECTION('center_axis',(0.707106781186548,-0.707106781186548,0.));
#11347=DIRECTION('ref_axis',(-0.707106781186547,-0.707106781186547,1.36978541000362E-15));
#11348=DIRECTION('center_axis',(0.,-1.,0.));
#11349=DIRECTION('ref_axis',(0.,0.,-1.));
#11350=DIRECTION('center_axis',(0.,-1.,0.));
#11351=DIRECTION('ref_axis',(0.,0.,-1.));
#11352=DIRECTION('center_axis',(1.,0.,0.));
#11353=DIRECTION('ref_axis',(0.,1.,-1.39349996950756E-15));
#11354=DIRECTION('center_axis',(1.,0.,0.));
#11355=DIRECTION('ref_axis',(0.,0.,-1.));
#11356=DIRECTION('',(1.,0.,0.));
#11357=DIRECTION('',(1.,0.,0.));
#11358=DIRECTION('center_axis',(1.,0.,0.));
#11359=DIRECTION('ref_axis',(0.,0.,-1.));
#11360=DIRECTION('center_axis',(-1.,0.,0.));
#11361=DIRECTION('ref_axis',(0.,0.,1.));
#11362=DIRECTION('center_axis',(1.,0.,0.));
#11363=DIRECTION('ref_axis',(0.,0.,-1.));
#11364=DIRECTION('center_axis',(1.,0.,0.));
#11365=DIRECTION('ref_axis',(0.,-1.,-6.12323399573677E-17));
#11366=DIRECTION('center_axis',(1.,0.,0.));
#11367=DIRECTION('ref_axis',(0.,0.,-1.));
#11368=DIRECTION('',(1.,0.,0.));
#11369=DIRECTION('center_axis',(1.,0.,0.));
#11370=DIRECTION('ref_axis',(0.,0.,-1.));
#11371=DIRECTION('center_axis',(1.,0.,0.));
#11372=DIRECTION('ref_axis',(0.,0.309016994374948,-0.951056516295154));
#11373=DIRECTION('center_axis',(1.,0.,0.));
#11374=DIRECTION('ref_axis',(0.,0.,-1.));
#11375=DIRECTION('center_axis',(0.,-0.951056516295154,-0.309016994374948));
#11376=DIRECTION('ref_axis',(0.,-0.309016994374948,0.951056516295154));
#11377=DIRECTION('center_axis',(1.,0.,0.));
#11378=DIRECTION('ref_axis',(0.,0.,-1.));
#11379=DIRECTION('center_axis',(1.,0.,0.));
#11380=DIRECTION('ref_axis',(0.,0.,-1.));
#11381=DIRECTION('center_axis',(1.,0.,0.));
#11382=DIRECTION('ref_axis',(0.,0.,-1.));
#11383=DIRECTION('center_axis',(1.,0.,0.));
#11384=DIRECTION('ref_axis',(0.,-1.,-6.12323399573677E-17));
#11385=DIRECTION('center_axis',(1.,0.,0.));
#11386=DIRECTION('ref_axis',(0.,0.,-1.));
#11387=DIRECTION('center_axis',(1.,0.,0.));
#11388=DIRECTION('ref_axis',(0.,0.,-1.));
#11389=DIRECTION('',(-0.175033334717493,-0.984562507785907,-1.80861198558075E-16));
#11390=DIRECTION('center_axis',(1.,0.,0.));
#11391=DIRECTION('ref_axis',(0.,1.,-6.12323399573677E-17));
#11392=DIRECTION('center_axis',(1.,0.,0.));
#11393=DIRECTION('ref_axis',(0.,0.,-1.));
#11394=DIRECTION('',(-1.,0.,0.));
#11395=DIRECTION('center_axis',(-1.,0.,0.));
#11396=DIRECTION('ref_axis',(0.,0.,1.));
#11397=DIRECTION('center_axis',(1.,0.,0.));
#11398=DIRECTION('ref_axis',(0.,0.,-1.));
#11399=DIRECTION('center_axis',(1.,0.,0.));
#11400=DIRECTION('ref_axis',(0.,-1.,-6.12323399573677E-17));
#11401=DIRECTION('center_axis',(1.,0.,0.));
#11402=DIRECTION('ref_axis',(0.,0.,-1.));
#11403=DIRECTION('',(-1.,0.,0.));
#11404=DIRECTION('center_axis',(1.,0.,0.));
#11405=DIRECTION('ref_axis',(0.,0.,-1.));
#11406=DIRECTION('center_axis',(1.,0.,0.));
#11407=DIRECTION('ref_axis',(0.,0.,-1.));
#11408=DIRECTION('center_axis',(1.,0.,0.));
#11409=DIRECTION('ref_axis',(0.,-1.,-6.12323399573677E-17));
#11410=DIRECTION('center_axis',(1.,0.,0.));
#11411=DIRECTION('ref_axis',(0.,0.,-1.));
#11412=DIRECTION('center_axis',(1.,0.,0.));
#11413=DIRECTION('ref_axis',(0.,0.,-1.));
#11414=DIRECTION('',(-0.173648177667207,-0.984807753012159,-1.80906249375276E-16));
#11415=DIRECTION('center_axis',(1.,0.,0.));
#11416=DIRECTION('ref_axis',(0.,1.,-6.12323399573677E-17));
#11417=DIRECTION('center_axis',(1.,0.,0.));
#11418=DIRECTION('ref_axis',(0.,0.,-1.));
#11419=DIRECTION('',(-1.,0.,0.));
#11420=DIRECTION('center_axis',(1.,0.,0.));
#11421=DIRECTION('ref_axis',(0.,0.,-1.));
#11422=DIRECTION('center_axis',(1.,0.,0.));
#11423=DIRECTION('ref_axis',(0.,0.,-1.));
#11424=DIRECTION('center_axis',(1.,0.,0.));
#11425=DIRECTION('ref_axis',(0.,-1.,-6.12323399573677E-17));
#11426=DIRECTION('center_axis',(1.,0.,0.));
#11427=DIRECTION('ref_axis',(0.,0.,-1.));
#11428=DIRECTION('center_axis',(1.,0.,0.));
#11429=DIRECTION('ref_axis',(0.,0.,-1.));
#11430=DIRECTION('',(-0.995037190209989,-0.0995037190209982,-1.82785366503485E-17));
#11431=DIRECTION('center_axis',(1.,0.,0.));
#11432=DIRECTION('ref_axis',(0.,1.,-1.03089929025172E-13));
#11433=DIRECTION('center_axis',(1.,0.,0.));
#11434=DIRECTION('ref_axis',(0.,0.,-1.));
#11435=DIRECTION('',(-1.,0.,0.));
#11436=DIRECTION('center_axis',(-1.,0.,0.));
#11437=DIRECTION('ref_axis',(0.,1.,6.12323399573676E-17));
#11438=DIRECTION('',(0.707106781186548,0.707106781186547,-4.32978028117746E-17));
#11439=DIRECTION('center_axis',(1.,0.,0.));
#11440=DIRECTION('ref_axis',(0.,0.,-1.));
#11441=DIRECTION('center_axis',(0.,0.,-1.));
#11442=DIRECTION('ref_axis',(0.,-1.,0.));
#11443=DIRECTION('center_axis',(0.,0.,1.));
#11444=DIRECTION('ref_axis',(1.,0.,0.));
#11445=DIRECTION('',(0.,0.,1.));
#11446=DIRECTION('',(0.,0.,1.));
#11447=DIRECTION('center_axis',(0.,0.,1.));
#11448=DIRECTION('ref_axis',(1.,0.,0.));
#11449=DIRECTION('center_axis',(0.,0.,1.));
#11450=DIRECTION('ref_axis',(1.,0.,0.));
#11451=DIRECTION('center_axis',(0.,0.,1.));
#11452=DIRECTION('ref_axis',(1.,0.,0.));
#11453=DIRECTION('center_axis',(0.,-1.,0.));
#11454=DIRECTION('ref_axis',(1.,0.,-1.39349996950756E-15));
#11455=DIRECTION('center_axis',(0.,-1.,0.));
#11456=DIRECTION('ref_axis',(0.,0.,-1.));
#11457=DIRECTION('',(0.,1.,0.));
#11458=DIRECTION('center_axis',(0.,-1.,0.));
#11459=DIRECTION('ref_axis',(0.,0.,-1.));
#11460=DIRECTION('center_axis',(0.,-1.,0.));
#11461=DIRECTION('ref_axis',(0.,0.,-1.));
#11462=DIRECTION('center_axis',(0.,1.,0.));
#11463=DIRECTION('ref_axis',(1.,0.,6.12323399573677E-17));
#11464=DIRECTION('',(0.0995037190209992,-0.995037190209989,-6.09284555011622E-18));
#11465=DIRECTION('center_axis',(0.,-1.,0.));
#11466=DIRECTION('ref_axis',(0.,0.,-1.));
#11467=DIRECTION('center_axis',(0.,1.,0.));
#11468=DIRECTION('ref_axis',(0.,0.,1.));
#11469=DIRECTION('center_axis',(0.,-1.,0.));
#11470=DIRECTION('ref_axis',(0.,0.,-1.));
#11471=DIRECTION('center_axis',(0.,-1.,0.));
#11472=DIRECTION('ref_axis',(-1.,0.,-1.83758917935762E-15));
#11473=DIRECTION('center_axis',(0.,-1.,0.));
#11474=DIRECTION('ref_axis',(0.,0.,-1.));
#11475=DIRECTION('center_axis',(0.,-1.,0.));
#11476=DIRECTION('ref_axis',(0.,0.,-1.));
#11477=DIRECTION('',(0.,1.,0.));
#11478=DIRECTION('center_axis',(0.,1.,0.));
#11479=DIRECTION('ref_axis',(1.,0.,6.12323399573676E-17));
#11480=DIRECTION('',(0.984807753012202,-0.173648177666964,-6.03020831250945E-17));
#11481=DIRECTION('center_axis',(0.,-1.,0.));
#11482=DIRECTION('ref_axis',(0.,0.,-1.));
#11483=DIRECTION('center_axis',(0.,1.,0.));
#11484=DIRECTION('ref_axis',(0.,0.,1.));
#11485=DIRECTION('center_axis',(0.,-1.,0.));
#11486=DIRECTION('ref_axis',(0.,0.,-1.));
#11487=DIRECTION('center_axis',(0.,-1.,0.));
#11488=DIRECTION('ref_axis',(-1.,0.,-6.12323399573677E-17));
#11489=DIRECTION('center_axis',(0.,-1.,0.));
#11490=DIRECTION('ref_axis',(0.,0.,-1.));
#11491=DIRECTION('',(0.,1.,0.));
#11492=DIRECTION('center_axis',(0.,-1.,0.));
#11493=DIRECTION('ref_axis',(0.,0.,-1.));
#11494=DIRECTION('center_axis',(0.,-1.,0.));
#11495=DIRECTION('ref_axis',(0.,0.,-1.));
#11496=DIRECTION('center_axis',(0.,-1.,0.));
#11497=DIRECTION('ref_axis',(-1.,0.,-6.12323399573677E-17));
#11498=DIRECTION('center_axis',(0.,-1.,0.));
#11499=DIRECTION('ref_axis',(0.,0.,-1.));
#11500=DIRECTION('center_axis',(0.,-1.,0.));
#11501=DIRECTION('ref_axis',(0.,0.,-1.));
#11502=DIRECTION('',(0.,1.,0.));
#11503=DIRECTION('center_axis',(0.,1.,0.));
#11504=DIRECTION('ref_axis',(1.,0.,6.12323399573677E-17));
#11505=DIRECTION('',(0.984562507785907,-0.175033334717494,-6.02870661860251E-17));
#11506=DIRECTION('center_axis',(0.,-1.,0.));
#11507=DIRECTION('ref_axis',(0.,0.,-1.));
#11508=DIRECTION('center_axis',(0.,1.,0.));
#11509=DIRECTION('ref_axis',(0.,0.,1.));
#11510=DIRECTION('center_axis',(0.,-1.,0.));
#11511=DIRECTION('ref_axis',(-0.951056516295154,0.,-0.309016994374947));
#11512=DIRECTION('center_axis',(0.,-1.,0.));
#11513=DIRECTION('ref_axis',(-0.309016994374947,0.,0.951056516295154));
#11514=DIRECTION('center_axis',(0.,-1.,0.));
#11515=DIRECTION('ref_axis',(0.,0.,-1.));
#11516=DIRECTION('center_axis',(0.,-1.,0.));
#11517=DIRECTION('ref_axis',(0.,0.,-1.));
#11518=DIRECTION('center_axis',(0.951056516295154,0.,0.309016994374947));
#11519=DIRECTION('ref_axis',(0.309016994374947,0.,-0.951056516295154));
#11520=DIRECTION('center_axis',(0.,-1.,0.));
#11521=DIRECTION('ref_axis',(1.,0.,-6.12323399573677E-17));
#11522=DIRECTION('',(0.,-1.,0.));
#11523=DIRECTION('center_axis',(0.,-1.,0.));
#11524=DIRECTION('ref_axis',(-1.,0.,-6.12323399573677E-17));
#11525=DIRECTION('',(-0.707106781186548,0.707106781186547,-1.29893408435324E-16));
#11526=DIRECTION('center_axis',(0.,-1.,0.));
#11527=DIRECTION('ref_axis',(0.,0.,-1.));
#11528=DIRECTION('center_axis',(0.,-1.,0.));
#11529=DIRECTION('ref_axis',(-1.,0.,-1.17145536458252E-15));
#11530=DIRECTION('',(0.,1.,0.));
#11531=DIRECTION('center_axis',(0.707106781186548,0.707106781186548,0.));
#11532=DIRECTION('ref_axis',(-0.707106781186547,0.707106781186547,-8.28344032153662E-16));
#11533=DIRECTION('center_axis',(-0.707106781186548,0.707106781186548,0.));
#11534=DIRECTION('ref_axis',(0.707106781186548,0.707106781186548,-3.5731629454853E-16));
#11535=DIRECTION('center_axis',(-0.707106781186548,0.707106781186548,0.));
#11536=DIRECTION('ref_axis',(0.707106781186548,0.707106781186548,-3.5731629454853E-16));
#11537=DIRECTION('center_axis',(0.707106781186548,0.707106781186548,0.));
#11538=DIRECTION('ref_axis',(-0.707106781186547,0.707106781186547,-8.28344032153662E-16));
#11539=DIRECTION('center_axis',(1.,0.,0.));
#11540=DIRECTION('ref_axis',(0.,1.,-5.0532154980743E-16));
#11541=DIRECTION('center_axis',(1.,0.,0.));
#11542=DIRECTION('ref_axis',(0.,0.,-1.));
#11543=DIRECTION('',(-1.,0.,0.));
#11544=DIRECTION('',(-1.,0.,0.));
#11545=DIRECTION('center_axis',(1.,0.,0.));
#11546=DIRECTION('ref_axis',(0.,1.,-6.12323399573676E-17));
#11547=DIRECTION('center_axis',(1.,0.,0.));
#11548=DIRECTION('ref_axis',(0.,0.,-1.));
#11549=DIRECTION('',(-0.707106781186548,0.707106781186547,4.32978028117747E-17));
#11550=DIRECTION('center_axis',(1.,0.,0.));
#11551=DIRECTION('ref_axis',(0.,1.,3.14031561511476E-12));
#11552=DIRECTION('center_axis',(1.,0.,0.));
#11553=DIRECTION('ref_axis',(0.,0.,-1.));
#11554=DIRECTION('',(-1.,0.,0.));
#11555=DIRECTION('center_axis',(-1.,0.,0.));
#11556=DIRECTION('ref_axis',(0.,1.,6.12323399573676E-17));
#11557=DIRECTION('',(0.995037190209989,0.0995037190209982,-6.09284555011616E-18));
#11558=DIRECTION('center_axis',(1.,0.,0.));
#11559=DIRECTION('ref_axis',(0.,0.,-1.));
#11560=DIRECTION('center_axis',(-1.,0.,0.));
#11561=DIRECTION('ref_axis',(0.,0.,1.));
#11562=DIRECTION('center_axis',(1.,0.,0.));
#11563=DIRECTION('ref_axis',(0.,0.,-1.));
#11564=DIRECTION('center_axis',(1.,0.,0.));
#11565=DIRECTION('ref_axis',(0.,-1.,-1.83758917935762E-15));
#11566=DIRECTION('center_axis',(1.,0.,0.));
#11567=DIRECTION('ref_axis',(0.,0.,-1.));
#11568=DIRECTION('center_axis',(1.,0.,0.));
#11569=DIRECTION('ref_axis',(0.,0.,-1.));
#11570=DIRECTION('',(-1.,0.,0.));
#11571=DIRECTION('center_axis',(-1.,0.,0.));
#11572=DIRECTION('ref_axis',(0.,1.,6.12323399573677E-17));
#11573=DIRECTION('',(0.173648177667204,0.98480775301216,-6.03020831250919E-17));
#11574=DIRECTION('center_axis',(1.,0.,0.));
#11575=DIRECTION('ref_axis',(0.,0.,-1.));
#11576=DIRECTION('center_axis',(-1.,0.,0.));
#11577=DIRECTION('ref_axis',(0.,0.,1.));
#11578=DIRECTION('center_axis',(1.,0.,0.));
#11579=DIRECTION('ref_axis',(0.,0.,-1.));
#11580=DIRECTION('center_axis',(1.,0.,0.));
#11581=DIRECTION('ref_axis',(0.,-1.,-6.12323399573677E-17));
#11582=DIRECTION('center_axis',(1.,0.,0.));
#11583=DIRECTION('ref_axis',(0.,0.,-1.));
#11584=DIRECTION('',(-1.,0.,0.));
#11585=DIRECTION('center_axis',(1.,0.,0.));
#11586=DIRECTION('ref_axis',(0.,0.,-1.));
#11587=DIRECTION('center_axis',(1.,0.,0.));
#11588=DIRECTION('ref_axis',(0.,0.,-1.));
#11589=DIRECTION('center_axis',(1.,0.,0.));
#11590=DIRECTION('ref_axis',(0.,-1.,-6.12323399573677E-17));
#11591=DIRECTION('center_axis',(1.,0.,0.));
#11592=DIRECTION('ref_axis',(0.,0.,-1.));
#11593=DIRECTION('center_axis',(1.,0.,0.));
#11594=DIRECTION('ref_axis',(0.,0.,-1.));
#11595=DIRECTION('',(-1.,0.,0.));
#11596=DIRECTION('center_axis',(-1.,0.,0.));
#11597=DIRECTION('ref_axis',(0.,1.,6.12323399573677E-17));
#11598=DIRECTION('',(0.175033334717493,0.984562507785907,-6.02870661860251E-17));
#11599=DIRECTION('center_axis',(1.,0.,0.));
#11600=DIRECTION('ref_axis',(0.,0.,-1.));
#11601=DIRECTION('center_axis',(-1.,0.,0.));
#11602=DIRECTION('ref_axis',(0.,0.,1.));
#11603=DIRECTION('center_axis',(1.,0.,0.));
#11604=DIRECTION('ref_axis',(0.,-0.951056516295154,-0.309016994374947));
#11605=DIRECTION('center_axis',(1.,0.,0.));
#11606=DIRECTION('ref_axis',(0.,-0.309016994374948,0.951056516295154));
#11607=DIRECTION('center_axis',(1.,0.,0.));
#11608=DIRECTION('ref_axis',(0.,0.,-1.));
#11609=DIRECTION('center_axis',(1.,0.,0.));
#11610=DIRECTION('ref_axis',(0.,0.,-1.));
#11611=DIRECTION('center_axis',(0.,0.951056516295154,0.309016994374947));
#11612=DIRECTION('ref_axis',(0.,0.309016994374947,-0.951056516295154));
#11613=DIRECTION('center_axis',(1.,0.,0.));
#11614=DIRECTION('ref_axis',(0.,1.,-6.12323399573677E-17));
#11615=DIRECTION('center_axis',(1.,0.,0.));
#11616=DIRECTION('ref_axis',(0.,0.,-1.));
#11617=DIRECTION('',(1.,0.,0.));
#11618=DIRECTION('center_axis',(1.,0.,0.));
#11619=DIRECTION('ref_axis',(0.,0.,-1.));
#11620=DIRECTION('center_axis',(0.,0.,-1.));
#11621=DIRECTION('ref_axis',(0.,-1.,0.));
#11622=DIRECTION('center_axis',(0.,0.,1.));
#11623=DIRECTION('ref_axis',(1.,0.,0.));
#11624=DIRECTION('',(0.,0.,1.));
#11625=DIRECTION('',(0.,0.,1.));
#11626=DIRECTION('center_axis',(0.,0.,1.));
#11627=DIRECTION('ref_axis',(1.,0.,0.));
#11628=DIRECTION('center_axis',(0.,0.,1.));
#11629=DIRECTION('ref_axis',(1.,0.,0.));
#11630=DIRECTION('center_axis',(0.,0.,1.));
#11631=DIRECTION('ref_axis',(1.,0.,0.));
#11632=DIRECTION('center_axis',(0.,0.,1.));
#11633=DIRECTION('ref_axis',(1.,0.,0.));
#11634=DIRECTION('center_axis',(0.,0.,1.));
#11635=DIRECTION('ref_axis',(1.,0.,0.));
#11636=DIRECTION('center_axis',(0.,0.,-1.));
#11637=DIRECTION('ref_axis',(0.,1.,0.));
#11638=DIRECTION('',(0.,0.,-1.));
#11639=DIRECTION('center_axis',(0.,0.,1.));
#11640=DIRECTION('ref_axis',(1.,0.,0.));
#11641=DIRECTION('center_axis',(0.,0.,1.));
#11642=DIRECTION('ref_axis',(1.,0.,0.));
#11643=DIRECTION('center_axis',(0.,0.,-1.));
#11644=DIRECTION('ref_axis',(0.,1.,0.));
#11645=DIRECTION('',(0.,0.,-1.));
#11646=DIRECTION('',(-2.76255391222905E-30,1.,-5.76358128243709E-46));
#11647=DIRECTION('',(1.,2.76255391222906E-30,-3.33066907387547E-15));
#11648=DIRECTION('axis',(0.,0.,1.));
#11649=DIRECTION('refdir',(1.,0.,0.));
#11650=DIRECTION('center_axis',(-0.707106781186548,0.,0.707106781186548));
#11651=DIRECTION('ref_axis',(0.707106781186548,0.,0.707106781186548));
#11652=DIRECTION('center_axis',(0.707106781186548,0.,-0.707106781186548));
#11653=DIRECTION('ref_axis',(0.707106781186547,0.,0.707106781186547));
#11654=DIRECTION('',(0.707106781186548,0.,0.707106781186548));
#11655=DIRECTION('',(0.,-1.,0.));
#11656=DIRECTION('center_axis',(1.,0.,0.));
#11657=DIRECTION('ref_axis',(0.,1.,0.));
#11658=DIRECTION('center_axis',(-1.,0.,0.));
#11659=DIRECTION('ref_axis',(0.,0.,1.));
#11660=DIRECTION('',(1.,0.,0.));
#11661=DIRECTION('center_axis',(0.707106781186548,0.,0.707106781186548));
#11662=DIRECTION('ref_axis',(-0.707106781186547,0.,0.707106781186547));
#11663=DIRECTION('',(1.,0.,0.));
#11664=DIRECTION('center_axis',(1.,0.,0.));
#11665=DIRECTION('ref_axis',(0.,1.,0.));
#11666=DIRECTION('',(0.,0.,1.));
#11667=DIRECTION('center_axis',(0.,1.,0.));
#11668=DIRECTION('ref_axis',(1.,0.,0.));
#11669=DIRECTION('',(-0.707106781186548,0.,0.707106781186548));
#11670=DIRECTION('center_axis',(-0.707106781186548,0.,-0.707106781186548));
#11671=DIRECTION('ref_axis',(-0.707106781186548,0.,0.707106781186548));
#11672=DIRECTION('center_axis',(0.,1.,0.));
#11673=DIRECTION('ref_axis',(1.,0.,0.));
#11674=DIRECTION('',(1.,0.,0.));
#11675=DIRECTION('',(-0.707106781186548,0.,-0.707106781186548));
#11676=DIRECTION('',(-0.707106781186548,0.,0.707106781186548));
#11677=DIRECTION('center_axis',(1.,0.,0.));
#11678=DIRECTION('ref_axis',(0.,1.,0.));
#11679=DIRECTION('center_axis',(-0.707106781186548,0.,0.707106781186548));
#11680=DIRECTION('ref_axis',(0.707106781186547,0.,0.707106781186547));
#11681=DIRECTION('center_axis',(0.707106781186548,0.,0.707106781186548));
#11682=DIRECTION('ref_axis',(-0.707106781186547,0.,0.707106781186547));
#11683=DIRECTION('center_axis',(0.707106781186548,0.,-0.707106781186548));
#11684=DIRECTION('ref_axis',(-0.707106781186548,0.,-0.707106781186548));
#11685=DIRECTION('',(0.,-1.,0.));
#11686=DIRECTION('center_axis',(-0.707106781186548,0.,-0.707106781186548));
#11687=DIRECTION('ref_axis',(-0.707106781186548,0.,0.707106781186548));
#11688=DIRECTION('center_axis',(0.,1.,0.));
#11689=DIRECTION('ref_axis',(1.,0.,0.));
#11690=DIRECTION('',(1.,0.,0.));
#11691=DIRECTION('',(0.707106781186548,0.,-0.707106781186548));
#11692=DIRECTION('',(-0.707106781186498,0.,-0.707106781186598));
#11693=DIRECTION('',(1.,0.,0.));
#11694=DIRECTION('',(0.,0.,1.));
#11695=DIRECTION('center_axis',(1.,0.,0.));
#11696=DIRECTION('ref_axis',(0.,1.,0.));
#11697=DIRECTION('center_axis',(-0.707106781186548,0.,-0.707106781186548));
#11698=DIRECTION('ref_axis',(-0.707106781186547,0.,0.707106781186547));
#11699=DIRECTION('center_axis',(1.,0.,0.));
#11700=DIRECTION('ref_axis',(0.,0.,-1.));
#11701=DIRECTION('center_axis',(0.707106781186548,0.,-0.707106781186548));
#11702=DIRECTION('ref_axis',(0.707106781186547,0.,0.707106781186547));
#11703=DIRECTION('center_axis',(0.707106781186548,0.,0.707106781186548));
#11704=DIRECTION('ref_axis',(0.707106781186548,0.,-0.707106781186548));
#11705=DIRECTION('',(0.,-1.,0.));
#11706=DIRECTION('center_axis',(0.707106781186548,0.,-0.707106781186548));
#11707=DIRECTION('ref_axis',(-0.707106781186548,0.,-0.707106781186548));
#11708=DIRECTION('center_axis',(-1.,0.,0.));
#11709=DIRECTION('ref_axis',(0.,0.,1.));
#11710=DIRECTION('center_axis',(0.,1.,0.));
#11711=DIRECTION('ref_axis',(1.,0.,0.));
#11712=DIRECTION('',(-1.,0.,0.));
#11713=DIRECTION('',(0.,0.,1.));
#11714=DIRECTION('',(0.707106781186547,0.,-0.707106781186547));
#11715=DIRECTION('center_axis',(-1.,0.,0.));
#11716=DIRECTION('ref_axis',(0.,1.,0.));
#11717=DIRECTION('center_axis',(-0.707106781186548,0.,-0.707106781186548));
#11718=DIRECTION('ref_axis',(0.707106781186547,0.,-0.707106781186547));
#11719=DIRECTION('center_axis',(-1.,0.,0.));
#11720=DIRECTION('ref_axis',(0.,0.936281708408173,-0.35125000000039));
#11721=DIRECTION('center_axis',(0.707106781186548,0.,0.707106781186548));
#11722=DIRECTION('ref_axis',(0.707106781186548,0.,-0.707106781186548));
#11723=DIRECTION('',(0.,-1.,0.));
#11724=DIRECTION('center_axis',(-1.,0.,0.));
#11725=DIRECTION('ref_axis',(0.,0.,1.));
#11726=DIRECTION('center_axis',(-1.,0.,0.));
#11727=DIRECTION('ref_axis',(0.,1.,0.));
#11728=DIRECTION('',(0.,0.,-1.));
#11729=DIRECTION('center_axis',(-1.,0.,0.));
#11730=DIRECTION('ref_axis',(0.,0.,1.));
#11731=DIRECTION('center_axis',(0.,1.,0.));
#11732=DIRECTION('ref_axis',(1.,0.,0.));
#11733=DIRECTION('',(-1.,0.,0.));
#11734=DIRECTION('',(-0.707106781186548,0.,0.707106781186548));
#11735=DIRECTION('',(0.,0.,1.));
#11736=DIRECTION('',(-1.,0.,0.));
#11737=DIRECTION('center_axis',(-1.,0.,0.));
#11738=DIRECTION('ref_axis',(0.,1.,0.));
#11739=DIRECTION('center_axis',(0.707106781186548,0.,0.707106781186548));
#11740=DIRECTION('ref_axis',(0.707106781186547,0.,-0.707106781186547));
#11741=DIRECTION('center_axis',(-1.,0.,0.));
#11742=DIRECTION('ref_axis',(0.,0.,1.));
#11743=DIRECTION('center_axis',(-0.707106781186548,0.,-0.707106781186548));
#11744=DIRECTION('ref_axis',(-0.707106781186548,0.,0.707106781186548));
#11745=DIRECTION('',(0.,-1.,0.));
#11746=DIRECTION('center_axis',(-1.,0.,0.));
#11747=DIRECTION('ref_axis',(0.,0.,1.));
#11748=DIRECTION('center_axis',(-1.,0.,0.));
#11749=DIRECTION('ref_axis',(0.,0.,-1.));
#11750=DIRECTION('center_axis',(-1.,0.,0.));
#11751=DIRECTION('ref_axis',(0.,-0.903507902905271,0.428571428571386));
#11752=DIRECTION('',(1.,0.,0.));
#11753=DIRECTION('center_axis',(-1.,0.,0.));
#11754=DIRECTION('ref_axis',(0.,-0.903507902905271,0.428571428571386));
#11755=DIRECTION('',(1.,0.,0.));
#11756=DIRECTION('center_axis',(1.,0.,0.));
#11757=DIRECTION('ref_axis',(0.,-1.,0.));
#11758=DIRECTION('center_axis',(-1.,0.,0.));
#11759=DIRECTION('ref_axis',(0.,-1.,0.));
#11760=DIRECTION('',(0.,-1.,0.));
#11761=DIRECTION('center_axis',(-1.,0.,0.));
#11762=DIRECTION('ref_axis',(0.,-0.953939201416942,0.300000000000013));
#11763=DIRECTION('',(0.,0.,-1.));
#11764=DIRECTION('',(0.,0.,1.));
#11765=DIRECTION('center_axis',(-1.,0.,0.));
#11766=DIRECTION('ref_axis',(0.,0.300000000000013,0.953939201416942));
#11767=DIRECTION('',(0.,-1.,0.));
#11768=DIRECTION('center_axis',(-1.,0.,0.));
#11769=DIRECTION('ref_axis',(0.,0.428571428571386,0.903507902905271));
#11770=DIRECTION('',(0.,0.,-1.));
#11771=DIRECTION('center_axis',(-1.,0.,0.));
#11772=DIRECTION('ref_axis',(0.,-0.300000000000013,-0.953939201416942));
#11773=DIRECTION('',(0.,1.,0.));
#11774=DIRECTION('center_axis',(-1.,0.,0.));
#11775=DIRECTION('ref_axis',(0.,-0.428571428571386,-0.903507902905271));
#11776=DIRECTION('',(0.,1.,0.));
#11777=DIRECTION('center_axis',(-1.,0.,0.));
#11778=DIRECTION('ref_axis',(0.,0.953939201416942,-0.300000000000013));
#11779=DIRECTION('',(0.,0.,1.));
#11780=DIRECTION('center_axis',(-1.,0.,0.));
#11781=DIRECTION('ref_axis',(0.,0.903507902905271,-0.428571428571386));
#11782=DIRECTION('center_axis',(1.,0.,0.));
#11783=DIRECTION('ref_axis',(0.,-1.,0.));
#11784=DIRECTION('',(1.,0.,0.));
#11785=DIRECTION('center_axis',(1.,0.,0.));
#11786=DIRECTION('ref_axis',(0.,1.,0.));
#11787=DIRECTION('center_axis',(1.,0.,0.));
#11788=DIRECTION('ref_axis',(0.,-0.309859154929589,-0.950782469393668));
#11789=DIRECTION('center_axis',(1.,0.,0.));
#11790=DIRECTION('ref_axis',(0.,-0.309859154929589,-0.950782469393668));
#11791=DIRECTION('center_axis',(1.,0.,0.));
#11792=DIRECTION('ref_axis',(0.,0.309859154929589,0.950782469393668));
#11793=DIRECTION('center_axis',(1.,0.,0.));
#11794=DIRECTION('ref_axis',(0.,0.309859154929589,0.950782469393668));
#11795=DIRECTION('center_axis',(-1.,0.,0.));
#11796=DIRECTION('ref_axis',(0.,-1.,0.));
#11797=DIRECTION('center_axis',(-1.,0.,0.));
#11798=DIRECTION('ref_axis',(0.,-1.,0.));
#11799=DIRECTION('center_axis',(-1.,0.,0.));
#11800=DIRECTION('ref_axis',(0.,-1.,0.));
#11801=DIRECTION('',(0.,-1.,0.));
#11802=DIRECTION('',(0.,0.,1.));
#11803=DIRECTION('',(0.,1.,0.));
#11804=DIRECTION('',(0.,0.,1.));
#11805=DIRECTION('',(0.,1.,0.));
#11806=DIRECTION('',(0.,0.,1.));
#11807=DIRECTION('',(0.,-1.,0.));
#11808=DIRECTION('center_axis',(-1.,0.,0.));
#11809=DIRECTION('ref_axis',(0.,0.,-1.));
#11810=DIRECTION('',(0.,0.,1.));
#11811=DIRECTION('center_axis',(1.,0.,0.));
#11812=DIRECTION('ref_axis',(0.,1.,0.));
#11813=DIRECTION('center_axis',(1.,0.,0.));
#11814=DIRECTION('ref_axis',(0.,1.,0.));
#11815=DIRECTION('',(0.,0.,1.));
#11816=DIRECTION('center_axis',(-1.,0.,0.));
#11817=DIRECTION('ref_axis',(0.,-1.,0.));
#11818=DIRECTION('',(0.,-1.016219600947E-14,1.));
#11819=DIRECTION('center_axis',(-1.,0.,0.));
#11820=DIRECTION('ref_axis',(0.,0.293333333333306,-0.95601022774632));
#11821=DIRECTION('',(0.,0.,1.));
#11822=DIRECTION('center_axis',(-1.,0.,0.));
#11823=DIRECTION('ref_axis',(0.,-1.,0.));
#11824=DIRECTION('center_axis',(-1.,0.,0.));
#11825=DIRECTION('ref_axis',(0.,-0.293333333333306,0.95601022774632));
#11826=DIRECTION('',(0.,1.016219600947E-14,1.));
#11827=DIRECTION('',(0.,0.,1.));
#11828=DIRECTION('center_axis',(0.,0.,1.));
#11829=DIRECTION('ref_axis',(1.,0.,0.));
#11830=DIRECTION('',(0.,1.016219600947E-14,1.));
#11831=DIRECTION('center_axis',(0.,0.,1.));
#11832=DIRECTION('ref_axis',(1.,0.,0.));
#11833=DIRECTION('',(0.,-1.016219600947E-14,1.));
#11834=DIRECTION('center_axis',(1.,0.,0.));
#11835=DIRECTION('ref_axis',(0.,-1.,0.));
#11836=DIRECTION('',(-1.,0.,0.));
#11837=DIRECTION('center_axis',(-1.,0.,0.));
#11838=DIRECTION('ref_axis',(0.,0.133121338526596,0.991099747365969));
#11839=DIRECTION('',(1.,0.,0.));
#11840=DIRECTION('center_axis',(1.,0.,0.));
#11841=DIRECTION('ref_axis',(0.,0.133121338526596,0.991099747365969));
#11842=DIRECTION('',(1.,0.,0.));
#11843=DIRECTION('center_axis',(-1.,0.,0.));
#11844=DIRECTION('ref_axis',(0.,0.026700364047061,0.999643481727238));
#11845=DIRECTION('',(1.,0.,0.));
#11846=DIRECTION('center_axis',(-1.,0.,0.));
#11847=DIRECTION('ref_axis',(0.,-0.026700364047061,0.999643481727238));
#11848=DIRECTION('',(1.,0.,0.));
#11849=DIRECTION('center_axis',(-1.,0.,0.));
#11850=DIRECTION('ref_axis',(0.,-0.0800249523746035,0.996792860627243));
#11851=DIRECTION('',(1.,0.,0.));
#11852=DIRECTION('center_axis',(1.,0.,0.));
#11853=DIRECTION('ref_axis',(0.,-0.0800249523746035,0.996792860627243));
#11854=DIRECTION('',(1.,0.,0.));
#11855=DIRECTION('center_axis',(1.,0.,0.));
#11856=DIRECTION('ref_axis',(0.,-1.,0.));
#11857=DIRECTION('',(1.,0.,0.));
#11858=DIRECTION('center_axis',(1.,0.,0.));
#11859=DIRECTION('ref_axis',(0.,-0.133121338526596,-0.991099747365969));
#11860=DIRECTION('',(1.,0.,0.));
#11861=DIRECTION('center_axis',(1.,0.,0.));
#11862=DIRECTION('ref_axis',(0.,-0.0800249523746035,-0.996792860627243));
#11863=DIRECTION('',(1.,0.,0.));
#11864=DIRECTION('center_axis',(-1.,0.,0.));
#11865=DIRECTION('ref_axis',(0.,0.026700364047061,-0.999643481727238));
#11866=DIRECTION('',(1.,0.,0.));
#11867=DIRECTION('center_axis',(1.,0.,0.));
#11868=DIRECTION('ref_axis',(0.,0.026700364047061,-0.999643481727238));
#11869=DIRECTION('',(1.,0.,0.));
#11870=DIRECTION('center_axis',(1.,0.,0.));
#11871=DIRECTION('ref_axis',(0.,0.0800249523746035,-0.996792860627243));
#11872=DIRECTION('',(1.,0.,0.));
#11873=DIRECTION('center_axis',(-1.,0.,0.));
#11874=DIRECTION('ref_axis',(0.,0.133121338526596,0.991099747365969));
#11875=DIRECTION('center_axis',(1.,0.,0.));
#11876=DIRECTION('ref_axis',(0.,0.964649468762316,0.263536339840604));
#11877=DIRECTION('',(1.,0.,0.));
#11878=DIRECTION('center_axis',(1.,0.,0.));
#11879=DIRECTION('ref_axis',(0.,-1.,0.));
#11880=DIRECTION('',(1.,0.,0.));
#11881=DIRECTION('center_axis',(1.,0.,0.));
#11882=DIRECTION('ref_axis',(0.,0.293333333333306,0.95601022774632));
#11883=DIRECTION('center_axis',(1.,0.,0.));
#11884=DIRECTION('ref_axis',(0.,-0.293333333333306,-0.95601022774632));
#11885=DIRECTION('center_axis',(1.,0.,0.));
#11886=DIRECTION('ref_axis',(0.,1.,0.));
#11887=DIRECTION('',(0.,0.,1.));
#11888=DIRECTION('center_axis',(1.,0.,0.));
#11889=DIRECTION('ref_axis',(0.,1.,0.));
#11890=DIRECTION('',(0.,0.,1.));
#11891=DIRECTION('center_axis',(0.,0.,1.));
#11892=DIRECTION('ref_axis',(1.,0.,0.));
#11893=DIRECTION('center_axis',(0.,0.,1.));
#11894=DIRECTION('ref_axis',(1.,0.,0.));
#11895=DIRECTION('center_axis',(1.,0.,0.));
#11896=DIRECTION('ref_axis',(0.,0.,-1.));
#11897=DIRECTION('',(0.,0.026700364047091,-0.999643481727237));
#11898=DIRECTION('',(0.,0.026700364047061,0.999643481727238));
#11899=DIRECTION('center_axis',(-1.,0.,0.));
#11900=DIRECTION('ref_axis',(0.,-0.026700364047061,0.999643481727238));
#11901=DIRECTION('center_axis',(1.,0.,0.));
#11902=DIRECTION('ref_axis',(0.,0.,-1.));
#11903=DIRECTION('',(0.,-0.0800249523745935,-0.996792860627244));
#11904=DIRECTION('',(0.,0.133121338526498,0.991099747365982));
#11905=DIRECTION('center_axis',(-1.,0.,0.));
#11906=DIRECTION('ref_axis',(0.,0.0800249523746035,0.996792860627243));
#11907=DIRECTION('center_axis',(1.,0.,0.));
#11908=DIRECTION('ref_axis',(0.,0.,-1.));
#11909=DIRECTION('',(0.,0.133121338526596,-0.991099747365969));
#11910=DIRECTION('',(0.,-0.0800249523746134,0.996792860627242));
#11911=DIRECTION('center_axis',(-1.,0.,0.));
#11912=DIRECTION('ref_axis',(0.,-0.133121338526596,0.991099747365969));
#11913=DIRECTION('center_axis',(0.,0.999643481727237,0.026700364047091));
#11914=DIRECTION('ref_axis',(0.,0.026700364047091,-0.999643481727237));
#11915=DIRECTION('',(1.,0.,0.));
#11916=DIRECTION('',(1.,0.,0.));
#11917=DIRECTION('',(0.,0.026700364047081,-0.999643481727237));
#11918=DIRECTION('center_axis',(1.,0.,0.));
#11919=DIRECTION('ref_axis',(0.,-1.,0.));
#11920=DIRECTION('center_axis',(1.,0.,0.));
#11921=DIRECTION('ref_axis',(0.,-0.0800249523746035,-0.996792860627243));
#11922=DIRECTION('',(0.,0.026700364047081,0.999643481727237));
#11923=DIRECTION('',(0.,-0.0800249523746035,-0.996792860627243));
#11924=DIRECTION('center_axis',(1.,0.,0.));
#11925=DIRECTION('ref_axis',(0.,-1.,0.));
#11926=DIRECTION('',(0.,0.026700364047071,-0.999643481727238));
#11927=DIRECTION('center_axis',(1.,0.,0.));
#11928=DIRECTION('ref_axis',(0.,0.026700364047061,-0.999643481727238));
#11929=DIRECTION('',(0.,-0.0800249523745935,0.996792860627244));
#11930=DIRECTION('center_axis',(1.,0.,0.));
#11931=DIRECTION('ref_axis',(0.,-1.,0.));
#11932=DIRECTION('center_axis',(1.,0.,0.));
#11933=DIRECTION('ref_axis',(0.,-0.026700364047061,0.999643481727238));
#11934=DIRECTION('',(0.,-0.0800249523746035,0.996792860627243));
#11935=DIRECTION('center_axis',(1.,0.,0.));
#11936=DIRECTION('ref_axis',(0.,-1.,0.));
#11937=DIRECTION('',(0.,0.026700364047061,0.999643481727238));
#11938=DIRECTION('',(0.,-0.0800249523745935,-0.996792860627244));
#11939=DIRECTION('center_axis',(1.,0.,0.));
#11940=DIRECTION('ref_axis',(0.,0.0800249523746035,0.996792860627243));
#11941=DIRECTION('center_axis',(1.,0.,0.));
#11942=DIRECTION('ref_axis',(0.,-1.,0.));
#11943=DIRECTION('',(0.,0.133121338526596,0.991099747365969));
#11944=DIRECTION('',(0.,0.133121338526596,-0.991099747365969));
#11945=DIRECTION('center_axis',(1.,0.,0.));
#11946=DIRECTION('ref_axis',(0.,0.133121338526596,-0.991099747365969));
#11947=DIRECTION('center_axis',(1.,0.,0.));
#11948=DIRECTION('ref_axis',(0.,-1.,0.));
#11949=DIRECTION('',(0.,0.133121338526596,-0.991099747365969));
#11950=DIRECTION('center_axis',(1.,0.,0.));
#11951=DIRECTION('ref_axis',(0.,-0.133121338526596,0.991099747365969));
#11952=DIRECTION('',(0.,0.133121338526498,0.991099747365982));
#11953=DIRECTION('center_axis',(1.,0.,0.));
#11954=DIRECTION('ref_axis',(0.,-1.,0.));
#11955=DIRECTION('center_axis',(1.,0.,0.));
#11956=DIRECTION('ref_axis',(0.,-0.0800249523746035,-0.996792860627243));
#11957=DIRECTION('',(1.,0.,0.));
#11958=DIRECTION('',(1.,1.42108547152E-14,0.));
#11959=DIRECTION('center_axis',(1.,0.,0.));
#11960=DIRECTION('ref_axis',(0.,-1.,0.));
#11961=DIRECTION('',(1.,0.,0.));
#11962=DIRECTION('center_axis',(1.,0.,0.));
#11963=DIRECTION('ref_axis',(0.,0.026700364047061,-0.999643481727238));
#11964=DIRECTION('',(1.,0.,0.));
#11965=DIRECTION('center_axis',(1.,0.,0.));
#11966=DIRECTION('ref_axis',(0.,-1.,0.));
#11967=DIRECTION('center_axis',(-1.,0.,0.));
#11968=DIRECTION('ref_axis',(0.,-0.0800249523746035,0.996792860627243));
#11969=DIRECTION('',(1.,1.06581410364E-14,0.));
#11970=DIRECTION('center_axis',(1.,0.,0.));
#11971=DIRECTION('ref_axis',(0.,-1.,0.));
#11972=DIRECTION('',(1.,0.,0.));
#11973=DIRECTION('',(1.,0.,0.));
#11974=DIRECTION('center_axis',(-1.,0.,0.));
#11975=DIRECTION('ref_axis',(0.,0.026700364047061,0.999643481727238));
#11976=DIRECTION('center_axis',(1.,0.,0.));
#11977=DIRECTION('ref_axis',(0.,1.,1.22464679914735E-16));
#11978=DIRECTION('',(1.,0.,0.));
#11979=DIRECTION('',(1.,0.,0.));
#11980=DIRECTION('center_axis',(-1.,0.,0.));
#11981=DIRECTION('ref_axis',(0.,0.133121338526596,0.991099747365969));
#11982=DIRECTION('center_axis',(1.,0.,0.));
#11983=DIRECTION('ref_axis',(0.,-1.,0.));
#11984=DIRECTION('',(1.,0.,0.));
#11985=DIRECTION('center_axis',(-1.,0.,0.));
#11986=DIRECTION('ref_axis',(0.,-0.133121338526596,-0.991099747365969));
#11987=DIRECTION('',(1.,0.,0.));
#11988=DIRECTION('center_axis',(1.,0.,0.));
#11989=DIRECTION('ref_axis',(0.,-1.,0.));
#11990=DIRECTION('center_axis',(1.,0.,0.));
#11991=DIRECTION('ref_axis',(0.,-0.0800249523746035,0.996792860627243));
#11992=DIRECTION('center_axis',(1.,0.,0.));
#11993=DIRECTION('ref_axis',(0.,0.026700364047061,0.999643481727238));
#11994=DIRECTION('center_axis',(1.,0.,0.));
#11995=DIRECTION('ref_axis',(0.,0.133121338526596,0.991099747365969));
#11996=DIRECTION('center_axis',(-1.,0.,0.));
#11997=DIRECTION('ref_axis',(0.,0.133121338526596,-0.991099747365969));
#11998=DIRECTION('center_axis',(-1.,0.,0.));
#11999=DIRECTION('ref_axis',(0.,0.026700364047061,-0.999643481727238));
#12000=DIRECTION('center_axis',(-1.,0.,0.));
#12001=DIRECTION('ref_axis',(0.,-0.0800249523746035,-0.996792860627243));
#12002=DIRECTION('center_axis',(-1.,0.,0.));
#12003=DIRECTION('ref_axis',(0.,-1.,0.));
#12004=DIRECTION('center_axis',(-1.,0.,0.));
#12005=DIRECTION('ref_axis',(0.,0.,-1.));
#12006=DIRECTION('center_axis',(-1.,0.,0.));
#12007=DIRECTION('ref_axis',(0.,1.,0.));
#12008=DIRECTION('center_axis',(-1.,0.,0.));
#12009=DIRECTION('ref_axis',(0.,-1.,0.));
#12010=DIRECTION('center_axis',(0.,1.22464679914735E-16,1.));
#12011=DIRECTION('ref_axis',(0.,-1.,1.22464679914735E-16));
#12012=DIRECTION('center_axis',(-1.,0.,0.));
#12013=DIRECTION('ref_axis',(0.,1.,0.));
#12014=DIRECTION('',(0.,-1.,0.));
#12015=DIRECTION('',(0.,0.,-1.));
#12016=DIRECTION('center_axis',(-1.,0.,0.));
#12017=DIRECTION('ref_axis',(0.,-0.953939201416942,0.300000000000013));
#12018=DIRECTION('',(0.,0.,1.));
#12019=DIRECTION('center_axis',(-1.,0.,0.));
#12020=DIRECTION('ref_axis',(0.,0.428571428571386,0.903507902905271));
#12021=DIRECTION('',(0.,-1.,0.));
#12022=DIRECTION('center_axis',(-1.,0.,0.));
#12023=DIRECTION('ref_axis',(0.,0.300000000000013,0.953939201416942));
#12024=DIRECTION('',(0.,0.,-1.));
#12025=DIRECTION('center_axis',(-1.,0.,0.));
#12026=DIRECTION('ref_axis',(0.,-0.428571428571386,-0.903507902905271));
#12027=DIRECTION('',(0.,1.,0.));
#12028=DIRECTION('center_axis',(-1.,0.,0.));
#12029=DIRECTION('ref_axis',(0.,-0.300000000000013,-0.953939201416942));
#12030=DIRECTION('',(0.,1.,0.));
#12031=DIRECTION('center_axis',(-1.,0.,0.));
#12032=DIRECTION('ref_axis',(0.,0.903507902905271,-0.428571428571386));
#12033=DIRECTION('',(0.,0.,1.));
#12034=DIRECTION('center_axis',(-1.,0.,0.));
#12035=DIRECTION('ref_axis',(0.,0.953939201416942,-0.300000000000013));
#12036=DIRECTION('center_axis',(1.,0.,0.));
#12037=DIRECTION('ref_axis',(0.,1.,0.));
#12038=DIRECTION('center_axis',(0.,0.,-1.));
#12039=DIRECTION('ref_axis',(0.,-1.,0.));
#12040=DIRECTION('',(1.,0.,0.));
#12041=DIRECTION('center_axis',(-1.,0.,0.));
#12042=DIRECTION('ref_axis',(0.,0.,-1.));
#12043=DIRECTION('',(1.,0.,0.));
#12044=DIRECTION('center_axis',(0.,1.,0.));
#12045=DIRECTION('ref_axis',(0.,0.,-1.));
#12046=DIRECTION('center_axis',(0.,-1.,0.));
#12047=DIRECTION('ref_axis',(0.,0.,1.));
#12048=DIRECTION('',(1.,0.,0.));
#12049=DIRECTION('',(1.,0.,0.));
#12050=DIRECTION('center_axis',(-1.,0.,0.));
#12051=DIRECTION('ref_axis',(0.,0.,-1.));
#12052=DIRECTION('',(1.,0.,0.));
#12053=DIRECTION('center_axis',(0.,0.,-1.));
#12054=DIRECTION('ref_axis',(0.,-1.,0.));
#12055=DIRECTION('',(1.,0.,0.));
#12056=DIRECTION('center_axis',(-1.,0.,0.));
#12057=DIRECTION('ref_axis',(0.,0.,-1.));
#12058=DIRECTION('center_axis',(0.,1.,0.));
#12059=DIRECTION('ref_axis',(0.,0.,-1.));
#12060=DIRECTION('',(1.,0.,0.));
#12061=DIRECTION('',(1.,0.,0.));
#12062=DIRECTION('center_axis',(-1.,0.,0.));
#12063=DIRECTION('ref_axis',(0.,0.,-1.));
#12064=DIRECTION('',(1.,0.,0.));
#12065=DIRECTION('center_axis',(0.,0.,1.));
#12066=DIRECTION('ref_axis',(0.,1.,0.));
#12067=DIRECTION('',(1.,0.,0.));
#12068=DIRECTION('center_axis',(-1.,0.,0.));
#12069=DIRECTION('ref_axis',(0.,0.,-1.));
#12070=DIRECTION('center_axis',(0.,0.,1.));
#12071=DIRECTION('ref_axis',(0.,1.,0.));
#12072=DIRECTION('',(1.,0.,0.));
#12073=DIRECTION('',(1.,0.,0.));
#12074=DIRECTION('center_axis',(-1.,0.,0.));
#12075=DIRECTION('ref_axis',(0.,0.,-1.));
#12076=DIRECTION('',(1.,0.,0.));
#12077=DIRECTION('center_axis',(0.,-1.,0.));
#12078=DIRECTION('ref_axis',(0.,0.,1.));
#12079=DIRECTION('',(1.,0.,0.));
#12080=DIRECTION('center_axis',(-1.,0.,0.));
#12081=DIRECTION('ref_axis',(0.,0.,-1.));
#12082=DIRECTION('center_axis',(1.,0.,0.));
#12083=DIRECTION('ref_axis',(0.,0.999500734637648,-0.0315955923951715));
#12084=DIRECTION('center_axis',(0.,0.0315955923951714,0.999500734637648));
#12085=DIRECTION('ref_axis',(0.,-0.999500734637648,0.0315955923951714));
#12086=DIRECTION('center_axis',(1.,0.,0.));
#12087=DIRECTION('ref_axis',(0.,1.,0.));
#12088=DIRECTION('center_axis',(1.,0.,0.));
#12089=DIRECTION('ref_axis',(0.,1.,0.));
#12090=DIRECTION('center_axis',(1.,0.,0.));
#12091=DIRECTION('ref_axis',(0.,-1.,0.));
#12092=DIRECTION('',(-1.,0.,0.));
#12093=DIRECTION('center_axis',(-1.,0.,0.));
#12094=DIRECTION('ref_axis',(0.,-1.,0.));
#12095=DIRECTION('center_axis',(-1.,0.,0.));
#12096=DIRECTION('ref_axis',(0.,-1.,0.));
#12097=DIRECTION('center_axis',(1.,0.,0.));
#12098=DIRECTION('ref_axis',(0.,-0.999083134198581,-0.0428122758089292));
#12099=DIRECTION('center_axis',(0.,-0.0428122758089293,0.999083134198581));
#12100=DIRECTION('ref_axis',(0.,0.999083134198581,0.0428122758089293));
#12101=DIRECTION('center_axis',(-1.,0.,0.));
#12102=DIRECTION('ref_axis',(0.,-1.,0.));
#12103=DIRECTION('center_axis',(-1.,0.,0.));
#12104=DIRECTION('ref_axis',(0.,1.,0.));
#12105=DIRECTION('center_axis',(-1.,0.,0.));
#12106=DIRECTION('ref_axis',(0.,1.,0.));
#12107=DIRECTION('center_axis',(-1.,0.,0.));
#12108=DIRECTION('ref_axis',(0.,1.,0.));
#12109=DIRECTION('center_axis',(-1.,0.,0.));
#12110=DIRECTION('ref_axis',(0.,-1.,0.));
#12111=DIRECTION('',(-1.,0.,0.));
#12112=DIRECTION('center_axis',(-1.,0.,0.));
#12113=DIRECTION('ref_axis',(0.,1.,0.));
#12114=DIRECTION('center_axis',(-1.,0.,0.));
#12115=DIRECTION('ref_axis',(0.,0.,1.));
#12116=DIRECTION('',(1.,-1.06581410364E-14,0.));
#12117=DIRECTION('center_axis',(1.,0.,0.));
#12118=DIRECTION('ref_axis',(0.,-0.133121338526596,-0.991099747365969));
#12119=DIRECTION('',(1.,1.06581410364E-14,0.));
#12120=DIRECTION('center_axis',(0.,-0.991099747365969,0.133121338526596));
#12121=DIRECTION('ref_axis',(0.,0.133121338526596,0.991099747365969));
#12122=DIRECTION('',(0.,0.133121338526596,0.991099747365969));
#12123=DIRECTION('center_axis',(-1.,0.,0.));
#12124=DIRECTION('ref_axis',(0.,0.,1.));
#12125=DIRECTION('',(0.,-0.0800249523746134,-0.996792860627242));
#12126=DIRECTION('center_axis',(-1.,0.,0.));
#12127=DIRECTION('ref_axis',(0.,0.,1.));
#12128=DIRECTION('',(0.,0.026700364047091,0.999643481727237));
#12129=DIRECTION('center_axis',(1.,0.,0.));
#12130=DIRECTION('ref_axis',(0.,-0.026700364047061,-0.999643481727238));
#12131=DIRECTION('',(0.,0.026700364047061,-0.999643481727238));
#12132=DIRECTION('center_axis',(-1.,0.,0.));
#12133=DIRECTION('ref_axis',(0.,0.,1.));
#12134=DIRECTION('',(0.,-0.0800249523745935,0.996792860627244));
#12135=DIRECTION('center_axis',(1.,0.,0.));
#12136=DIRECTION('ref_axis',(0.,0.0800249523746035,-0.996792860627243));
#12137=DIRECTION('',(0.,0.133121338526596,-0.991099747365969));
#12138=DIRECTION('center_axis',(0.,0.996792860627243,-0.0800249523746035));
#12139=DIRECTION('ref_axis',(0.,-0.0800249523746035,-0.996792860627243));
#12140=DIRECTION('center_axis',(0.,0.999643481727238,0.026700364047061));
#12141=DIRECTION('ref_axis',(0.,0.026700364047061,-0.999643481727238));
#12142=DIRECTION('',(1.,0.,0.));
#12143=DIRECTION('center_axis',(-1.,0.,0.));
#12144=DIRECTION('ref_axis',(0.,1.22464679914735E-16,-1.));
#12145=DIRECTION('',(1.,0.,0.));
#12146=DIRECTION('center_axis',(0.,-0.999643481727237,0.026700364047091));
#12147=DIRECTION('ref_axis',(0.,0.026700364047091,0.999643481727237));
#12148=DIRECTION('center_axis',(0.,0.991099747365969,0.133121338526596));
#12149=DIRECTION('ref_axis',(0.,0.133121338526596,-0.991099747365969));
#12150=DIRECTION('',(1.,0.,0.));
#12151=DIRECTION('center_axis',(-1.,0.,0.));
#12152=DIRECTION('ref_axis',(0.,0.,1.));
#12153=DIRECTION('',(1.,0.,0.));
#12154=DIRECTION('center_axis',(0.,-0.996792860627243,-0.0800249523746035));
#12155=DIRECTION('ref_axis',(0.,-0.0800249523746035,0.996792860627243));
#12156=DIRECTION('center_axis',(1.,0.,0.));
#12157=DIRECTION('ref_axis',(0.,0.,-1.));
#12158=DIRECTION('',(1.,0.,0.));
#12159=DIRECTION('',(1.,0.,0.));
#12160=DIRECTION('center_axis',(0.,-0.991099747365969,0.133121338526596));
#12161=DIRECTION('ref_axis',(0.,0.133121338526596,0.991099747365969));
#12162=DIRECTION('center_axis',(0.,0.996792860627243,-0.0800249523746035));
#12163=DIRECTION('ref_axis',(0.,-0.0800249523746035,-0.996792860627243));
#12164=DIRECTION('center_axis',(1.,0.,0.));
#12165=DIRECTION('ref_axis',(0.,1.22464679914735E-16,1.));
#12166=DIRECTION('',(1.,0.,0.));
#12167=DIRECTION('center_axis',(0.,-0.999643481727238,0.026700364047061));
#12168=DIRECTION('ref_axis',(0.,0.026700364047061,0.999643481727238));
#12169=DIRECTION('center_axis',(1.,0.,0.));
#12170=DIRECTION('ref_axis',(0.,0.,-1.));
#12171=DIRECTION('',(1.,0.,0.));
#12172=DIRECTION('',(1.,0.,0.));
#12173=DIRECTION('center_axis',(0.,-0.996792860627243,-0.0800249523746035));
#12174=DIRECTION('ref_axis',(0.,-0.0800249523746035,0.996792860627243));
#12175=DIRECTION('center_axis',(0.,0.991099747365969,0.133121338526596));
#12176=DIRECTION('ref_axis',(0.,0.133121338526596,-0.991099747365969));
#12177=DIRECTION('center_axis',(-1.,0.,0.));
#12178=DIRECTION('ref_axis',(0.,0.,-1.));
#12179=DIRECTION('center_axis',(-1.,0.,0.));
#12180=DIRECTION('ref_axis',(0.,0.,-1.));
#12181=DIRECTION('',(-1.,0.,0.));
#12182=DIRECTION('center_axis',(-1.,0.,0.));
#12183=DIRECTION('ref_axis',(0.,0.,-1.));
#12184=DIRECTION('center_axis',(-1.,0.,0.));
#12185=DIRECTION('ref_axis',(0.,0.,1.));
#12186=DIRECTION('',(0.,-0.964649468762316,-0.263536339840604));
#12187=DIRECTION('center_axis',(-1.,0.,0.));
#12188=DIRECTION('ref_axis',(0.,0.964649468762315,-0.263536339840604));
#12189=DIRECTION('',(0.,0.964649468762316,-0.263536339840604));
#12190=DIRECTION('center_axis',(0.,0.263536339840604,0.964649468762316));
#12191=DIRECTION('ref_axis',(0.,0.964649468762315,-0.263536339840604));
#12192=DIRECTION('',(1.,0.,0.));
#12193=DIRECTION('',(0.,0.964649468762316,-0.263536339840604));
#12194=DIRECTION('center_axis',(-1.,0.,0.));
#12195=DIRECTION('ref_axis',(0.,0.,1.));
#12196=DIRECTION('center_axis',(-1.,0.,0.));
#12197=DIRECTION('ref_axis',(0.,0.964649468762315,-0.263536339840604));
#12198=DIRECTION('',(0.,-0.964649468762316,-0.263536339840604));
#12199=DIRECTION('center_axis',(0.,0.263536339840604,-0.964649468762316));
#12200=DIRECTION('ref_axis',(0.,-0.964649468762315,-0.263536339840604));
#12201=DIRECTION('',(1.,0.,0.));
#12202=DIRECTION('center_axis',(-1.,0.,0.));
#12203=DIRECTION('ref_axis',(0.,-1.,-1.83697019872103E-16));
#12204=DIRECTION('center_axis',(1.,0.,0.));
#12205=DIRECTION('ref_axis',(0.,0.,1.));
#12206=DIRECTION('center_axis',(1.,0.,0.));
#12207=DIRECTION('ref_axis',(0.,0.,1.));
#12208=DIRECTION('',(1.,0.,0.));
#12209=DIRECTION('',(1.,0.,0.));
#12210=DIRECTION('center_axis',(1.,0.,0.));
#12211=DIRECTION('ref_axis',(0.,1.,0.));
#12212=DIRECTION('',(0.,0.,1.));
#12213=DIRECTION('center_axis',(1.,0.,0.));
#12214=DIRECTION('ref_axis',(0.,-1.,0.));
#12215=DIRECTION('',(0.,1.,0.));
#12216=DIRECTION('',(0.,0.,1.));
#12217=DIRECTION('',(0.,-1.,0.));
#12218=DIRECTION('',(0.,0.,1.));
#12219=DIRECTION('',(0.,-1.,0.));
#12220=DIRECTION('',(0.,0.,1.));
#12221=DIRECTION('',(0.,1.,0.));
#12222=DIRECTION('center_axis',(1.,0.,0.));
#12223=DIRECTION('ref_axis',(0.,-1.,0.));
#12224=DIRECTION('center_axis',(1.,0.,0.));
#12225=DIRECTION('ref_axis',(0.,-1.,0.));
#12226=DIRECTION('center_axis',(0.,0.,1.));
#12227=DIRECTION('ref_axis',(1.,0.,0.));
#12228=DIRECTION('',(1.,0.,0.));
#12229=DIRECTION('',(0.,-1.,0.));
#12230=DIRECTION('',(-1.,0.,0.));
#12231=DIRECTION('',(0.,-1.,0.));
#12232=DIRECTION('',(1.,0.,0.));
#12233=DIRECTION('',(0.,-1.,0.));
#12234=DIRECTION('',(1.,0.,0.));
#12235=DIRECTION('',(0.6666666666667,-0.7453559924999,0.));
#12236=DIRECTION('center_axis',(-0.7453559924999,-0.6666666666667,0.));
#12237=DIRECTION('ref_axis',(0.6666666666667,-0.7453559924999,0.));
#12238=DIRECTION('',(0.6666666666667,-0.7453559924999,0.));
#12239=DIRECTION('',(0.,0.,1.));
#12240=DIRECTION('',(0.6666666666667,-0.7453559924999,0.));
#12241=DIRECTION('center_axis',(-0.7453559924999,-0.6666666666667,0.));
#12242=DIRECTION('ref_axis',(0.6666666666667,-0.7453559924999,0.));
#12243=DIRECTION('',(0.6666666666667,-0.7453559924999,0.));
#12244=DIRECTION('',(0.,0.,1.));
#12245=DIRECTION('center_axis',(0.,0.,1.));
#12246=DIRECTION('ref_axis',(1.,0.,0.));
#12247=DIRECTION('',(-1.,0.,0.));
#12248=DIRECTION('center_axis',(0.,-1.,0.));
#12249=DIRECTION('ref_axis',(1.,0.,0.));
#12250=DIRECTION('',(0.,0.,1.));
#12251=DIRECTION('',(1.,0.,0.));
#12252=DIRECTION('',(-1.,0.,0.));
#12253=DIRECTION('center_axis',(0.,0.,1.));
#12254=DIRECTION('ref_axis',(1.,0.,0.));
#12255=DIRECTION('center_axis',(0.,0.,1.));
#12256=DIRECTION('ref_axis',(1.,0.,0.));
#12257=DIRECTION('',(-1.,0.,0.));
#12258=DIRECTION('',(0.,-1.,0.));
#12259=DIRECTION('',(1.,0.,0.));
#12260=DIRECTION('',(0.,-1.,0.));
#12261=DIRECTION('',(-1.,0.,0.));
#12262=DIRECTION('',(0.,-1.,0.));
#12263=DIRECTION('',(1.,0.,0.));
#12264=DIRECTION('center_axis',(-1.,0.,0.));
#12265=DIRECTION('ref_axis',(0.,0.,-1.));
#12266=DIRECTION('',(-1.,0.,0.));
#12267=DIRECTION('center_axis',(0.,-1.,0.));
#12268=DIRECTION('ref_axis',(1.,0.,0.));
#12269=DIRECTION('center_axis',(0.,1.,0.));
#12270=DIRECTION('ref_axis',(1.,0.,0.));
#12271=DIRECTION('center_axis',(0.,-1.,0.));
#12272=DIRECTION('ref_axis',(0.628539361054693,0.,-0.777777777777791));
#12273=DIRECTION('',(0.,0.,1.));
#12274=DIRECTION('',(1.,0.,0.));
#12275=DIRECTION('',(-0.707106781186547,0.,-0.707106781186547));
#12276=DIRECTION('',(-1.,0.,0.));
#12277=DIRECTION('center_axis',(0.,1.,0.));
#12278=DIRECTION('ref_axis',(1.,0.,0.));
#12279=DIRECTION('',(1.,0.,0.));
#12280=DIRECTION('',(0.,0.,-1.));
#12281=DIRECTION('center_axis',(0.,-1.,0.));
#12282=DIRECTION('ref_axis',(-1.,0.,0.));
#12283=DIRECTION('',(-0.71249305851384,0.,-0.701679158568639));
#12284=DIRECTION('',(-0.707106781186547,0.,0.707106781186547));
#12285=DIRECTION('center_axis',(0.,1.,0.));
#12286=DIRECTION('ref_axis',(1.,0.,0.));
#12287=DIRECTION('',(-1.,0.,0.));
#12288=DIRECTION('',(0.707106781186547,0.,0.707106781186547));
#12289=DIRECTION('',(0.707106781186548,0.,-0.707106781186548));
#12290=DIRECTION('center_axis',(0.,-1.,0.));
#12291=DIRECTION('ref_axis',(-0.777333877379668,0.,0.629088263344574));
#12292=DIRECTION('',(0.,0.,-1.));
#12293=DIRECTION('center_axis',(0.,1.,0.));
#12294=DIRECTION('ref_axis',(1.,0.,0.));
#12295=DIRECTION('',(0.,0.,-1.));
#12296=DIRECTION('',(-1.,0.,0.));
#12297=DIRECTION('',(-0.707106781186548,0.,0.707106781186548));
#12298=DIRECTION('',(0.707106781186548,0.,0.707106781186548));
#12299=DIRECTION('center_axis',(0.,-1.,0.));
#12300=DIRECTION('ref_axis',(-0.624524075174465,0.,-0.781005556655956));
#12301=DIRECTION('',(1.,0.,0.));
#12302=DIRECTION('center_axis',(0.,1.,0.));
#12303=DIRECTION('ref_axis',(1.,0.,0.));
#12304=DIRECTION('',(0.,0.,-1.));
#12305=DIRECTION('',(-1.,0.,0.));
#12306=DIRECTION('center_axis',(0.,-1.,0.));
#12307=DIRECTION('ref_axis',(0.,0.,1.));
#12308=DIRECTION('',(-0.707106781186548,0.,0.707106781186548));
#12309=DIRECTION('',(0.707106781186548,0.,0.707106781186548));
#12310=DIRECTION('',(1.,0.,0.));
#12311=DIRECTION('center_axis',(0.,1.,0.));
#12312=DIRECTION('ref_axis',(1.,0.,0.));
#12313=DIRECTION('',(0.,0.,1.));
#12314=DIRECTION('',(1.,0.,0.));
#12315=DIRECTION('',(-0.707106781186547,0.,-0.707106781186547));
#12316=DIRECTION('center_axis',(0.,1.,0.));
#12317=DIRECTION('ref_axis',(1.,0.,0.));
#12318=DIRECTION('',(-0.707106781186547,0.,0.707106781186547));
#12319=DIRECTION('',(1.,0.,0.));
#12320=DIRECTION('',(-0.707106781186547,0.,-0.707106781186547));
#12321=DIRECTION('center_axis',(0.,1.,0.));
#12322=DIRECTION('ref_axis',(1.,0.,0.));
#12323=DIRECTION('',(-1.,0.,0.));
#12324=DIRECTION('',(0.707106781186547,0.,0.707106781186547));
#12325=DIRECTION('',(0.707106781186547,0.,-0.707106781186547));
#12326=DIRECTION('center_axis',(0.,1.,0.));
#12327=DIRECTION('ref_axis',(1.,0.,0.));
#12328=DIRECTION('',(-0.707106781186498,0.,0.707106781186598));
#12329=DIRECTION('',(0.707106781186548,0.,0.707106781186548));
#12330=DIRECTION('',(0.,0.,-1.));
#12331=DIRECTION('center_axis',(0.,1.,0.));
#12332=DIRECTION('ref_axis',(1.,0.,0.));
#12333=DIRECTION('',(-1.,0.,0.));
#12334=DIRECTION('',(0.,0.,1.));
#12335=DIRECTION('',(0.,0.,-1.));
#12336=DIRECTION('center_axis',(0.,1.,0.));
#12337=DIRECTION('ref_axis',(1.,0.,0.));
#12338=DIRECTION('center_axis',(0.,1.,0.));
#12339=DIRECTION('ref_axis',(1.,0.,0.));
#12340=DIRECTION('center_axis',(0.,1.,0.));
#12341=DIRECTION('ref_axis',(1.,0.,0.));
#12342=DIRECTION('',(0.,0.,-1.));
#12343=DIRECTION('',(0.,0.,-1.));
#12344=DIRECTION('',(1.,0.,0.));
#12345=DIRECTION('center_axis',(0.,1.,0.));
#12346=DIRECTION('ref_axis',(0.,0.,1.));
#12347=DIRECTION('center_axis',(0.,1.,0.));
#12348=DIRECTION('ref_axis',(1.,0.,0.));
#12349=DIRECTION('center_axis',(0.,1.,0.));
#12350=DIRECTION('ref_axis',(1.,0.,0.));
#12351=DIRECTION('',(1.,0.,0.));
#12352=DIRECTION('',(0.,0.,1.));
#12353=DIRECTION('center_axis',(0.,1.,0.));
#12354=DIRECTION('ref_axis',(-1.,0.,0.));
#12355=DIRECTION('center_axis',(0.,1.,0.));
#12356=DIRECTION('ref_axis',(1.,0.,0.));
#12357=DIRECTION('center_axis',(0.,1.,0.));
#12358=DIRECTION('ref_axis',(1.,0.,0.));
#12359=DIRECTION('',(0.,0.,1.));
#12360=DIRECTION('',(-1.,0.,0.));
#12361=DIRECTION('center_axis',(0.,1.,0.));
#12362=DIRECTION('ref_axis',(0.,0.,-1.));
#12363=DIRECTION('center_axis',(0.,1.,0.));
#12364=DIRECTION('ref_axis',(1.,0.,0.));
#12365=DIRECTION('center_axis',(0.,1.,0.));
#12366=DIRECTION('ref_axis',(1.,0.,0.));
#12367=DIRECTION('',(-1.,0.,0.));
#12368=DIRECTION('',(0.707106781186548,0.,0.707106781186548));
#12369=DIRECTION('',(0.707106781186547,0.,-0.707106781186547));
#12370=DIRECTION('',(-0.707106781186548,0.,-0.707106781186548));
#12371=DIRECTION('',(-1.,0.,0.));
#12372=DIRECTION('',(0.,0.,-1.));
#12373=DIRECTION('',(-0.707106781186547,0.,-0.707106781186547));
#12374=DIRECTION('',(-0.707106781186548,0.,0.707106781186548));
#12375=DIRECTION('',(-1.,0.,0.));
#12376=DIRECTION('center_axis',(0.,-1.,0.));
#12377=DIRECTION('ref_axis',(-4.037796822824E-8,0.,-0.999999999999999));
#12378=DIRECTION('center_axis',(0.,1.,0.));
#12379=DIRECTION('ref_axis',(1.,0.,0.));
#12380=DIRECTION('',(1.,0.,0.));
#12381=DIRECTION('',(0.,0.,1.));
#12382=DIRECTION('',(0.707106781186548,0.,-0.707106781186548));
#12383=DIRECTION('center_axis',(0.,1.,0.));
#12384=DIRECTION('ref_axis',(1.,0.,0.));
#12385=DIRECTION('',(1.,0.,0.));
#12386=DIRECTION('',(-0.707106781186547,0.,0.707106781186547));
#12387=DIRECTION('',(0.707106781186547,0.,0.707106781186547));
#12388=DIRECTION('',(1.,0.,0.));
#12389=DIRECTION('',(0.,0.,1.));
#12390=DIRECTION('',(-1.,0.,0.));
#12391=DIRECTION('',(0.707106781186548,0.,-0.707106781186548));
#12392=DIRECTION('',(-0.707106781186547,0.,-0.707106781186547));
#12393=DIRECTION('center_axis',(0.,1.,0.));
#12394=DIRECTION('ref_axis',(1.,0.,0.));
#12395=DIRECTION('',(1.,0.,0.));
#12396=DIRECTION('',(-0.707106781186598,0.,-0.707106781186498));
#12397=DIRECTION('center_axis',(0.,-1.,0.));
#12398=DIRECTION('ref_axis',(0.624524075174465,0.,0.781005556655956));
#12399=DIRECTION('center_axis',(0.,1.,0.));
#12400=DIRECTION('ref_axis',(1.,0.,0.));
#12401=DIRECTION('',(1.,0.,0.));
#12402=DIRECTION('',(0.707106781186548,0.,-0.707106781186548));
#12403=DIRECTION('',(-1.,0.,0.));
#12404=DIRECTION('',(0.,0.,1.));
#12405=DIRECTION('center_axis',(0.,-1.,0.));
#12406=DIRECTION('ref_axis',(1.,0.,0.));
#12407=DIRECTION('',(0.707106781186547,0.,0.707106781186547));
#12408=DIRECTION('center_axis',(0.,1.,0.));
#12409=DIRECTION('ref_axis',(1.,0.,0.));
#12410=DIRECTION('center_axis',(0.,-1.,0.));
#12411=DIRECTION('ref_axis',(1.78533163364097E-7,0.,-0.999999999999984));
#12412=DIRECTION('',(1.,0.,0.));
#12413=DIRECTION('',(0.707106781186548,0.,0.707106781186548));
#12414=DIRECTION('',(0.707106781186547,0.,-0.707106781186547));
#12415=DIRECTION('',(0.,0.,-1.));
#12416=DIRECTION('',(1.,0.,0.));
#12417=DIRECTION('',(0.707106781186548,0.,-0.707106781186548));
#12418=DIRECTION('',(-0.707106781186547,0.,-0.707106781186547));
#12419=DIRECTION('',(-0.707106781186548,0.,0.707106781186548));
#12420=DIRECTION('',(1.,0.,0.));
#12421=DIRECTION('center_axis',(0.,1.,0.));
#12422=DIRECTION('ref_axis',(1.,0.,0.));
#12423=DIRECTION('center_axis',(0.,1.,0.));
#12424=DIRECTION('ref_axis',(1.,0.,0.));
#12425=DIRECTION('',(0.,-1.,0.));
#12426=DIRECTION('',(0.,-1.,0.));
#12427=DIRECTION('center_axis',(0.,1.,0.));
#12428=DIRECTION('ref_axis',(-1.,0.,0.));
#12429=DIRECTION('',(1.,0.,0.));
#12430=DIRECTION('center_axis',(0.,1.,0.));
#12431=DIRECTION('ref_axis',(1.,0.,0.));
#12432=DIRECTION('',(0.,0.,-1.));
#12433=DIRECTION('',(0.,0.,-1.));
#12434=DIRECTION('center_axis',(0.,1.,0.));
#12435=DIRECTION('ref_axis',(0.,0.,-1.));
#12436=DIRECTION('',(-1.,0.,0.));
#12437=DIRECTION('',(-1.,0.,0.));
#12438=DIRECTION('center_axis',(0.,1.,0.));
#12439=DIRECTION('ref_axis',(-1.,0.,0.));
#12440=DIRECTION('',(0.,0.,-1.));
#12441=DIRECTION('',(0.,0.,1.));
#12442=DIRECTION('center_axis',(0.,1.,0.));
#12443=DIRECTION('ref_axis',(0.,0.,1.));
#12444=DIRECTION('',(-1.,0.,0.));
#12445=DIRECTION('',(0.,0.,1.));
#12446=DIRECTION('',(1.,0.,0.));
#12447=DIRECTION('',(-0.707106781186547,0.,-0.707106781186547));
#12448=DIRECTION('',(1.,0.,0.));
#12449=DIRECTION('',(0.,0.,1.));
#12450=DIRECTION('',(1.,0.,0.));
#12451=DIRECTION('',(-0.707106781186547,0.,0.707106781186547));
#12452=DIRECTION('',(-0.71249305851384,0.,-0.701679158568639));
#12453=DIRECTION('center_axis',(0.,1.,0.));
#12454=DIRECTION('ref_axis',(-0.777777777777791,0.,-0.628539361054693));
#12455=DIRECTION('',(0.,0.,-1.));
#12456=DIRECTION('',(-1.,0.,0.));
#12457=DIRECTION('',(0.,0.,-1.));
#12458=DIRECTION('center_axis',(0.,1.,0.));
#12459=DIRECTION('ref_axis',(-1.,0.,0.));
#12460=DIRECTION('',(-0.707106781186548,0.,0.707106781186548));
#12461=DIRECTION('',(0.707106781186547,0.,0.707106781186547));
#12462=DIRECTION('',(-1.,0.,0.));
#12463=DIRECTION('',(0.707106781186547,0.,-0.707106781186547));
#12464=DIRECTION('',(-0.707106781186548,0.,-0.707106781186548));
#12465=DIRECTION('center_axis',(0.,1.,0.));
#12466=DIRECTION('ref_axis',(0.781005556655956,0.,0.624524075174465));
#12467=DIRECTION('',(0.,0.,1.));
#12468=DIRECTION('',(0.,0.,-1.));
#12469=DIRECTION('',(1.,0.,0.));
#12470=DIRECTION('center_axis',(0.,1.,0.));
#12471=DIRECTION('ref_axis',(0.,0.,-1.));
#12472=DIRECTION('',(-0.707106781186548,0.,-0.707106781186548));
#12473=DIRECTION('',(-0.707106781186548,0.,0.707106781186548));
#12474=DIRECTION('',(-1.,0.,0.));
#12475=DIRECTION('',(0.,0.,-1.));
#12476=DIRECTION('',(1.,0.,0.));
#12477=DIRECTION('',(0.707106781186548,0.,0.707106781186548));
#12478=DIRECTION('',(0.707106781186548,0.,-0.707106781186548));
#12479=DIRECTION('center_axis',(0.,1.,0.));
#12480=DIRECTION('ref_axis',(-0.629088263344574,0.,0.777333877379668));
#12481=DIRECTION('',(-1.,0.,0.));
#12482=DIRECTION('',(0.,0.,1.));
#12483=DIRECTION('',(-1.,0.,0.));
#12484=DIRECTION('center_axis',(0.,1.,0.));
#12485=DIRECTION('ref_axis',(0.,0.,1.));
#12486=DIRECTION('',(0.707106781186548,0.,0.707106781186548));
#12487=DIRECTION('',(0.707106781186547,0.,-0.707106781186547));
#12488=DIRECTION('',(0.,0.,1.));
#12489=DIRECTION('',(-0.707106781186547,0.,-0.707106781186547));
#12490=DIRECTION('',(1.,0.,0.));
#12491=DIRECTION('',(0.707106781186547,0.,-0.707106781186547));
#12492=DIRECTION('',(0.707106781186547,0.,0.707106781186547));
#12493=DIRECTION('',(0.,0.,1.));
#12494=DIRECTION('',(-0.707106781186547,0.,0.707106781186547));
#12495=DIRECTION('',(-0.707106781186547,0.,-0.707106781186547));
#12496=DIRECTION('',(0.,0.,-1.));
#12497=DIRECTION('',(-1.,0.,0.));
#12498=DIRECTION('',(-0.707106781186548,0.,-0.707106781186548));
#12499=DIRECTION('',(1.,0.,0.));
#12500=DIRECTION('',(0.707106781186547,0.,0.707106781186547));
#12501=DIRECTION('',(-0.707106781186547,0.,0.707106781186547));
#12502=DIRECTION('',(-0.707106781186547,0.,-0.707106781186547));
#12503=DIRECTION('',(0.707106781186548,0.,-0.707106781186548));
#12504=DIRECTION('',(0.,0.,1.));
#12505=DIRECTION('',(0.707106781186547,0.,0.707106781186547));
#12506=DIRECTION('',(-0.707106781186547,0.,0.707106781186547));
#12507=DIRECTION('',(-0.707106781186547,0.,-0.707106781186547));
#12508=DIRECTION('',(0.707106781186548,0.,-0.707106781186548));
#12509=DIRECTION('',(1.,0.,0.));
#12510=DIRECTION('',(0.,0.,-1.));
#12511=DIRECTION('',(0.707106781186547,0.,-0.707106781186547));
#12512=DIRECTION('',(-0.707106781186547,0.,0.707106781186547));
#12513=DIRECTION('',(-0.707106781186547,0.,-0.707106781186547));
#12514=DIRECTION('',(1.,0.,0.));
#12515=DIRECTION('',(-1.,0.,0.));
#12516=DIRECTION('',(0.707106781186547,0.,-0.707106781186547));
#12517=DIRECTION('',(0.707106781186547,0.,0.707106781186547));
#12518=DIRECTION('',(-0.707106781186498,0.,0.707106781186598));
#12519=DIRECTION('',(0.,0.,-1.));
#12520=DIRECTION('',(0.707106781186548,0.,0.707106781186548));
#12521=DIRECTION('',(0.,0.,1.));
#12522=DIRECTION('',(-1.,0.,0.));
#12523=DIRECTION('',(0.,0.,-1.));
#12524=DIRECTION('',(1.,0.,0.));
#12525=DIRECTION('center_axis',(0.,1.,0.));
#12526=DIRECTION('ref_axis',(1.,0.,0.));
#12527=DIRECTION('center_axis',(0.,1.,0.));
#12528=DIRECTION('ref_axis',(-1.,0.,0.));
#12529=DIRECTION('center_axis',(0.,1.,0.));
#12530=DIRECTION('ref_axis',(-1.,0.,0.));
#12531=DIRECTION('center_axis',(0.,0.,-1.));
#12532=DIRECTION('ref_axis',(-1.,0.,0.));
#12533=DIRECTION('',(0.,-1.,0.));
#12534=DIRECTION('',(0.,-1.,0.));
#12535=DIRECTION('center_axis',(0.,1.,0.));
#12536=DIRECTION('ref_axis',(1.,0.,0.));
#12537=DIRECTION('',(0.,-1.,0.));
#12538=DIRECTION('center_axis',(1.,0.,0.));
#12539=DIRECTION('ref_axis',(0.,0.,-1.));
#12540=DIRECTION('center_axis',(-1.,0.,0.));
#12541=DIRECTION('ref_axis',(0.,-1.,0.));
#12542=DIRECTION('',(0.,-1.,0.));
#12543=DIRECTION('center_axis',(-1.,0.,0.));
#12544=DIRECTION('ref_axis',(0.,1.,0.));
#12545=DIRECTION('center_axis',(1.,0.,0.));
#12546=DIRECTION('ref_axis',(0.,1.,0.));
#12547=DIRECTION('center_axis',(-1.,0.,0.));
#12548=DIRECTION('ref_axis',(0.,-1.,0.));
#12549=DIRECTION('center_axis',(-1.,0.,0.));
#12550=DIRECTION('ref_axis',(0.,1.,0.));
#12551=DIRECTION('center_axis',(-1.,0.,0.));
#12552=DIRECTION('ref_axis',(0.,-1.,0.));
#12553=DIRECTION('center_axis',(1.,0.,0.));
#12554=DIRECTION('ref_axis',(0.,1.,0.));
#12555=DIRECTION('center_axis',(0.,0.,1.));
#12556=DIRECTION('ref_axis',(1.,0.,0.));
#12557=DIRECTION('',(0.,-1.,0.));
#12558=DIRECTION('center_axis',(0.,1.,0.));
#12559=DIRECTION('ref_axis',(1.,0.,0.));
#12560=DIRECTION('',(0.,-1.,0.));
#12561=DIRECTION('center_axis',(1.,0.,0.));
#12562=DIRECTION('ref_axis',(0.,0.,-1.));
#12563=DIRECTION('center_axis',(-1.,0.,0.));
#12564=DIRECTION('ref_axis',(0.,1.,0.));
#12565=DIRECTION('',(-1.,0.,0.));
#12566=DIRECTION('center_axis',(-1.,0.,0.));
#12567=DIRECTION('ref_axis',(0.,1.,0.));
#12568=DIRECTION('center_axis',(-1.,0.,0.));
#12569=DIRECTION('ref_axis',(0.,1.,0.));
#12570=DIRECTION('center_axis',(-1.,0.,0.));
#12571=DIRECTION('ref_axis',(0.,1.,0.));
#12572=DIRECTION('center_axis',(1.,0.,0.));
#12573=DIRECTION('ref_axis',(0.,-1.,0.));
#12574=DIRECTION('center_axis',(-1.,0.,0.));
#12575=DIRECTION('ref_axis',(0.,1.,0.));
#12576=DIRECTION('',(-0.995037190209989,-0.0995037190210051,-1.21856911002332E-17));
#12577=DIRECTION('center_axis',(-1.,0.,0.));
#12578=DIRECTION('ref_axis',(0.,1.,0.));
#12579=DIRECTION('center_axis',(-1.,0.,0.));
#12580=DIRECTION('ref_axis',(0.,1.,0.));
#12581=DIRECTION('center_axis',(-1.,0.,0.));
#12582=DIRECTION('ref_axis',(0.,1.,0.));
#12583=DIRECTION('',(1.,0.,0.));
#12584=DIRECTION('center_axis',(1.,0.,0.));
#12585=DIRECTION('ref_axis',(0.,1.,0.));
#12586=DIRECTION('center_axis',(-1.,0.,0.));
#12587=DIRECTION('ref_axis',(0.,1.,0.));
#12588=DIRECTION('',(1.,0.,0.));
#12589=DIRECTION('center_axis',(1.,0.,0.));
#12590=DIRECTION('ref_axis',(0.,1.,0.));
#12591=DIRECTION('center_axis',(1.,0.,0.));
#12592=DIRECTION('ref_axis',(0.,1.,0.));
#12593=DIRECTION('center_axis',(1.,0.,0.));
#12594=DIRECTION('ref_axis',(0.,1.,0.));
#12595=DIRECTION('center_axis',(-1.,0.,0.));
#12596=DIRECTION('ref_axis',(0.,1.,0.));
#12597=DIRECTION('',(-0.995037190209989,0.0995037190210051,1.21856911002332E-17));
#12598=DIRECTION('center_axis',(1.,0.,0.));
#12599=DIRECTION('ref_axis',(0.,1.,0.));
#12600=DIRECTION('center_axis',(1.,0.,0.));
#12601=DIRECTION('ref_axis',(0.,1.,0.));
#12602=DIRECTION('center_axis',(1.,0.,0.));
#12603=DIRECTION('ref_axis',(0.,1.,0.));
#12604=DIRECTION('',(-1.,0.,0.));
#12605=DIRECTION('center_axis',(-1.,0.,0.));
#12606=DIRECTION('ref_axis',(0.,0.,1.));
#12607=DIRECTION('',(0.,-1.,0.));
#12608=DIRECTION('center_axis',(0.,1.,0.));
#12609=DIRECTION('ref_axis',(1.,0.,0.));
#12610=DIRECTION('',(0.,-1.,0.));
#12611=DIRECTION('center_axis',(0.,0.,1.));
#12612=DIRECTION('ref_axis',(1.,0.,0.));
#12613=DIRECTION('center_axis',(0.,0.,-1.));
#12614=DIRECTION('ref_axis',(-1.,0.,0.));
#12615=DIRECTION('',(0.,-1.,0.));
#12616=DIRECTION('center_axis',(0.,1.,0.));
#12617=DIRECTION('ref_axis',(1.,0.,0.));
#12618=DIRECTION('',(0.,-1.,0.));
#12619=DIRECTION('center_axis',(-1.,0.,0.));
#12620=DIRECTION('ref_axis',(0.,0.,1.));
#12621=DIRECTION('center_axis',(-1.,0.,0.));
#12622=DIRECTION('ref_axis',(0.,0.,1.));
#12623=DIRECTION('',(0.,-1.,0.));
#12624=DIRECTION('center_axis',(0.,0.,1.));
#12625=DIRECTION('ref_axis',(1.,0.,0.));
#12626=DIRECTION('',(0.,-1.,0.));
#12627=DIRECTION('center_axis',(0.707106781186548,0.,-0.707106781186548));
#12628=DIRECTION('ref_axis',(-0.707106781186548,0.,-0.707106781186548));
#12629=DIRECTION('',(0.,-1.,0.));
#12630=DIRECTION('center_axis',(0.,0.,-1.));
#12631=DIRECTION('ref_axis',(-1.,0.,0.));
#12632=DIRECTION('center_axis',(0.,0.,1.));
#12633=DIRECTION('ref_axis',(1.,0.,0.));
#12634=DIRECTION('',(0.,-1.,0.));
#12635=DIRECTION('',(0.,-1.,0.));
#12636=DIRECTION('center_axis',(-0.707106781186548,0.,-0.707106781186548));
#12637=DIRECTION('ref_axis',(-0.707106781186548,0.,0.707106781186548));
#12638=DIRECTION('',(0.,-1.,0.));
#12639=DIRECTION('center_axis',(0.701679158568639,0.,-0.71249305851384));
#12640=DIRECTION('ref_axis',(-0.71249305851384,0.,-0.701679158568639));
#12641=DIRECTION('',(0.,-1.,0.));
#12642=DIRECTION('center_axis',(0.,1.,0.));
#12643=DIRECTION('ref_axis',(1.,0.,0.));
#12644=DIRECTION('',(0.,-1.,0.));
#12645=DIRECTION('center_axis',(1.,0.,0.));
#12646=DIRECTION('ref_axis',(0.,0.,-1.));
#12647=DIRECTION('center_axis',(0.,0.,-1.));
#12648=DIRECTION('ref_axis',(-1.,0.,0.));
#12649=DIRECTION('',(0.,-1.,0.));
#12650=DIRECTION('',(0.,-1.,0.));
#12651=DIRECTION('center_axis',(1.,0.,0.));
#12652=DIRECTION('ref_axis',(0.,0.,-1.));
#12653=DIRECTION('',(0.,-1.,0.));
#12654=DIRECTION('center_axis',(0.,1.,0.));
#12655=DIRECTION('ref_axis',(1.,0.,0.));
#12656=DIRECTION('',(0.,-1.,0.));
#12657=DIRECTION('center_axis',(0.707106781186548,0.,0.707106781186548));
#12658=DIRECTION('ref_axis',(0.707106781186548,0.,-0.707106781186548));
#12659=DIRECTION('',(0.,-1.,0.));
#12660=DIRECTION('center_axis',(-0.707106781186548,0.,0.707106781186548));
#12661=DIRECTION('ref_axis',(0.707106781186548,0.,0.707106781186548));
#12662=DIRECTION('center_axis',(0.,0.,-1.));
#12663=DIRECTION('ref_axis',(-1.,0.,0.));
#12664=DIRECTION('',(0.,-1.,0.));
#12665=DIRECTION('',(0.,-1.,0.));
#12666=DIRECTION('center_axis',(0.707106781186548,0.,0.707106781186548));
#12667=DIRECTION('ref_axis',(0.707106781186548,0.,-0.707106781186548));
#12668=DIRECTION('center_axis',(0.707106781186548,0.,0.707106781186548));
#12669=DIRECTION('ref_axis',(-0.707106781186548,0.,0.707106781186548));
#12670=DIRECTION('',(0.,-1.,0.));
#12671=DIRECTION('center_axis',(1.,0.,0.));
#12672=DIRECTION('ref_axis',(0.,1.,0.));
#12673=DIRECTION('center_axis',(0.707106781186548,0.,-0.707106781186548));
#12674=DIRECTION('ref_axis',(0.707106781186548,0.,0.707106781186548));
#12675=DIRECTION('center_axis',(1.,0.,0.));
#12676=DIRECTION('ref_axis',(0.,1.,0.));
#12677=DIRECTION('center_axis',(-1.,0.,0.));
#12678=DIRECTION('ref_axis',(0.,0.,1.));
#12679=DIRECTION('center_axis',(0.707106781186548,0.,0.707106781186548));
#12680=DIRECTION('ref_axis',(-0.707106781186548,0.,0.707106781186548));
#12681=DIRECTION('center_axis',(0.707106781186548,0.,-0.707106781186548));
#12682=DIRECTION('ref_axis',(0.707106781186548,0.,0.707106781186548));
#12683=DIRECTION('',(1.,0.,0.));
#12684=DIRECTION('center_axis',(1.,0.,0.));
#12685=DIRECTION('ref_axis',(0.,1.,0.));
#12686=DIRECTION('center_axis',(-0.707106781186548,0.,-0.707106781186548));
#12687=DIRECTION('ref_axis',(-0.707106781186548,0.,0.707106781186548));
#12688=DIRECTION('center_axis',(0.707106781186548,0.,-0.707106781186548));
#12689=DIRECTION('ref_axis',(0.707106781186548,0.,0.707106781186548));
#12690=DIRECTION('center_axis',(1.,0.,0.));
#12691=DIRECTION('ref_axis',(0.,1.,0.));
#12692=DIRECTION('center_axis',(-0.707106781186547,0.707106781186548,0.));
#12693=DIRECTION('ref_axis',(0.707106781186548,0.707106781186547,0.));
#12694=DIRECTION('center_axis',(0.707106781186548,0.,0.707106781186548));
#12695=DIRECTION('ref_axis',(-0.707106781186548,0.,0.707106781186548));
#12696=DIRECTION('center_axis',(-0.707106781186548,0.,0.707106781186548));
#12697=DIRECTION('ref_axis',(0.707106781186548,0.,0.707106781186548));
#12698=DIRECTION('center_axis',(-0.707106781186548,0.,0.707106781186548));
#12699=DIRECTION('ref_axis',(0.707106781186548,0.,0.707106781186548));
#12700=DIRECTION('',(0.,-1.,0.));
#12701=DIRECTION('center_axis',(0.,1.,0.));
#12702=DIRECTION('ref_axis',(1.,0.,0.));
#12703=DIRECTION('',(0.,-1.,0.));
#12704=DIRECTION('center_axis',(-1.,0.,0.));
#12705=DIRECTION('ref_axis',(0.,0.,1.));
#12706=DIRECTION('center_axis',(-1.,0.,0.));
#12707=DIRECTION('ref_axis',(0.,0.,1.));
#12708=DIRECTION('',(0.,-1.,0.));
#12709=DIRECTION('',(0.,-1.,0.));
#12710=DIRECTION('center_axis',(0.707106781186548,0.,0.707106781186548));
#12711=DIRECTION('ref_axis',(0.707106781186548,0.,-0.707106781186548));
#12712=DIRECTION('',(0.,-1.,0.));
#12713=DIRECTION('center_axis',(0.707106781186548,0.,-0.707106781186548));
#12714=DIRECTION('ref_axis',(-0.707106781186548,0.,-0.707106781186548));
#12715=DIRECTION('',(0.,-1.,0.));
#12716=DIRECTION('center_axis',(0.,1.,0.));
#12717=DIRECTION('ref_axis',(1.,0.,0.));
#12718=DIRECTION('',(0.,-1.,0.));
#12719=DIRECTION('center_axis',(0.,0.,-1.));
#12720=DIRECTION('ref_axis',(-1.,0.,0.));
#12721=DIRECTION('center_axis',(-0.707106781186548,0.,-0.707106781186548));
#12722=DIRECTION('ref_axis',(-0.707106781186548,0.,0.707106781186548));
#12723=DIRECTION('',(0.,-1.,0.));
#12724=DIRECTION('',(0.,-1.,0.));
#12725=DIRECTION('center_axis',(-0.707106781186548,0.,0.707106781186548));
#12726=DIRECTION('ref_axis',(0.707106781186548,0.,0.707106781186548));
#12727=DIRECTION('',(0.,-1.,0.));
#12728=DIRECTION('center_axis',(0.,0.,1.));
#12729=DIRECTION('ref_axis',(1.,0.,0.));
#12730=DIRECTION('',(0.,-1.,0.));
#12731=DIRECTION('center_axis',(-1.,0.,0.));
#12732=DIRECTION('ref_axis',(0.,0.,1.));
#12733=DIRECTION('center_axis',(-1.,0.,0.));
#12734=DIRECTION('ref_axis',(0.,0.972196467912795,-0.234166666666899));
#12735=DIRECTION('',(0.,-1.,0.));
#12736=DIRECTION('center_axis',(-1.,0.,0.));
#12737=DIRECTION('ref_axis',(0.,1.,0.));
#12738=DIRECTION('center_axis',(-0.707106781186548,0.,-0.707106781186548));
#12739=DIRECTION('ref_axis',(0.707106781186548,0.,-0.707106781186548));
#12740=DIRECTION('center_axis',(-1.,0.,0.));
#12741=DIRECTION('ref_axis',(0.,1.,0.));
#12742=DIRECTION('center_axis',(-0.707106781186547,0.707106781186548,0.));
#12743=DIRECTION('ref_axis',(0.707106781186548,0.707106781186547,0.));
#12744=DIRECTION('center_axis',(-0.707106781186548,0.,-0.707106781186548));
#12745=DIRECTION('ref_axis',(0.707106781186548,0.,-0.707106781186548));
#12746=DIRECTION('center_axis',(-1.,0.,0.));
#12747=DIRECTION('ref_axis',(0.,0.745604351359122,0.66638888888872));
#12748=DIRECTION('center_axis',(-0.707106781186548,0.,0.707106781186548));
#12749=DIRECTION('ref_axis',(-0.707106781186548,0.,-0.707106781186548));
#12750=DIRECTION('center_axis',(0.707106781186548,0.,0.707106781186548));
#12751=DIRECTION('ref_axis',(0.707106781186548,0.,-0.707106781186548));
#12752=DIRECTION('',(0.,-1.,0.));
#12753=DIRECTION('center_axis',(0.707106781186548,0.,-0.707106781186548));
#12754=DIRECTION('ref_axis',(-0.707106781186548,0.,-0.707106781186548));
#12755=DIRECTION('center_axis',(0.,1.,0.));
#12756=DIRECTION('ref_axis',(1.,0.,0.));
#12757=DIRECTION('center_axis',(-0.707106781186548,0.,0.707106781186548));
#12758=DIRECTION('ref_axis',(0.707106781186548,0.,0.707106781186548));
#12759=DIRECTION('',(0.,-1.,0.));
#12760=DIRECTION('',(0.,-1.,0.));
#12761=DIRECTION('center_axis',(0.707106781186548,0.,0.707106781186548));
#12762=DIRECTION('ref_axis',(0.707106781186548,0.,-0.707106781186548));
#12763=DIRECTION('',(0.,-1.,0.));
#12764=DIRECTION('center_axis',(0.707106781186548,0.,-0.707106781186548));
#12765=DIRECTION('ref_axis',(-0.707106781186548,0.,-0.707106781186548));
#12766=DIRECTION('',(0.,-1.,0.));
#12767=DIRECTION('center_axis',(0.,0.,-1.));
#12768=DIRECTION('ref_axis',(-1.,0.,0.));
#12769=DIRECTION('',(0.,-1.,0.));
#12770=DIRECTION('center_axis',(1.,0.,0.));
#12771=DIRECTION('ref_axis',(0.,0.,-1.));
#12772=DIRECTION('',(0.,-1.,0.));
#12773=DIRECTION('center_axis',(0.707106781186548,0.,-0.707106781186548));
#12774=DIRECTION('ref_axis',(-0.707106781186548,0.,-0.707106781186548));
#12775=DIRECTION('',(0.,-1.,0.));
#12776=DIRECTION('center_axis',(-0.707106781186548,0.,-0.707106781186548));
#12777=DIRECTION('ref_axis',(-0.707106781186548,0.,0.707106781186548));
#12778=DIRECTION('',(0.,-1.,0.));
#12779=DIRECTION('center_axis',(-1.,0.,0.));
#12780=DIRECTION('ref_axis',(0.,0.,1.));
#12781=DIRECTION('center_axis',(0.,-1.,0.));
#12782=DIRECTION('ref_axis',(1.,0.,0.));
#12783=DIRECTION('center_axis',(-0.707106781186548,0.,0.707106781186548));
#12784=DIRECTION('ref_axis',(0.707106781186548,0.,0.707106781186548));
#12785=DIRECTION('',(0.,-1.,0.));
#12786=DIRECTION('',(0.,-1.,0.));
#12787=DIRECTION('center_axis',(0.707106781186548,0.,0.707106781186548));
#12788=DIRECTION('ref_axis',(0.707106781186548,0.,-0.707106781186548));
#12789=DIRECTION('',(0.,-1.,0.));
#12790=DIRECTION('center_axis',(1.,0.,0.));
#12791=DIRECTION('ref_axis',(0.,0.,-1.));
#12792=DIRECTION('',(0.,-1.,0.));
#12793=DIRECTION('center_axis',(0.,0.,1.));
#12794=DIRECTION('ref_axis',(1.,0.,0.));
#12795=DIRECTION('',(0.,-1.,0.));
#12796=DIRECTION('center_axis',(0.707106781186548,0.,0.707106781186548));
#12797=DIRECTION('ref_axis',(0.707106781186548,0.,-0.707106781186548));
#12798=DIRECTION('',(0.,-1.,0.));
#12799=DIRECTION('center_axis',(0.707106781186548,0.,-0.707106781186548));
#12800=DIRECTION('ref_axis',(-0.707106781186548,0.,-0.707106781186548));
#12801=DIRECTION('',(0.,-1.,0.));
#12802=DIRECTION('center_axis',(-0.707106781186548,0.,-0.707106781186548));
#12803=DIRECTION('ref_axis',(-0.707106781186548,0.,0.707106781186548));
#12804=DIRECTION('center_axis',(1.,0.,0.));
#12805=DIRECTION('ref_axis',(0.,0.,-1.));
#12806=DIRECTION('',(0.,-1.,0.));
#12807=DIRECTION('',(0.,-1.,0.));
#12808=DIRECTION('center_axis',(0.,0.,1.));
#12809=DIRECTION('ref_axis',(1.,0.,0.));
#12810=DIRECTION('',(0.,-1.,0.));
#12811=DIRECTION('center_axis',(0.,1.,0.));
#12812=DIRECTION('ref_axis',(1.,0.,0.));
#12813=DIRECTION('',(0.,-1.,0.));
#12814=DIRECTION('center_axis',(-0.707106781186548,0.,0.707106781186548));
#12815=DIRECTION('ref_axis',(0.707106781186548,0.,0.707106781186548));
#12816=DIRECTION('',(0.,-1.,0.));
#12817=DIRECTION('center_axis',(-0.707106781186548,0.,-0.707106781186548));
#12818=DIRECTION('ref_axis',(-0.707106781186548,0.,0.707106781186548));
#12819=DIRECTION('',(0.,-1.,0.));
#12820=DIRECTION('center_axis',(0.,0.,-1.));
#12821=DIRECTION('ref_axis',(-1.,0.,0.));
#12822=DIRECTION('center_axis',(1.,0.,0.));
#12823=DIRECTION('ref_axis',(0.,0.,-1.));
#12824=DIRECTION('',(0.,-1.,0.));
#12825=DIRECTION('',(0.,-1.,0.));
#12826=DIRECTION('center_axis',(0.,0.,1.));
#12827=DIRECTION('ref_axis',(1.,0.,0.));
#12828=DIRECTION('',(0.,-1.,0.));
#12829=DIRECTION('center_axis',(-0.707106781186548,0.,0.707106781186548));
#12830=DIRECTION('ref_axis',(0.707106781186548,0.,0.707106781186548));
#12831=DIRECTION('',(0.,-1.,0.));
#12832=DIRECTION('center_axis',(-0.707106781186548,0.,-0.707106781186548));
#12833=DIRECTION('ref_axis',(-0.707106781186548,0.,0.707106781186548));
#12834=DIRECTION('',(0.,-1.,0.));
#12835=DIRECTION('center_axis',(0.,1.,0.));
#12836=DIRECTION('ref_axis',(1.,0.,0.));
#12837=DIRECTION('',(0.,-1.,0.));
#12838=DIRECTION('center_axis',(0.,0.,-1.));
#12839=DIRECTION('ref_axis',(-1.,0.,0.));
#12840=DIRECTION('center_axis',(-1.,0.,0.));
#12841=DIRECTION('ref_axis',(0.,0.,1.));
#12842=DIRECTION('',(0.,-1.,0.));
#12843=DIRECTION('',(0.,-1.,0.));
#12844=DIRECTION('center_axis',(0.707106781186548,0.,-0.707106781186548));
#12845=DIRECTION('ref_axis',(-0.707106781186548,0.,-0.707106781186548));
#12846=DIRECTION('',(0.,-1.,0.));
#12847=DIRECTION('center_axis',(0.,0.,1.));
#12848=DIRECTION('ref_axis',(1.,0.,0.));
#12849=DIRECTION('center_axis',(-0.707106781186548,0.,-0.707106781186548));
#12850=DIRECTION('ref_axis',(-0.707106781186548,0.,0.707106781186548));
#12851=DIRECTION('',(0.,-1.,0.));
#12852=DIRECTION('',(0.,-1.,0.));
#12853=DIRECTION('center_axis',(0.707106781186548,0.,-0.707106781186548));
#12854=DIRECTION('ref_axis',(-0.707106781186548,0.,-0.707106781186548));
#12855=DIRECTION('',(0.,-1.,0.));
#12856=DIRECTION('center_axis',(0.,0.,1.));
#12857=DIRECTION('ref_axis',(1.,0.,0.));
#12858=DIRECTION('center_axis',(0.,0.,-1.));
#12859=DIRECTION('ref_axis',(-1.,0.,0.));
#12860=DIRECTION('',(0.,-1.,0.));
#12861=DIRECTION('',(0.,-1.,0.));
#12862=DIRECTION('center_axis',(0.707106781186548,0.,0.707106781186548));
#12863=DIRECTION('ref_axis',(0.707106781186548,0.,-0.707106781186548));
#12864=DIRECTION('',(0.,-1.,0.));
#12865=DIRECTION('center_axis',(-0.707106781186548,0.,0.707106781186548));
#12866=DIRECTION('ref_axis',(0.707106781186548,0.,0.707106781186548));
#12867=DIRECTION('center_axis',(-0.707106781186548,0.,-0.707106781186548));
#12868=DIRECTION('ref_axis',(-0.707106781186548,0.,0.707106781186548));
#12869=DIRECTION('',(0.,-1.,0.));
#12870=DIRECTION('',(0.,-1.,0.));
#12871=DIRECTION('center_axis',(1.,0.,0.));
#12872=DIRECTION('ref_axis',(0.,0.,-1.));
#12873=DIRECTION('',(0.,-1.,0.));
#12874=DIRECTION('center_axis',(-0.707106781186548,0.,0.707106781186548));
#12875=DIRECTION('ref_axis',(0.707106781186548,0.,0.707106781186548));
#12876=DIRECTION('center_axis',(-1.,0.,0.));
#12877=DIRECTION('ref_axis',(0.,0.,1.));
#12878=DIRECTION('',(0.,-1.,0.));
#12879=DIRECTION('',(0.,0.,1.));
#12880=DIRECTION('',(0.,-1.,0.));
#12881=DIRECTION('center_axis',(0.,0.,-1.));
#12882=DIRECTION('ref_axis',(-1.,0.,0.));
#12883=DIRECTION('',(-1.,0.,0.));
#12884=DIRECTION('',(0.,-1.,0.));
#12885=DIRECTION('center_axis',(1.,0.,0.));
#12886=DIRECTION('ref_axis',(0.,0.,-1.));
#12887=DIRECTION('',(0.,0.,-1.));
#12888=DIRECTION('',(0.,-1.,0.));
#12889=DIRECTION('center_axis',(0.,0.,1.));
#12890=DIRECTION('ref_axis',(1.,0.,0.));
#12891=DIRECTION('',(1.,0.,0.));
#12892=DIRECTION('center_axis',(0.,1.,0.));
#12893=DIRECTION('ref_axis',(1.,0.,0.));
#12894=DIRECTION('center_axis',(0.,1.,0.));
#12895=DIRECTION('ref_axis',(1.,0.,0.));
#12896=DIRECTION('center_axis',(0.,1.,0.));
#12897=DIRECTION('ref_axis',(1.,0.,0.));
#12898=DIRECTION('',(0.,-1.,0.));
#12899=DIRECTION('center_axis',(0.,1.,0.));
#12900=DIRECTION('ref_axis',(1.,0.,0.));
#12901=DIRECTION('center_axis',(0.,-1.,0.));
#12902=DIRECTION('ref_axis',(1.,0.,0.));
#12903=DIRECTION('center_axis',(0.,1.,0.));
#12904=DIRECTION('ref_axis',(1.,0.,0.));
#12905=DIRECTION('',(0.,1.,0.));
#12906=DIRECTION('center_axis',(0.,1.,0.));
#12907=DIRECTION('ref_axis',(1.,0.,0.));
#12908=DIRECTION('center_axis',(0.,1.,0.));
#12909=DIRECTION('ref_axis',(1.,0.,0.));
#12910=DIRECTION('',(0.,1.,0.));
#12911=DIRECTION('center_axis',(0.,1.,0.));
#12912=DIRECTION('ref_axis',(1.,0.,0.));
#12913=DIRECTION('',(-0.857167300702112,0.515038074910054,1.04972719113862E-16));
#12914=DIRECTION('center_axis',(0.,1.,0.));
#12915=DIRECTION('ref_axis',(1.,0.,0.));
#12916=DIRECTION('center_axis',(0.,1.,0.));
#12917=DIRECTION('ref_axis',(1.,0.,0.));
#12918=DIRECTION('',(0.,1.,0.));
#12919=DIRECTION('center_axis',(0.,1.,0.));
#12920=DIRECTION('ref_axis',(1.,0.,0.));
#12921=DIRECTION('',(-0.857167300702112,0.515038074910054,1.04972719113862E-16));
#12922=DIRECTION('center_axis',(0.,1.,0.));
#12923=DIRECTION('ref_axis',(1.,0.,0.));
#12924=DIRECTION('center_axis',(0.,1.,0.));
#12925=DIRECTION('ref_axis',(1.,0.,0.));
#12926=DIRECTION('',(0.,1.,0.));
#12927=DIRECTION('center_axis',(0.,1.,0.));
#12928=DIRECTION('ref_axis',(1.,0.,0.));
#12929=DIRECTION('',(-0.857167300702112,0.515038074910054,1.04972719113862E-16));
#12930=DIRECTION('center_axis',(0.,1.,0.));
#12931=DIRECTION('ref_axis',(1.,0.,0.));
#12932=DIRECTION('center_axis',(0.,1.,0.));
#12933=DIRECTION('ref_axis',(1.,0.,0.));
#12934=DIRECTION('',(0.,1.,0.));
#12935=DIRECTION('center_axis',(0.,1.,0.));
#12936=DIRECTION('ref_axis',(1.,0.,0.));
#12937=DIRECTION('',(-0.857167300702112,0.515038074910054,1.04972719113862E-16));
#12938=DIRECTION('center_axis',(1.,0.,0.));
#12939=DIRECTION('ref_axis',(0.,-1.,0.));
#12940=DIRECTION('center_axis',(1.,0.,0.));
#12941=DIRECTION('ref_axis',(0.,-1.,0.));
#12942=DIRECTION('',(1.,0.,0.));
#12943=DIRECTION('center_axis',(1.,0.,0.));
#12944=DIRECTION('ref_axis',(0.,-1.,0.));
#12945=DIRECTION('',(0.515038074910054,0.857167300702112,1.04972719113862E-16));
#12946=DIRECTION('center_axis',(1.,0.,0.));
#12947=DIRECTION('ref_axis',(0.,-1.,0.));
#12948=DIRECTION('center_axis',(1.,0.,0.));
#12949=DIRECTION('ref_axis',(0.,-1.,0.));
#12950=DIRECTION('',(1.,0.,0.));
#12951=DIRECTION('center_axis',(1.,0.,0.));
#12952=DIRECTION('ref_axis',(0.,-1.,0.));
#12953=DIRECTION('',(0.515038074910054,0.857167300702112,1.04972719113862E-16));
#12954=DIRECTION('center_axis',(-1.,0.,0.));
#12955=DIRECTION('ref_axis',(0.,0.,1.));
#12956=DIRECTION('center_axis',(-1.,0.,0.));
#12957=DIRECTION('ref_axis',(0.,1.,0.));
#12958=DIRECTION('',(1.,0.,0.));
#12959=DIRECTION('center_axis',(-1.,0.,0.));
#12960=DIRECTION('ref_axis',(0.,0.,1.));
#12961=DIRECTION('center_axis',(-1.,0.,0.));
#12962=DIRECTION('ref_axis',(0.,1.,0.));
#12963=DIRECTION('center_axis',(-1.,0.,0.));
#12964=DIRECTION('ref_axis',(0.,-0.120295605915103,0.992738116120016));
#12965=DIRECTION('center_axis',(-1.,0.,0.));
#12966=DIRECTION('ref_axis',(0.,1.,0.));
#12967=DIRECTION('center_axis',(0.,-0.992738116120016,-0.120295605915102));
#12968=DIRECTION('ref_axis',(0.,0.120295605915102,-0.992738116120016));
#12969=DIRECTION('center_axis',(-1.,0.,0.));
#12970=DIRECTION('ref_axis',(0.,1.,0.));
#12971=DIRECTION('center_axis',(-1.,0.,0.));
#12972=DIRECTION('ref_axis',(0.,1.,0.));
#12973=DIRECTION('center_axis',(1.,0.,0.));
#12974=DIRECTION('ref_axis',(0.,1.,0.));
#12975=DIRECTION('',(0.,1.,0.));
#12976=DIRECTION('',(0.,0.,1.));
#12977=DIRECTION('',(0.,1.,0.));
#12978=DIRECTION('',(0.,0.,1.));
#12979=DIRECTION('center_axis',(0.,0.,1.));
#12980=DIRECTION('ref_axis',(1.,0.,0.));
#12981=DIRECTION('',(0.,1.,0.));
#12982=DIRECTION('',(1.,0.,0.));
#12983=DIRECTION('',(0.,1.,0.));
#12984=DIRECTION('',(1.,0.,0.));
#12985=DIRECTION('',(0.707106781186498,-0.707106781186597,0.));
#12986=DIRECTION('',(0.,-1.,0.));
#12987=DIRECTION('',(0.,-1.,0.));
#12988=DIRECTION('',(-0.707106781186498,-0.707106781186597,0.));
#12989=DIRECTION('',(-1.,0.,0.));
#12990=DIRECTION('',(0.,1.,0.));
#12991=DIRECTION('',(-1.,0.,0.));
#12992=DIRECTION('center_axis',(0.,0.,-1.));
#12993=DIRECTION('ref_axis',(1.,-4.62592926927156E-16,0.));
#12994=DIRECTION('center_axis',(0.,0.,-1.));
#12995=DIRECTION('ref_axis',(1.,-4.30211422042249E-15,0.));
#12996=DIRECTION('',(0.,0.,1.));
#12997=DIRECTION('center_axis',(0.,-2.22044604925031E-15,-1.));
#12998=DIRECTION('ref_axis',(1.,-4.62592926927156E-16,1.02716263700654E-30));
#12999=DIRECTION('',(0.,0.,1.));
#13000=DIRECTION('center_axis',(0.,2.22044604925031E-15,-1.));
#13001=DIRECTION('ref_axis',(1.,-4.30211422042249E-15,-9.55261252416069E-30));
#13002=DIRECTION('center_axis',(0.,0.,1.));
#13003=DIRECTION('ref_axis',(1.,0.,0.));
#13004=DIRECTION('',(0.,1.,0.));
#13005=DIRECTION('',(-1.,0.,0.));
#13006=DIRECTION('',(0.,1.,0.));
#13007=DIRECTION('',(-1.,0.,0.));
#13008=DIRECTION('',(-0.707106781186498,-0.707106781186597,0.));
#13009=DIRECTION('',(0.,-1.,0.));
#13010=DIRECTION('',(0.,-1.,0.));
#13011=DIRECTION('',(0.707106781186498,-0.707106781186597,0.));
#13012=DIRECTION('',(1.,0.,0.));
#13013=DIRECTION('',(0.,1.,0.));
#13014=DIRECTION('',(1.,0.,0.));
#13015=DIRECTION('center_axis',(1.,0.,0.));
#13016=DIRECTION('ref_axis',(0.,1.,0.));
#13017=DIRECTION('',(0.,0.,1.));
#13018=DIRECTION('center_axis',(0.,1.,0.));
#13019=DIRECTION('ref_axis',(-1.,0.,0.));
#13020=DIRECTION('',(0.,0.,1.));
#13021=DIRECTION('center_axis',(1.,0.,0.));
#13022=DIRECTION('ref_axis',(0.,1.,0.));
#13023=DIRECTION('',(0.,0.,1.));
#13024=DIRECTION('center_axis',(0.,1.,0.));
#13025=DIRECTION('ref_axis',(-1.,0.,0.));
#13026=DIRECTION('',(0.,0.,1.));
#13027=DIRECTION('center_axis',(-0.707106781186598,0.707106781186498,0.));
#13028=DIRECTION('ref_axis',(-0.707106781186498,-0.707106781186598,0.));
#13029=DIRECTION('',(0.,0.,1.));
#13030=DIRECTION('center_axis',(-1.,0.,0.));
#13031=DIRECTION('ref_axis',(0.,-1.,0.));
#13032=DIRECTION('',(0.,0.,1.));
#13033=DIRECTION('center_axis',(-1.,0.,0.));
#13034=DIRECTION('ref_axis',(0.,-1.,0.));
#13035=DIRECTION('',(0.,0.,1.));
#13036=DIRECTION('center_axis',(-0.707106781186598,-0.707106781186498,0.));
#13037=DIRECTION('ref_axis',(0.707106781186498,-0.707106781186598,0.));
#13038=DIRECTION('',(0.,0.,1.));
#13039=DIRECTION('center_axis',(0.,-1.,0.));
#13040=DIRECTION('ref_axis',(1.,0.,0.));
#13041=DIRECTION('',(0.,0.,1.));
#13042=DIRECTION('center_axis',(1.,0.,0.));
#13043=DIRECTION('ref_axis',(0.,1.,0.));
#13044=DIRECTION('',(0.,0.,1.));
#13045=DIRECTION('center_axis',(0.,-1.,0.));
#13046=DIRECTION('ref_axis',(1.,0.,0.));
#13047=DIRECTION('center_axis',(-1.,0.,0.));
#13048=DIRECTION('ref_axis',(0.,1.,0.));
#13049=DIRECTION('',(0.,1.,0.));
#13050=DIRECTION('',(0.,0.,-1.));
#13051=DIRECTION('',(0.,1.,0.));
#13052=DIRECTION('',(0.,0.,-1.));
#13053=DIRECTION('center_axis',(0.,0.,1.));
#13054=DIRECTION('ref_axis',(1.,0.,0.));
#13055=DIRECTION('',(0.,1.,0.));
#13056=DIRECTION('',(-1.,0.,0.));
#13057=DIRECTION('',(0.,1.,0.));
#13058=DIRECTION('',(-1.,0.,0.));
#13059=DIRECTION('',(-0.707106781186498,-0.707106781186597,0.));
#13060=DIRECTION('',(0.,-1.,0.));
#13061=DIRECTION('',(0.,-1.,0.));
#13062=DIRECTION('',(0.707106781186498,-0.707106781186597,0.));
#13063=DIRECTION('',(1.,0.,0.));
#13064=DIRECTION('',(0.,1.,0.));
#13065=DIRECTION('',(1.,0.,0.));
#13066=DIRECTION('center_axis',(0.,0.,-1.));
#13067=DIRECTION('ref_axis',(1.,-4.62592926927156E-16,0.));
#13068=DIRECTION('center_axis',(0.,0.,-1.));
#13069=DIRECTION('ref_axis',(1.,-4.30211422042249E-15,0.));
#13070=DIRECTION('',(0.,0.,-1.));
#13071=DIRECTION('center_axis',(0.,2.22044604925031E-15,-1.));
#13072=DIRECTION('ref_axis',(1.,-4.62592926927156E-16,-1.02716263700654E-30));
#13073=DIRECTION('',(0.,0.,-1.));
#13074=DIRECTION('center_axis',(0.,-2.22044604925031E-15,-1.));
#13075=DIRECTION('ref_axis',(1.,-4.30211422042249E-15,9.55261252416069E-30));
#13076=DIRECTION('center_axis',(0.,0.,1.));
#13077=DIRECTION('ref_axis',(1.,0.,0.));
#13078=DIRECTION('',(0.,1.,0.));
#13079=DIRECTION('',(1.,0.,0.));
#13080=DIRECTION('',(0.,1.,0.));
#13081=DIRECTION('',(1.,0.,0.));
#13082=DIRECTION('',(0.707106781186498,-0.707106781186597,0.));
#13083=DIRECTION('',(0.,-1.,0.));
#13084=DIRECTION('',(0.,-1.,0.));
#13085=DIRECTION('',(-0.707106781186498,-0.707106781186597,0.));
#13086=DIRECTION('',(-1.,0.,0.));
#13087=DIRECTION('',(0.,1.,0.));
#13088=DIRECTION('',(-1.,0.,0.));
#13089=DIRECTION('center_axis',(-1.,0.,0.));
#13090=DIRECTION('ref_axis',(0.,1.,0.));
#13091=DIRECTION('',(0.,0.,-1.));
#13092=DIRECTION('center_axis',(0.,-1.,0.));
#13093=DIRECTION('ref_axis',(-1.,0.,0.));
#13094=DIRECTION('',(0.,0.,-1.));
#13095=DIRECTION('center_axis',(-1.,0.,0.));
#13096=DIRECTION('ref_axis',(0.,1.,0.));
#13097=DIRECTION('',(0.,0.,-1.));
#13098=DIRECTION('center_axis',(0.,-1.,0.));
#13099=DIRECTION('ref_axis',(-1.,0.,0.));
#13100=DIRECTION('',(0.,0.,-1.));
#13101=DIRECTION('center_axis',(0.707106781186598,-0.707106781186498,0.));
#13102=DIRECTION('ref_axis',(-0.707106781186498,-0.707106781186598,0.));
#13103=DIRECTION('',(0.,0.,-1.));
#13104=DIRECTION('center_axis',(1.,0.,0.));
#13105=DIRECTION('ref_axis',(0.,-1.,0.));
#13106=DIRECTION('',(0.,0.,-1.));
#13107=DIRECTION('center_axis',(1.,0.,0.));
#13108=DIRECTION('ref_axis',(0.,-1.,0.));
#13109=DIRECTION('',(0.,0.,-1.));
#13110=DIRECTION('center_axis',(0.707106781186598,0.707106781186498,0.));
#13111=DIRECTION('ref_axis',(0.707106781186498,-0.707106781186598,0.));
#13112=DIRECTION('',(0.,0.,-1.));
#13113=DIRECTION('center_axis',(0.,1.,0.));
#13114=DIRECTION('ref_axis',(1.,0.,0.));
#13115=DIRECTION('',(0.,0.,-1.));
#13116=DIRECTION('center_axis',(-1.,0.,0.));
#13117=DIRECTION('ref_axis',(0.,1.,0.));
#13118=DIRECTION('',(0.,0.,-1.));
#13119=DIRECTION('center_axis',(0.,1.,0.));
#13120=DIRECTION('ref_axis',(1.,0.,0.));
#13121=DIRECTION('center_axis',(0.,1.,0.));
#13122=DIRECTION('ref_axis',(1.,0.,0.));
#13123=DIRECTION('center_axis',(0.,1.,0.));
#13124=DIRECTION('ref_axis',(1.,0.,0.));
#13125=DIRECTION('',(0.,1.,0.));
#13126=DIRECTION('center_axis',(0.,-1.,0.));
#13127=DIRECTION('ref_axis',(-1.,0.,0.));
#13128=DIRECTION('center_axis',(0.,1.,0.));
#13129=DIRECTION('ref_axis',(1.,0.,0.));
#13130=DIRECTION('center_axis',(0.,1.,0.));
#13131=DIRECTION('ref_axis',(1.,0.,0.));
#13132=DIRECTION('center_axis',(0.,1.,0.));
#13133=DIRECTION('ref_axis',(1.,0.,0.));
#13134=DIRECTION('center_axis',(0.,1.,0.));
#13135=DIRECTION('ref_axis',(1.,0.,0.));
#13136=DIRECTION('',(0.,1.,0.));
#13137=DIRECTION('center_axis',(0.,-1.,0.));
#13138=DIRECTION('ref_axis',(-1.,0.,0.));
#13139=DIRECTION('center_axis',(0.,1.,0.));
#13140=DIRECTION('ref_axis',(1.,0.,0.));
#13141=DIRECTION('center_axis',(0.,1.,0.));
#13142=DIRECTION('ref_axis',(1.,0.,0.));
#13143=DIRECTION('center_axis',(0.,1.,0.));
#13144=DIRECTION('ref_axis',(1.,0.,0.));
#13145=DIRECTION('center_axis',(0.,1.,0.));
#13146=DIRECTION('ref_axis',(1.,0.,0.));
#13147=DIRECTION('',(0.,1.,0.));
#13148=DIRECTION('center_axis',(0.,-1.,0.));
#13149=DIRECTION('ref_axis',(-1.,0.,0.));
#13150=DIRECTION('center_axis',(0.,1.,0.));
#13151=DIRECTION('ref_axis',(1.,0.,0.));
#13152=DIRECTION('center_axis',(0.,1.,0.));
#13153=DIRECTION('ref_axis',(1.,0.,0.));
#13154=DIRECTION('center_axis',(0.,1.,0.));
#13155=DIRECTION('ref_axis',(1.,0.,0.));
#13156=DIRECTION('center_axis',(0.,1.,0.));
#13157=DIRECTION('ref_axis',(1.,0.,0.));
#13158=DIRECTION('',(0.,1.,0.));
#13159=DIRECTION('center_axis',(0.,-1.,0.));
#13160=DIRECTION('ref_axis',(-1.,0.,0.));
#13161=DIRECTION('center_axis',(0.,1.,0.));
#13162=DIRECTION('ref_axis',(1.,0.,0.));
#13163=DIRECTION('center_axis',(0.,1.,0.));
#13164=DIRECTION('ref_axis',(1.,0.,0.));
#13165=DIRECTION('center_axis',(1.,0.,0.));
#13166=DIRECTION('ref_axis',(0.,-1.,0.));
#13167=DIRECTION('center_axis',(1.,0.,0.));
#13168=DIRECTION('ref_axis',(0.,-1.,0.));
#13169=DIRECTION('',(1.,0.,0.));
#13170=DIRECTION('center_axis',(-1.,0.,0.));
#13171=DIRECTION('ref_axis',(0.,1.,0.));
#13172=DIRECTION('center_axis',(1.,0.,0.));
#13173=DIRECTION('ref_axis',(0.,-1.,0.));
#13174=DIRECTION('center_axis',(1.,0.,0.));
#13175=DIRECTION('ref_axis',(0.,-1.,0.));
#13176=DIRECTION('center_axis',(1.,0.,0.));
#13177=DIRECTION('ref_axis',(0.,-1.,0.));
#13178=DIRECTION('center_axis',(1.,0.,0.));
#13179=DIRECTION('ref_axis',(0.,-1.,0.));
#13180=DIRECTION('',(1.,0.,0.));
#13181=DIRECTION('center_axis',(-1.,0.,0.));
#13182=DIRECTION('ref_axis',(0.,1.,0.));
#13183=DIRECTION('center_axis',(1.,0.,0.));
#13184=DIRECTION('ref_axis',(0.,-1.,0.));
#13185=DIRECTION('center_axis',(1.,0.,0.));
#13186=DIRECTION('ref_axis',(0.,-1.,0.));
#13187=DIRECTION('axis',(0.,0.,1.));
#13188=DIRECTION('refdir',(1.,0.,0.));
#13189=DIRECTION('center_axis',(0.,0.,-1.));
#13190=DIRECTION('ref_axis',(-1.,0.,0.));
#13191=DIRECTION('center_axis',(0.,0.,1.));
#13192=DIRECTION('ref_axis',(0.,1.,0.));
#13193=DIRECTION('center_axis',(0.,0.,-1.));
#13194=DIRECTION('ref_axis',(0.,1.,0.));
#13195=DIRECTION('center_axis',(0.,0.,-1.));
#13196=DIRECTION('ref_axis',(0.,1.,0.));
#13197=DIRECTION('',(0.,0.,1.));
#13198=DIRECTION('center_axis',(0.,0.,-1.));
#13199=DIRECTION('ref_axis',(1.,0.,0.));
#13200=DIRECTION('center_axis',(0.,0.,-1.));
#13201=DIRECTION('ref_axis',(0.,1.,0.));
#13202=DIRECTION('',(0.,0.,1.));
#13203=DIRECTION('center_axis',(0.,0.,-1.));
#13204=DIRECTION('ref_axis',(1.,0.,0.));
#13205=DIRECTION('center_axis',(0.,0.,1.));
#13206=DIRECTION('ref_axis',(1.,0.,0.));
#13207=DIRECTION('center_axis',(0.,0.,-1.));
#13208=DIRECTION('ref_axis',(1.,0.,0.));
#13209=DIRECTION('center_axis',(0.,0.,-1.));
#13210=DIRECTION('ref_axis',(0.,1.,0.));
#13211=DIRECTION('',(0.,0.,1.));
#13212=DIRECTION('center_axis',(0.,0.,-1.));
#13213=DIRECTION('ref_axis',(1.,0.,0.));
#13214=DIRECTION('center_axis',(0.,0.,1.));
#13215=DIRECTION('ref_axis',(1.,0.,0.));
#13216=DIRECTION('center_axis',(0.,0.,-1.));
#13217=DIRECTION('ref_axis',(1.,0.,0.));
#13218=DIRECTION('center_axis',(0.,0.,-1.));
#13219=DIRECTION('ref_axis',(0.,1.,0.));
#13220=DIRECTION('',(0.,0.,1.));
#13221=DIRECTION('center_axis',(0.,0.,-1.));
#13222=DIRECTION('ref_axis',(1.,0.,0.));
#13223=DIRECTION('center_axis',(0.,0.,1.));
#13224=DIRECTION('ref_axis',(1.,0.,0.));
#13225=DIRECTION('center_axis',(0.,0.,-1.));
#13226=DIRECTION('ref_axis',(1.,0.,0.));
#13227=DIRECTION('center_axis',(0.,0.,-1.));
#13228=DIRECTION('ref_axis',(0.,1.,0.));
#13229=DIRECTION('',(0.,0.,1.));
#13230=DIRECTION('center_axis',(0.,0.,-1.));
#13231=DIRECTION('ref_axis',(1.,0.,0.));
#13232=DIRECTION('center_axis',(0.,0.,1.));
#13233=DIRECTION('ref_axis',(1.,0.,0.));
#13234=DIRECTION('center_axis',(0.,0.,-1.));
#13235=DIRECTION('ref_axis',(1.,0.,0.));
#13236=DIRECTION('center_axis',(0.,0.,-1.));
#13237=DIRECTION('ref_axis',(0.,1.,0.));
#13238=DIRECTION('center_axis',(0.,0.,-1.));
#13239=DIRECTION('ref_axis',(1.,0.,0.));
#13240=DIRECTION('',(0.,0.,1.));
#13241=DIRECTION('center_axis',(0.,0.,-1.));
#13242=DIRECTION('ref_axis',(-1.,0.,0.));
#13243=DIRECTION('center_axis',(0.,0.,-1.));
#13244=DIRECTION('ref_axis',(1.,0.,0.));
#13245=DIRECTION('center_axis',(0.,0.,-1.));
#13246=DIRECTION('ref_axis',(0.,1.,0.));
#13247=DIRECTION('center_axis',(0.,0.,-1.));
#13248=DIRECTION('ref_axis',(1.,0.,0.));
#13249=DIRECTION('',(0.,0.,1.));
#13250=DIRECTION('center_axis',(0.,0.,1.));
#13251=DIRECTION('ref_axis',(0.,1.,0.));
#13252=DIRECTION('center_axis',(0.,0.,-1.));
#13253=DIRECTION('ref_axis',(1.,0.,0.));
#13254=DIRECTION('',(-1.01701393879187E-17,-0.0830454902997297,0.99654575737438));
#13255=DIRECTION('center_axis',(0.,0.,1.));
#13256=DIRECTION('ref_axis',(0.,1.,0.));
#13257=DIRECTION('center_axis',(0.,0.,-1.));
#13258=DIRECTION('ref_axis',(1.,0.,0.));
#13259=DIRECTION('',(-5.47678685206525E-17,-0.447213584837555,0.894427196331117));
#13260=DIRECTION('center_axis',(0.,0.,-1.));
#13261=DIRECTION('ref_axis',(-1.,0.,0.));
#13262=DIRECTION('axis',(0.,0.,1.));
#13263=DIRECTION('refdir',(1.,0.,0.));
#13264=DIRECTION('center_axis',(0.,0.,1.));
#13265=DIRECTION('ref_axis',(1.,0.,0.));
#13266=DIRECTION('center_axis',(0.,0.,-1.));
#13267=DIRECTION('ref_axis',(1.,0.,0.));
#13268=DIRECTION('',(0.,0.,-1.));
#13269=DIRECTION('center_axis',(0.,0.,-1.));
#13270=DIRECTION('ref_axis',(1.,0.,0.));
#13271=DIRECTION('center_axis',(0.,0.,1.));
#13272=DIRECTION('ref_axis',(1.,0.,0.));
#13273=DIRECTION('center_axis',(0.,0.,1.));
#13274=DIRECTION('ref_axis',(1.,0.,0.));
#13275=DIRECTION('',(0.,0.,-1.));
#13276=DIRECTION('center_axis',(0.,0.,1.));
#13277=DIRECTION('ref_axis',(1.,0.,0.));
#13278=DIRECTION('center_axis',(0.,0.,1.));
#13279=DIRECTION('ref_axis',(1.,0.,0.));
#13280=DIRECTION('center_axis',(0.,0.,1.));
#13281=DIRECTION('ref_axis',(1.,0.,0.));
#13282=DIRECTION('axis',(0.,0.,1.));
#13283=DIRECTION('refdir',(1.,0.,0.));
#13284=DIRECTION('center_axis',(0.,0.,1.));
#13285=DIRECTION('ref_axis',(1.,0.,0.));
#13286=DIRECTION('center_axis',(0.,0.,-1.));
#13287=DIRECTION('ref_axis',(1.,0.,0.));
#13288=DIRECTION('',(0.,0.,-1.));
#13289=DIRECTION('center_axis',(0.,0.,-1.));
#13290=DIRECTION('ref_axis',(1.,0.,0.));
#13291=DIRECTION('center_axis',(0.,0.,1.));
#13292=DIRECTION('ref_axis',(1.,0.,0.));
#13293=DIRECTION('center_axis',(0.,0.,1.));
#13294=DIRECTION('ref_axis',(1.,0.,0.));
#13295=DIRECTION('',(0.,0.,-1.));
#13296=DIRECTION('center_axis',(0.,0.,1.));
#13297=DIRECTION('ref_axis',(1.,0.,0.));
#13298=DIRECTION('center_axis',(0.,0.,1.));
#13299=DIRECTION('ref_axis',(1.,0.,0.));
#13300=DIRECTION('center_axis',(0.,0.,1.));
#13301=DIRECTION('ref_axis',(1.,0.,0.));
#13302=DIRECTION('axis',(0.,0.,1.));
#13303=DIRECTION('refdir',(1.,0.,0.));
#13304=DIRECTION('center_axis',(0.,-1.,0.));
#13305=DIRECTION('ref_axis',(0.,0.,-1.));
#13306=DIRECTION('center_axis',(7.22801448323674E-16,-1.,0.));
#13307=DIRECTION('ref_axis',(1.,7.22801448323674E-16,0.));
#13308=DIRECTION('',(0.,-1.,0.));
#13309=DIRECTION('center_axis',(0.,1.,0.));
#13310=DIRECTION('ref_axis',(0.,0.,1.));
#13311=DIRECTION('',(0.,-1.,0.));
#13312=DIRECTION('center_axis',(0.,1.,0.));
#13313=DIRECTION('ref_axis',(0.,0.,1.));
#13314=DIRECTION('',(0.,-1.,0.));
#13315=DIRECTION('center_axis',(0.,1.,0.));
#13316=DIRECTION('ref_axis',(0.,0.,1.));
#13317=DIRECTION('',(0.,-1.,0.));
#13318=DIRECTION('',(0.,-1.,0.));
#13319=DIRECTION('center_axis',(0.,1.,0.));
#13320=DIRECTION('ref_axis',(0.,0.,1.));
#13321=DIRECTION('',(0.,-1.,0.));
#13322=DIRECTION('center_axis',(7.22801448323678E-16,-1.,0.));
#13323=DIRECTION('ref_axis',(1.,7.22801448323677E-16,0.));
#13324=DIRECTION('center_axis',(-0.487304790007607,0.,-0.873231951794964));
#13325=DIRECTION('ref_axis',(-0.873231951794964,0.,0.487304790007607));
#13326=DIRECTION('',(-0.873231951794963,0.,0.487304790007608));
#13327=DIRECTION('',(0.,1.,0.));
#13328=DIRECTION('',(0.873231951794963,0.,-0.487304790007608));
#13329=DIRECTION('',(0.873231951794964,0.,-0.487304790007607));
#13330=DIRECTION('',(0.,-1.,0.));
#13331=DIRECTION('',(0.873231951794964,0.,-0.487304790007607));
#13332=DIRECTION('center_axis',(0.,-1.,0.));
#13333=DIRECTION('ref_axis',(0.,0.,-1.));
#13334=DIRECTION('center_axis',(7.22801448323669E-16,-1.,0.));
#13335=DIRECTION('ref_axis',(1.,7.22801448323669E-16,0.));
#13336=DIRECTION('',(0.,-1.,0.));
#13337=DIRECTION('center_axis',(0.,1.,0.));
#13338=DIRECTION('ref_axis',(0.,0.,1.));
#13339=DIRECTION('',(0.,-1.,0.));
#13340=DIRECTION('center_axis',(0.,1.,0.));
#13341=DIRECTION('ref_axis',(0.,0.,1.));
#13342=DIRECTION('',(0.,-1.,0.));
#13343=DIRECTION('center_axis',(0.,1.,0.));
#13344=DIRECTION('ref_axis',(0.,0.,1.));
#13345=DIRECTION('',(0.,-1.,0.));
#13346=DIRECTION('',(0.,-1.,0.));
#13347=DIRECTION('center_axis',(0.,1.,0.));
#13348=DIRECTION('ref_axis',(0.,0.,1.));
#13349=DIRECTION('',(0.,-1.,0.));
#13350=DIRECTION('center_axis',(0.,-1.,0.));
#13351=DIRECTION('ref_axis',(0.,0.,-1.));
#13352=DIRECTION('center_axis',(0.,0.,-1.));
#13353=DIRECTION('ref_axis',(-1.,0.,0.));
#13354=DIRECTION('',(-1.,0.,0.));
#13355=DIRECTION('',(-4.62592926927132E-16,1.,0.));
#13356=DIRECTION('',(1.,0.,0.));
#13357=DIRECTION('',(1.,0.,0.));
#13358=DIRECTION('',(1.,0.,0.));
#13359=DIRECTION('center_axis',(0.,0.,-1.));
#13360=DIRECTION('ref_axis',(-1.,0.,0.));
#13361=DIRECTION('center_axis',(0.,0.,1.));
#13362=DIRECTION('ref_axis',(1.,0.,0.));
#13363=DIRECTION('',(0.,0.,1.));
#13364=DIRECTION('center_axis',(0.,0.,1.));
#13365=DIRECTION('ref_axis',(0.980746659785185,0.195284380635528,0.));
#13366=DIRECTION('center_axis',(0.,0.,1.));
#13367=DIRECTION('ref_axis',(0.980746659785185,0.195284380635528,0.));
#13368=DIRECTION('center_axis',(0.,0.,1.));
#13369=DIRECTION('ref_axis',(1.,0.,0.));
#13370=DIRECTION('center_axis',(0.,0.,-1.));
#13371=DIRECTION('ref_axis',(-1.,0.,0.));
#13372=DIRECTION('center_axis',(0.,0.,-1.));
#13373=DIRECTION('ref_axis',(-1.,0.,0.));
#13374=DIRECTION('',(0.,0.,1.));
#13375=DIRECTION('center_axis',(0.,0.,1.));
#13376=DIRECTION('ref_axis',(1.,0.,0.));
#13377=DIRECTION('center_axis',(0.,0.,1.));
#13378=DIRECTION('ref_axis',(1.,0.,0.));
#13379=DIRECTION('center_axis',(0.,0.,-1.));
#13380=DIRECTION('ref_axis',(-1.,0.,0.));
#13381=DIRECTION('center_axis',(0.,0.,1.));
#13382=DIRECTION('ref_axis',(-0.980746659784043,-0.195284380641263,0.));
#13383=DIRECTION('',(0.,1.,0.));
#13384=DIRECTION('',(1.,0.,0.));
#13385=DIRECTION('center_axis',(0.,0.,-1.));
#13386=DIRECTION('ref_axis',(-1.,0.,0.));
#13387=DIRECTION('center_axis',(0.,0.,1.));
#13388=DIRECTION('ref_axis',(-0.980746659784043,-0.195284380641263,0.));
#13389=DIRECTION('',(1.,0.,0.));
#13390=DIRECTION('',(-1.53077888037727E-16,-1.,0.));
#13391=DIRECTION('center_axis',(0.,0.,-1.));
#13392=DIRECTION('ref_axis',(-1.,0.,0.));
#13393=DIRECTION('center_axis',(0.,0.,1.));
#13394=DIRECTION('ref_axis',(-0.980746659784043,-0.195284380641263,0.));
#13395=DIRECTION('',(-1.53077888037727E-16,-1.,0.));
#13396=DIRECTION('',(-1.,0.,0.));
#13397=DIRECTION('center_axis',(0.,0.,-1.));
#13398=DIRECTION('ref_axis',(-1.,0.,0.));
#13399=DIRECTION('',(0.,-1.,0.));
#13400=DIRECTION('center_axis',(0.,0.,1.));
#13401=DIRECTION('ref_axis',(0.980746659785185,0.195284380635528,0.));
#13402=DIRECTION('',(1.,0.,0.));
#13403=DIRECTION('center_axis',(0.,0.,-1.));
#13404=DIRECTION('ref_axis',(-1.,0.,0.));
#13405=DIRECTION('',(1.,0.,0.));
#13406=DIRECTION('center_axis',(0.,0.,1.));
#13407=DIRECTION('ref_axis',(0.980746659785185,0.195284380635528,0.));
#13408=DIRECTION('',(1.50027116702293E-16,1.,0.));
#13409=DIRECTION('center_axis',(0.,0.,-1.));
#13410=DIRECTION('ref_axis',(-1.,0.,0.));
#13411=DIRECTION('',(1.50027116702293E-16,1.,0.));
#13412=DIRECTION('center_axis',(0.,0.,1.));
#13413=DIRECTION('ref_axis',(-1.,0.,0.));
#13414=DIRECTION('',(-1.,0.,0.));
#13415=DIRECTION('center_axis',(0.,0.,-1.));
#13416=DIRECTION('ref_axis',(-1.,0.,0.));
#13417=DIRECTION('',(-1.,0.,0.));
#13418=DIRECTION('center_axis',(0.,0.,1.));
#13419=DIRECTION('ref_axis',(-1.,0.,0.));
#13420=DIRECTION('',(0.,-1.,0.));
#13421=DIRECTION('center_axis',(0.,0.,-1.));
#13422=DIRECTION('ref_axis',(-1.,0.,0.));
#13423=DIRECTION('center_axis',(0.,0.,1.));
#13424=DIRECTION('ref_axis',(-0.980746659784043,-0.195284380641263,0.));
#13425=DIRECTION('',(-1.,0.,0.));
#13426=DIRECTION('',(0.,1.,0.));
#13427=DIRECTION('center_axis',(0.,0.,-1.));
#13428=DIRECTION('ref_axis',(-1.,0.,0.));
#13429=DIRECTION('',(1.,0.,0.));
#13430=DIRECTION('',(0.,-1.,0.));
#13431=DIRECTION('',(1.,0.,0.));
#13432=DIRECTION('',(0.,-1.,0.));
#13433=DIRECTION('center_axis',(0.,-1.,0.));
#13434=DIRECTION('ref_axis',(0.,0.,-1.));
#13435=DIRECTION('center_axis',(0.,1.,0.));
#13436=DIRECTION('ref_axis',(0.,0.,1.));
#13437=DIRECTION('',(0.,-1.,0.));
#13438=DIRECTION('center_axis',(0.,1.,0.));
#13439=DIRECTION('ref_axis',(0.,0.,1.));
#13440=DIRECTION('',(0.,-1.,0.));
#13441=DIRECTION('center_axis',(0.,1.,0.));
#13442=DIRECTION('ref_axis',(0.,0.,1.));
#13443=DIRECTION('center_axis',(-0.478868464993563,0.,-0.877886663091944));
#13444=DIRECTION('ref_axis',(-0.877886663091944,0.,0.478868464993563));
#13445=DIRECTION('',(2.40308013988129E-16,1.,0.));
#13446=DIRECTION('',(0.877886663091944,0.,-0.478868464993563));
#13447=DIRECTION('',(0.,-1.,0.));
#13448=DIRECTION('',(0.877886663091944,0.,-0.478868464993563));
#13449=DIRECTION('',(0.877886663091944,0.,-0.478868464993563));
#13450=DIRECTION('center_axis',(0.,-1.,0.));
#13451=DIRECTION('ref_axis',(0.,0.,-1.));
#13452=DIRECTION('center_axis',(0.,1.,0.));
#13453=DIRECTION('ref_axis',(0.,0.,1.));
#13454=DIRECTION('',(0.,-1.,0.));
#13455=DIRECTION('center_axis',(0.,1.,0.));
#13456=DIRECTION('ref_axis',(0.,0.,1.));
#13457=DIRECTION('center_axis',(1.,0.,0.));
#13458=DIRECTION('ref_axis',(0.,0.,-1.));
#13459=DIRECTION('',(0.,0.,1.));
#13460=DIRECTION('',(0.,-1.,0.));
#13461=DIRECTION('',(0.,0.,1.));
#13462=DIRECTION('center_axis',(0.,-1.,0.));
#13463=DIRECTION('ref_axis',(-0.254650974460146,0.,0.967033030049387));
#13464=DIRECTION('center_axis',(0.,1.,0.));
#13465=DIRECTION('ref_axis',(0.,0.,1.));
#13466=DIRECTION('center_axis',(0.,1.,0.));
#13467=DIRECTION('ref_axis',(0.,0.,1.));
#13468=DIRECTION('center_axis',(0.,-1.,0.));
#13469=DIRECTION('ref_axis',(0.,0.,-1.));
#13470=DIRECTION('center_axis',(0.,1.,0.));
#13471=DIRECTION('ref_axis',(0.,0.,1.));
#13472=DIRECTION('',(0.,-1.,0.));
#13473=DIRECTION('center_axis',(0.,1.,0.));
#13474=DIRECTION('ref_axis',(0.,0.,1.));
#13475=DIRECTION('center_axis',(1.,0.,0.));
#13476=DIRECTION('ref_axis',(0.,0.,-1.));
#13477=DIRECTION('',(0.,0.,1.));
#13478=DIRECTION('',(0.,-1.,0.));
#13479=DIRECTION('',(0.,0.,1.));
#13480=DIRECTION('center_axis',(0.,-1.,0.));
#13481=DIRECTION('ref_axis',(0.,0.,-1.));
#13482=DIRECTION('center_axis',(0.,1.,0.));
#13483=DIRECTION('ref_axis',(0.,0.,1.));
#13484=DIRECTION('',(0.,-1.,0.));
#13485=DIRECTION('center_axis',(0.,1.,0.));
#13486=DIRECTION('ref_axis',(0.,0.,1.));
#13487=DIRECTION('center_axis',(0.,-1.,0.));
#13488=DIRECTION('ref_axis',(0.,0.,-1.));
#13489=DIRECTION('center_axis',(0.,1.,0.));
#13490=DIRECTION('ref_axis',(0.,0.,1.));
#13491=DIRECTION('',(0.,-1.,0.));
#13492=DIRECTION('center_axis',(0.,1.,0.));
#13493=DIRECTION('ref_axis',(0.,0.,1.));
#13494=DIRECTION('center_axis',(0.,-1.,0.));
#13495=DIRECTION('ref_axis',(0.,0.,-1.));
#13496=DIRECTION('center_axis',(0.,1.,0.));
#13497=DIRECTION('ref_axis',(0.,0.,1.));
#13498=DIRECTION('',(0.,-1.,0.));
#13499=DIRECTION('center_axis',(0.,1.,0.));
#13500=DIRECTION('ref_axis',(0.,0.,1.));
#13501=DIRECTION('center_axis',(0.,-1.,0.));
#13502=DIRECTION('ref_axis',(0.,0.,-1.));
#13503=DIRECTION('center_axis',(0.,1.,0.));
#13504=DIRECTION('ref_axis',(0.,0.,1.));
#13505=DIRECTION('',(0.,-1.,0.));
#13506=DIRECTION('center_axis',(0.,-1.,0.));
#13507=DIRECTION('ref_axis',(0.,0.,-1.));
#13508=DIRECTION('',(0.,-1.,0.));
#13509=DIRECTION('center_axis',(0.,1.,0.));
#13510=DIRECTION('ref_axis',(0.,0.,1.));
#13511=DIRECTION('center_axis',(0.,1.,0.));
#13512=DIRECTION('ref_axis',(0.,0.,1.));
#13513=DIRECTION('center_axis',(0.,1.,0.));
#13514=DIRECTION('ref_axis',(0.,0.,1.));
#13515=DIRECTION('',(0.,0.,-1.));
#13516=DIRECTION('',(1.,-2.41372383466079E-15,0.));
#13517=DIRECTION('',(0.,0.,-1.));
#13518=DIRECTION('center_axis',(0.,1.,0.));
#13519=DIRECTION('ref_axis',(0.,0.,1.));
#13520=DIRECTION('',(0.,0.,-1.));
#13521=DIRECTION('',(0.,0.,-1.));
#13522=DIRECTION('',(-1.,0.,0.));
#13523=DIRECTION('center_axis',(-1.,9.38703179641129E-17,0.));
#13524=DIRECTION('ref_axis',(0.,0.,1.));
#13525=DIRECTION('',(0.,1.,0.));
#13526=DIRECTION('',(0.,1.,0.));
#13527=DIRECTION('',(0.,0.,-1.));
#13528=DIRECTION('center_axis',(1.,-1.87740635928226E-16,0.));
#13529=DIRECTION('ref_axis',(0.,0.,-1.));
#13530=DIRECTION('',(0.,0.,-1.));
#13531=DIRECTION('',(-1.20686191733038E-15,-1.,0.));
#13532=DIRECTION('center_axis',(0.,-1.,0.));
#13533=DIRECTION('ref_axis',(0.,0.,-1.));
#13534=DIRECTION('',(-1.,0.,0.));
#13535=DIRECTION('center_axis',(0.,1.,0.));
#13536=DIRECTION('ref_axis',(0.,0.,1.));
#13537=DIRECTION('',(0.,0.,-1.));
#13538=DIRECTION('',(1.,0.,0.));
#13539=DIRECTION('',(0.,0.,-1.));
#13540=DIRECTION('center_axis',(1.,-1.40805476946169E-16,0.));
#13541=DIRECTION('ref_axis',(0.,0.,-1.));
#13542=DIRECTION('',(-2.79324931430919E-16,-1.,0.));
#13543=DIRECTION('center_axis',(-1.,1.87740635928226E-16,0.));
#13544=DIRECTION('ref_axis',(0.,0.,1.));
#13545=DIRECTION('',(2.40981843693611E-15,1.,0.));
#13546=DIRECTION('',(0.,1.,0.));
#13547=DIRECTION('center_axis',(0.,0.,-1.));
#13548=DIRECTION('ref_axis',(-1.,0.,0.));
#13549=DIRECTION('',(1.,0.,0.));
#13550=DIRECTION('center_axis',(0.,0.,1.));
#13551=DIRECTION('ref_axis',(0.980746659785185,0.195284380635528,0.));
#13552=DIRECTION('center_axis',(0.,0.,-1.));
#13553=DIRECTION('ref_axis',(-1.,0.,0.));
#13554=DIRECTION('center_axis',(0.,0.,1.));
#13555=DIRECTION('ref_axis',(0.980746659785185,0.195284380635528,0.));
#13556=DIRECTION('center_axis',(0.,0.,-1.));
#13557=DIRECTION('ref_axis',(-1.,0.,0.));
#13558=DIRECTION('center_axis',(0.,0.,1.));
#13559=DIRECTION('ref_axis',(-1.,0.,0.));
#13560=DIRECTION('center_axis',(0.,0.,-1.));
#13561=DIRECTION('ref_axis',(-1.,0.,0.));
#13562=DIRECTION('center_axis',(0.,0.,1.));
#13563=DIRECTION('ref_axis',(-1.,0.,0.));
#13564=DIRECTION('center_axis',(0.,0.,-1.));
#13565=DIRECTION('ref_axis',(-1.,0.,0.));
#13566=DIRECTION('center_axis',(0.,0.,1.));
#13567=DIRECTION('ref_axis',(-1.,0.,0.));
#13568=DIRECTION('center_axis',(0.,0.,1.));
#13569=DIRECTION('ref_axis',(1.,0.,0.));
#13570=DIRECTION('',(0.43603933489689,5.33994175783817E-17,-0.899927607323321));
#13571=DIRECTION('center_axis',(0.,0.,1.));
#13572=DIRECTION('ref_axis',(1.,0.,0.));
#13573=DIRECTION('',(-1.,0.,0.));
#13574=DIRECTION('center_axis',(0.,0.,1.));
#13575=DIRECTION('ref_axis',(-0.980746659784043,-0.195284380641263,0.));
#13576=DIRECTION('center_axis',(0.,0.,1.));
#13577=DIRECTION('ref_axis',(1.,0.,0.));
#13578=DIRECTION('center_axis',(0.,0.,1.));
#13579=DIRECTION('ref_axis',(-0.980746659784043,-0.195284380641263,0.));
#13580=DIRECTION('center_axis',(0.,0.,1.));
#13581=DIRECTION('ref_axis',(1.,0.,0.));
#13582=DIRECTION('center_axis',(0.,0.,1.));
#13583=DIRECTION('ref_axis',(-0.980746659784043,-0.195284380641263,0.));
#13584=DIRECTION('center_axis',(0.,0.,1.));
#13585=DIRECTION('ref_axis',(1.,0.,0.));
#13586=DIRECTION('center_axis',(0.,0.,1.));
#13587=DIRECTION('ref_axis',(-1.,-5.51484258884728E-16,0.));
#13588=DIRECTION('',(0.544373036166316,6.66664696283205E-17,-0.838843249656971));
#13589=DIRECTION('center_axis',(0.,0.,1.));
#13590=DIRECTION('ref_axis',(-0.980746659784043,-0.195284380641263,0.));
#13591=DIRECTION('center_axis',(0.,0.,1.));
#13592=DIRECTION('ref_axis',(1.,0.,0.));
#13593=DIRECTION('center_axis',(0.,0.,1.));
#13594=DIRECTION('ref_axis',(1.,0.,0.));
#13595=DIRECTION('center_axis',(0.,0.,1.));
#13596=DIRECTION('ref_axis',(1.,0.,0.));
#13597=DIRECTION('center_axis',(0.,0.,1.));
#13598=DIRECTION('ref_axis',(-0.980746659781992,-0.195284380651566,0.));
#13599=DIRECTION('',(0.250805581591056,3.07148252703777E-17,-0.968037478738696));
#13600=DIRECTION('center_axis',(0.,0.,1.));
#13601=DIRECTION('ref_axis',(1.,0.,0.));
#13602=DIRECTION('center_axis',(0.,0.,1.));
#13603=DIRECTION('ref_axis',(1.,0.,0.));
#13604=DIRECTION('center_axis',(0.,0.,1.));
#13605=DIRECTION('ref_axis',(-0.980746659781992,-0.195284380651566,0.));
#13606=DIRECTION('center_axis',(0.,0.,-1.));
#13607=DIRECTION('ref_axis',(-1.,0.,0.));
#13608=DIRECTION('',(-0.997714705266093,1.22184812026637E-16,0.0675674988126196));
#13609=DIRECTION('center_axis',(0.,0.,-1.));
#13610=DIRECTION('ref_axis',(-1.,0.,0.));
#13611=DIRECTION('center_axis',(0.,0.,-1.));
#13612=DIRECTION('ref_axis',(-1.,0.,0.));
#13613=DIRECTION('center_axis',(0.,0.,-1.));
#13614=DIRECTION('ref_axis',(-1.,0.,0.));
#13615=DIRECTION('',(0.,0.,-1.));
#13616=DIRECTION('center_axis',(0.,0.,1.));
#13617=DIRECTION('ref_axis',(1.,0.,0.));
#13618=DIRECTION('center_axis',(0.,0.,-1.));
#13619=DIRECTION('ref_axis',(-1.,0.,0.));
#13620=DIRECTION('center_axis',(0.,0.,-1.));
#13621=DIRECTION('ref_axis',(-1.,0.,0.));
#13622=DIRECTION('center_axis',(0.,0.,-1.));
#13623=DIRECTION('ref_axis',(-1.,0.,0.));
#13624=DIRECTION('',(0.,0.,1.));
#13625=DIRECTION('center_axis',(0.,0.,-1.));
#13626=DIRECTION('ref_axis',(-1.,0.,0.));
#13627=DIRECTION('center_axis',(0.,0.,-1.));
#13628=DIRECTION('ref_axis',(-1.,0.,0.));
#13629=DIRECTION('',(0.00384476704258502,-4.70848165216898E-19,-0.99999260885588));
#13630=DIRECTION('center_axis',(0.,0.,1.));
#13631=DIRECTION('ref_axis',(-1.,0.,0.));
#13632=DIRECTION('center_axis',(0.,0.,1.));
#13633=DIRECTION('ref_axis',(-1.,0.,0.));
#13634=DIRECTION('center_axis',(0.,0.,1.));
#13635=DIRECTION('ref_axis',(1.,0.,0.));
#13636=DIRECTION('center_axis',(0.,0.,1.));
#13637=DIRECTION('ref_axis',(-0.98074665979035,-0.195284380609588,0.));
#13638=DIRECTION('',(0.261771119723639,3.20577163878773E-17,-0.965129981338593));
#13639=DIRECTION('center_axis',(0.,0.,1.));
#13640=DIRECTION('ref_axis',(1.,0.,0.));
#13641=DIRECTION('',(-0.999960227689693,-1.22459809211484E-16,0.00891869041829343));
#13642=DIRECTION('center_axis',(0.,0.,-1.));
#13643=DIRECTION('ref_axis',(-1.,0.,0.));
#13644=DIRECTION('center_axis',(0.,0.,-1.));
#13645=DIRECTION('ref_axis',(-1.,0.,0.));
#13646=DIRECTION('center_axis',(0.,0.,-1.));
#13647=DIRECTION('ref_axis',(-1.,0.,0.));
#13648=DIRECTION('',(0.,0.,-1.));
#13649=DIRECTION('center_axis',(0.,0.,1.));
#13650=DIRECTION('ref_axis',(1.,0.,0.));
#13651=DIRECTION('center_axis',(1.97215226305253E-31,1.06107808688793E-15,
-1.));
#13652=DIRECTION('ref_axis',(-1.,0.,-1.97215226305253E-31));
#13653=DIRECTION('center_axis',(0.,0.,-1.));
#13654=DIRECTION('ref_axis',(-1.,0.,0.));
#13655=DIRECTION('center_axis',(0.,0.,-1.));
#13656=DIRECTION('ref_axis',(-1.,0.,0.));
#13657=DIRECTION('',(0.,0.,1.));
#13658=DIRECTION('center_axis',(1.,0.,0.));
#13659=DIRECTION('ref_axis',(0.,0.,-1.));
#13660=DIRECTION('',(0.,0.,-1.));
#13661=DIRECTION('',(0.,0.,-1.));
#13662=DIRECTION('',(0.,-1.,0.));
#13663=DIRECTION('center_axis',(-1.,-3.61400724161821E-16,0.));
#13664=DIRECTION('ref_axis',(0.,0.,1.));
#13665=DIRECTION('',(0.,0.,-1.));
#13666=DIRECTION('',(0.,0.,-1.));
#13667=DIRECTION('',(-4.62592926927132E-16,1.,0.));
#13668=DIRECTION('center_axis',(7.22801448323669E-16,-1.,0.));
#13669=DIRECTION('ref_axis',(0.,0.,-1.));
#13670=DIRECTION('',(-1.,-9.25185853854296E-16,0.));
#13671=DIRECTION('center_axis',(0.,1.,0.));
#13672=DIRECTION('ref_axis',(0.,0.,1.));
#13673=DIRECTION('',(1.,0.,0.));
#13674=DIRECTION('center_axis',(0.,0.,1.));
#13675=DIRECTION('ref_axis',(1.,0.,0.));
#13676=DIRECTION('center_axis',(0.,0.,1.));
#13677=DIRECTION('ref_axis',(1.,0.,0.));
#13678=DIRECTION('center_axis',(-1.,0.,0.));
#13679=DIRECTION('ref_axis',(0.,0.,1.));
#13680=DIRECTION('',(0.,0.,-1.));
#13681=DIRECTION('',(0.,0.,-1.));
#13682=DIRECTION('',(0.,1.,0.));
#13683=DIRECTION('center_axis',(1.,0.,0.));
#13684=DIRECTION('ref_axis',(0.,0.,-1.));
#13685=DIRECTION('',(0.,0.,-1.));
#13686=DIRECTION('',(0.,0.,-1.));
#13687=DIRECTION('',(0.,-1.,0.));
#13688=DIRECTION('center_axis',(0.,-1.,0.));
#13689=DIRECTION('ref_axis',(0.,0.,-1.));
#13690=DIRECTION('',(-1.,0.,0.));
#13691=DIRECTION('center_axis',(0.,1.,0.));
#13692=DIRECTION('ref_axis',(0.,0.,1.));
#13693=DIRECTION('',(1.,0.,0.));
#13694=DIRECTION('center_axis',(0.,0.,1.));
#13695=DIRECTION('ref_axis',(1.,0.,0.));
#13696=DIRECTION('center_axis',(0.,0.,1.));
#13697=DIRECTION('ref_axis',(1.,0.,0.));
#13698=DIRECTION('center_axis',(-1.,0.,0.));
#13699=DIRECTION('ref_axis',(0.,0.,1.));
#13700=DIRECTION('',(0.,0.,-1.));
#13701=DIRECTION('',(0.,0.,-1.));
#13702=DIRECTION('',(0.,1.,0.));
#13703=DIRECTION('center_axis',(1.,3.61400724161835E-16,0.));
#13704=DIRECTION('ref_axis',(0.,0.,-1.));
#13705=DIRECTION('',(0.,0.,-1.));
#13706=DIRECTION('',(0.,0.,-1.));
#13707=DIRECTION('',(4.62592926927148E-16,-1.,0.));
#13708=DIRECTION('center_axis',(7.22801448323678E-16,-1.,0.));
#13709=DIRECTION('ref_axis',(0.,0.,-1.));
#13710=DIRECTION('',(-1.,-9.25185853854307E-16,0.));
#13711=DIRECTION('center_axis',(0.,1.,0.));
#13712=DIRECTION('ref_axis',(0.,0.,1.));
#13713=DIRECTION('',(1.,0.,0.));
#13714=DIRECTION('center_axis',(0.,0.,1.));
#13715=DIRECTION('ref_axis',(1.,0.,0.));
#13716=DIRECTION('center_axis',(0.,0.,1.));
#13717=DIRECTION('ref_axis',(1.,0.,0.));
#13718=DIRECTION('center_axis',(1.,0.,0.));
#13719=DIRECTION('ref_axis',(0.,0.,-1.));
#13720=DIRECTION('',(0.,0.,-1.));
#13721=DIRECTION('',(0.,0.,-1.));
#13722=DIRECTION('',(0.,-1.,0.));
#13723=DIRECTION('center_axis',(-1.,0.,0.));
#13724=DIRECTION('ref_axis',(0.,0.,1.));
#13725=DIRECTION('',(0.,0.,-1.));
#13726=DIRECTION('',(0.,0.,-1.));
#13727=DIRECTION('',(0.,1.,0.));
#13728=DIRECTION('center_axis',(7.22801448323674E-16,-1.,0.));
#13729=DIRECTION('ref_axis',(0.,0.,-1.));
#13730=DIRECTION('',(-1.,0.,0.));
#13731=DIRECTION('center_axis',(0.,1.,0.));
#13732=DIRECTION('ref_axis',(0.,0.,1.));
#13733=DIRECTION('',(1.,0.,0.));
#13734=DIRECTION('center_axis',(0.,0.,1.));
#13735=DIRECTION('ref_axis',(1.,0.,0.));
#13736=DIRECTION('center_axis',(0.,0.,1.));
#13737=DIRECTION('ref_axis',(1.,0.,0.));
#13738=DIRECTION('center_axis',(0.,0.,-1.));
#13739=DIRECTION('ref_axis',(-1.,0.,0.));
#13740=DIRECTION('',(0.,0.,1.));
#13741=DIRECTION('center_axis',(0.,0.,1.));
#13742=DIRECTION('ref_axis',(1.,0.,0.));
#13743=DIRECTION('center_axis',(0.,0.,1.));
#13744=DIRECTION('ref_axis',(1.,0.,0.));
#13745=DIRECTION('center_axis',(0.,0.,-1.));
#13746=DIRECTION('ref_axis',(-1.,0.,0.));
#13747=DIRECTION('',(0.,0.,1.));
#13748=DIRECTION('center_axis',(0.,0.,1.));
#13749=DIRECTION('ref_axis',(1.,0.,0.));
#13750=DIRECTION('center_axis',(0.,0.,1.));
#13751=DIRECTION('ref_axis',(1.,0.,0.));
#13752=DIRECTION('center_axis',(0.,0.,-1.));
#13753=DIRECTION('ref_axis',(-1.,0.,0.));
#13754=DIRECTION('',(0.,0.,1.));
#13755=DIRECTION('center_axis',(0.,0.,1.));
#13756=DIRECTION('ref_axis',(1.,0.,0.));
#13757=DIRECTION('center_axis',(0.,0.,1.));
#13758=DIRECTION('ref_axis',(1.,0.,0.));
#13759=DIRECTION('center_axis',(0.,0.,-1.));
#13760=DIRECTION('ref_axis',(-1.,0.,0.));
#13761=DIRECTION('',(0.,0.,1.));
#13762=DIRECTION('center_axis',(0.,0.,1.));
#13763=DIRECTION('ref_axis',(1.,0.,0.));
#13764=DIRECTION('center_axis',(0.,0.,1.));
#13765=DIRECTION('ref_axis',(1.,0.,0.));
#13766=DIRECTION('axis',(0.,0.,1.));
#13767=DIRECTION('refdir',(1.,0.,0.));
#13768=DIRECTION('center_axis',(0.,0.,1.));
#13769=DIRECTION('ref_axis',(1.,0.,0.));
#13770=DIRECTION('center_axis',(0.,0.,-1.));
#13771=DIRECTION('ref_axis',(1.,0.,0.));
#13772=DIRECTION('',(0.,0.,-1.));
#13773=DIRECTION('center_axis',(0.,0.,-1.));
#13774=DIRECTION('ref_axis',(1.,0.,0.));
#13775=DIRECTION('center_axis',(0.,0.,1.));
#13776=DIRECTION('ref_axis',(1.,0.,0.));
#13777=DIRECTION('center_axis',(0.,0.,1.));
#13778=DIRECTION('ref_axis',(1.,0.,0.));
#13779=DIRECTION('',(0.,0.,-1.));
#13780=DIRECTION('center_axis',(0.,0.,1.));
#13781=DIRECTION('ref_axis',(1.,0.,0.));
#13782=DIRECTION('center_axis',(0.,0.,1.));
#13783=DIRECTION('ref_axis',(1.,0.,0.));
#13784=DIRECTION('center_axis',(0.,0.,1.));
#13785=DIRECTION('ref_axis',(1.,0.,0.));
#13786=DIRECTION('axis',(0.,0.,1.));
#13787=DIRECTION('refdir',(1.,0.,0.));
#13788=DIRECTION('center_axis',(-2.04178947057501E-15,0.,-1.));
#13789=DIRECTION('ref_axis',(-0.707106781186548,-0.707106781186547,1.25607396694702E-15));
#13790=DIRECTION('center_axis',(3.6953798778969E-15,-2.75211858818375E-30,
1.));
#13791=DIRECTION('ref_axis',(-0.707106781186548,-0.707106781186547,1.25607396694702E-15));
#13792=DIRECTION('',(2.04178947057501E-15,0.,1.));
#13793=DIRECTION('center_axis',(-5.8432790769745E-16,0.,-1.));
#13794=DIRECTION('ref_axis',(-0.707106781186548,-0.707106781186547,1.25607396694702E-15));
#13795=DIRECTION('',(-2.04178947057501E-15,0.,-1.));
#13796=DIRECTION('center_axis',(-3.9600311706375E-15,0.,-1.));
#13797=DIRECTION('ref_axis',(-0.707106781186548,-0.707106781186547,1.25607396694702E-15));
#13798=DIRECTION('',(-2.04178947057501E-15,0.,-1.));
#13799=DIRECTION('center_axis',(5.8432790769745E-16,0.,1.));
#13800=DIRECTION('ref_axis',(-1.,0.,5.8432790769745E-16));
#13801=DIRECTION('',(-1.,0.,5.8432790769745E-16));
#13802=DIRECTION('center_axis',(-5.8432790769745E-16,0.,-1.));
#13803=DIRECTION('ref_axis',(0.707106781186547,-0.707106781186548,-2.51214793389404E-15));
#13804=DIRECTION('',(1.,0.,-5.8432790769745E-16));
#13805=DIRECTION('center_axis',(0.,-1.,0.));
#13806=DIRECTION('ref_axis',(0.,0.,-1.));
#13807=DIRECTION('',(1.,0.,-3.6953798778969E-15));
#13808=DIRECTION('',(-4.08357894115002E-15,0.,-1.));
#13809=DIRECTION('center_axis',(-3.6953798778969E-15,2.75211858818375E-30,
-1.));
#13810=DIRECTION('ref_axis',(-1.,-6.12323399573677E-17,3.6953798778969E-15));
#13811=DIRECTION('',(0.,-1.,0.));
#13812=DIRECTION('',(1.,0.,9.65411325761003E-16));
#13813=DIRECTION('',(0.,-1.,0.));
#13814=DIRECTION('',(-1.,-6.12323399573677E-17,3.6953798778969E-15));
#13815=DIRECTION('',(-6.12323399573677E-17,1.,2.97839534513875E-30));
#13816=DIRECTION('',(1.,0.,-3.6953798778969E-15));
#13817=DIRECTION('',(0.,-1.,0.));
#13818=DIRECTION('center_axis',(3.6953798778969E-15,-2.75211858818375E-30,
1.));
#13819=DIRECTION('ref_axis',(0.707106781186547,-0.707106781186548,-2.51214793389404E-15));
#13820=DIRECTION('center_axis',(4.08357894115002E-15,0.,1.));
#13821=DIRECTION('ref_axis',(0.707106781186547,-0.707106781186548,-2.51214793389404E-15));
#13822=DIRECTION('',(4.08357894115002E-15,0.,1.));
#13823=DIRECTION('center_axis',(-3.9600311706375E-15,0.,-1.));
#13824=DIRECTION('ref_axis',(0.707106781186547,-0.707106781186548,-2.51214793389404E-15));
#13825=DIRECTION('',(4.08357894115002E-15,0.,1.));
#13826=DIRECTION('center_axis',(0.,1.,0.));
#13827=DIRECTION('ref_axis',(-0.707106781186547,0.,0.707106781186548));
#13828=DIRECTION('center_axis',(-9.19884146811207E-45,-1.,-2.76255391222905E-30));
#13829=DIRECTION('ref_axis',(-0.707106781186547,0.,0.707106781186548));
#13830=DIRECTION('',(0.,1.,0.));
#13831=DIRECTION('center_axis',(9.19884146811207E-45,1.,2.76255391222905E-30));
#13832=DIRECTION('ref_axis',(-0.707106781186547,0.,0.707106781186548));
#13833=DIRECTION('',(0.,-1.,0.));
#13834=DIRECTION('center_axis',(-0.707106781186548,-0.707106781186547,2.22649281739416E-16));
#13835=DIRECTION('ref_axis',(-0.707106781186547,0.707106781186548,1.57009245868377E-16));
#13836=DIRECTION('center_axis',(1.,0.,0.));
#13837=DIRECTION('ref_axis',(0.,2.76255391222905E-30,-1.));
#13838=DIRECTION('',(0.,2.76255391222905E-30,-1.));
#13839=DIRECTION('',(0.,0.707106781186547,0.707106781186548));
#13840=DIRECTION('',(0.,1.,0.));
#13841=DIRECTION('',(0.,-2.76255391222905E-30,1.));
#13842=DIRECTION('center_axis',(0.,1.,0.));
#13843=DIRECTION('ref_axis',(-1.,5.01754989169749E-45,1.38612520831134E-74));
#13844=DIRECTION('center_axis',(9.19884146811207E-45,1.,2.76255391222905E-30));
#13845=DIRECTION('ref_axis',(-1.,9.19884146811207E-45,2.54122954857079E-74));
#13846=DIRECTION('',(-0.148340452930244,-0.988936352868298,1.81664660865092E-17));
#13847=DIRECTION('center_axis',(-9.19884146811207E-45,-1.,-2.76255391222905E-30));
#13848=DIRECTION('ref_axis',(-1.,0.,0.));
#13849=DIRECTION('center_axis',(0.,-1.,0.));
#13850=DIRECTION('ref_axis',(-1.,0.,0.));
#13851=DIRECTION('',(0.,-1.,0.));
#13852=DIRECTION('center_axis',(6.12323399573677E-17,-1.,-2.97839534513875E-30));
#13853=DIRECTION('ref_axis',(-1.,0.,0.));
#13854=DIRECTION('center_axis',(9.19884146811207E-45,1.,2.76255391222905E-30));
#13855=DIRECTION('ref_axis',(0.,-2.76255391222905E-30,1.));
#13856=DIRECTION('center_axis',(-9.19884146811207E-45,-1.,-2.76255391222905E-30));
#13857=DIRECTION('ref_axis',(-0.707106781186547,0.,0.707106781186548));
#13858=DIRECTION('',(1.,-7.43363228242862E-45,-6.38977280359801E-16));
#13859=DIRECTION('center_axis',(-9.19884146811207E-45,-1.,-2.76255391222905E-30));
#13860=DIRECTION('ref_axis',(0.707106781186547,0.,0.707106781186547));
#13861=DIRECTION('',(-2.67463553275908E-16,2.76255391222905E-30,-1.));
#13862=DIRECTION('center_axis',(-9.19884146811207E-45,-1.,-2.76255391222905E-30));
#13863=DIRECTION('ref_axis',(0.707106781186547,0.,-0.707106781186547));
#13864=DIRECTION('',(-1.,8.67140364177931E-45,1.90923993916622E-16));
#13865=DIRECTION('',(1.,6.12323399573677E-17,-6.75787928032703E-16));
#13866=DIRECTION('',(0.,2.97839534513875E-30,-1.));
#13867=DIRECTION('',(1.36364349763742E-15,-2.89489626291076E-30,1.));
#13868=DIRECTION('',(1.,6.12323399573677E-17,-6.75787928032703E-16));
#13869=DIRECTION('',(-5.67057958058189E-15,2.76255391222905E-30,-1.));
#13870=DIRECTION('center_axis',(-9.19884146811207E-45,-1.,-2.76255391222905E-30));
#13871=DIRECTION('ref_axis',(1.,0.,0.));
#13872=DIRECTION('center_axis',(-9.19884146811207E-45,-1.,-2.76255391222905E-30));
#13873=DIRECTION('ref_axis',(1.,0.,0.));
#13874=DIRECTION('center_axis',(-9.19884146811207E-45,-1.,-2.76255391222905E-30));
#13875=DIRECTION('ref_axis',(1.,0.,0.));
#13876=DIRECTION('center_axis',(-9.19884146811207E-45,-1.,-2.76255391222905E-30));
#13877=DIRECTION('ref_axis',(1.,0.,0.));
#13878=DIRECTION('center_axis',(-9.19884146811207E-45,-1.,-2.76255391222905E-30));
#13879=DIRECTION('ref_axis',(-1.,0.,0.));
#13880=DIRECTION('center_axis',(-9.19884146811207E-45,-1.,-2.76255391222905E-30));
#13881=DIRECTION('ref_axis',(-1.,0.,0.));
#13882=DIRECTION('center_axis',(0.,-1.,0.));
#13883=DIRECTION('ref_axis',(-1.,0.,0.));
#13884=DIRECTION('',(0.,-1.,0.));
#13885=DIRECTION('center_axis',(9.19884146811207E-45,1.,2.76255391222905E-30));
#13886=DIRECTION('ref_axis',(-1.,0.,0.));
#13887=DIRECTION('center_axis',(0.,-1.,0.));
#13888=DIRECTION('ref_axis',(-1.,0.,0.));
#13889=DIRECTION('',(0.,-1.,0.));
#13890=DIRECTION('center_axis',(9.19884146811207E-45,1.,2.76255391222905E-30));
#13891=DIRECTION('ref_axis',(-1.,0.,0.));
#13892=DIRECTION('center_axis',(0.,1.,0.));
#13893=DIRECTION('ref_axis',(-1.,0.,0.));
#13894=DIRECTION('center_axis',(-6.12323399573677E-17,1.,2.97839534513875E-30));
#13895=DIRECTION('ref_axis',(-1.,0.,0.));
#13896=DIRECTION('',(0.,1.,0.));
#13897=DIRECTION('center_axis',(-6.12323399573677E-17,1.,2.97839534513875E-30));
#13898=DIRECTION('ref_axis',(-1.,0.,0.));
#13899=DIRECTION('center_axis',(6.12323399573677E-17,-1.,-2.97839534513875E-30));
#13900=DIRECTION('ref_axis',(0.,2.97839534513875E-30,-1.));
#13901=DIRECTION('center_axis',(-6.12323399573677E-17,1.,2.97839534513875E-30));
#13902=DIRECTION('ref_axis',(3.33066907387547E-15,-2.77445068412171E-30,
1.));
#13903=DIRECTION('',(1.,6.12323399573677E-17,-3.9600311706375E-15));
#13904=DIRECTION('',(3.394312431975E-15,-2.77055365238254E-30,1.));
#13905=DIRECTION('',(-1.,-6.12323399573677E-17,-2.10360158270307E-16));
#13906=DIRECTION('',(5.10447367643753E-15,-2.66583647767969E-30,1.));
#13907=DIRECTION('',(-1.,-6.12323399573677E-17,6.75787928032703E-16));
#13908=DIRECTION('',(-2.29701315439689E-15,2.83774385478217E-30,-1.));
#13909=DIRECTION('',(-1.,-6.12323399573677E-17,3.86164530304402E-15));
#13910=DIRECTION('',(-5.67057958058189E-15,2.63117248850525E-30,-1.));
#13911=DIRECTION('',(-1.,-6.12323399573677E-17,3.89424997040198E-15));
#13912=DIRECTION('',(-3.88931632830469E-15,2.74024340552225E-30,-1.));
#13913=DIRECTION('center_axis',(1.,0.,0.));
#13914=DIRECTION('ref_axis',(0.,0.,1.));
#13915=DIRECTION('',(0.,0.,-1.));
#13916=DIRECTION('',(0.,-1.,0.));
#13917=DIRECTION('',(0.,0.,1.));
#13918=DIRECTION('',(0.,-1.,0.));
#13919=DIRECTION('center_axis',(-5.55111512312579E-16,0.,-1.));
#13920=DIRECTION('ref_axis',(1.,0.,-5.55111512312579E-16));
#13921=DIRECTION('',(-1.,0.,5.55111512312579E-16));
#13922=DIRECTION('',(1.,0.,-5.55111512312579E-16));
#13923=DIRECTION('',(0.,-1.,0.));
#13924=DIRECTION('center_axis',(0.,-1.,0.));
#13925=DIRECTION('ref_axis',(0.,0.,-1.));
#13926=DIRECTION('',(1.,6.12323399573677E-17,2.10360158270307E-16));
#13927=DIRECTION('',(5.10447367643753E-15,0.,1.));
#13928=DIRECTION('center_axis',(0.,-1.,0.));
#13929=DIRECTION('ref_axis',(0.,0.,-1.));
#13930=DIRECTION('',(-1.,0.,4.68081451200272E-15));
#13931=DIRECTION('',(-5.10447367643753E-15,0.,-1.));
#13932=DIRECTION('',(1.,0.,2.10360158270307E-16));
#13933=DIRECTION('',(-3.394312431975E-15,0.,-1.));
#13934=DIRECTION('',(-1.,0.,3.394312431975E-15));
#13935=DIRECTION('',(4.08357894115002E-15,0.,1.));
#13936=DIRECTION('',(0.,0.,1.));
#13937=DIRECTION('center_axis',(-3.70074341541719E-16,0.,-1.));
#13938=DIRECTION('ref_axis',(1.,0.,-3.70074341541718E-16));
#13939=DIRECTION('',(-1.,0.,3.70074341541718E-16));
#13940=DIRECTION('',(0.,-1.,0.));
#13941=DIRECTION('',(1.,0.,-3.70074341541718E-16));
#13942=DIRECTION('',(0.,-1.,0.));
#13943=DIRECTION('center_axis',(-1.,0.,2.22044604925033E-15));
#13944=DIRECTION('ref_axis',(-2.22044604925033E-15,0.,-1.));
#13945=DIRECTION('',(2.22044604925033E-15,0.,1.));
#13946=DIRECTION('',(-2.22044604925033E-15,0.,-1.));
#13947=DIRECTION('',(0.,-1.,0.));
#13948=DIRECTION('center_axis',(0.,-1.,0.));
#13949=DIRECTION('ref_axis',(0.,0.,-1.));
#13950=DIRECTION('',(1.,6.12323399573677E-17,-3.86164530304402E-15));
#13951=DIRECTION('',(-2.29701315439689E-15,0.,-1.));
#13952=DIRECTION('',(5.67057958058189E-15,-2.63117248850525E-30,1.));
#13953=DIRECTION('center_axis',(0.,-1.,0.));
#13954=DIRECTION('ref_axis',(0.,0.,-1.));
#13955=DIRECTION('',(-1.,0.,3.9600311706375E-15));
#13956=DIRECTION('',(3.88931632830469E-15,0.,1.));
#13957=DIRECTION('',(1.,0.,-3.89424997040198E-15));
#13958=DIRECTION('',(2.29701315439689E-15,0.,1.));
#13959=DIRECTION('',(-1.,0.,6.75787928032703E-16));
#13960=DIRECTION('',(-1.36364349763742E-15,0.,-1.));
#13961=DIRECTION('',(-2.04178947057501E-15,0.,-1.));
#13962=DIRECTION('center_axis',(-3.89424997040198E-15,0.,-1.));
#13963=DIRECTION('ref_axis',(1.,6.12323399573677E-17,-3.89424997040198E-15));
#13964=DIRECTION('',(0.,-1.,0.));
#13965=DIRECTION('',(0.,-1.,0.));
#13966=DIRECTION('center_axis',(1.,0.,-3.88931632830469E-15));
#13967=DIRECTION('ref_axis',(3.88931632830469E-15,-2.74024340552225E-30,
1.));
#13968=DIRECTION('',(0.,-1.,0.));
#13969=DIRECTION('center_axis',(1.,0.,-2.29701315439689E-15));
#13970=DIRECTION('ref_axis',(2.29701315439689E-15,-2.83774385478217E-30,
1.));
#13971=DIRECTION('',(0.,-1.,0.));
#13972=DIRECTION('',(0.,-1.,0.));
#13973=DIRECTION('center_axis',(-3.86164530304402E-15,0.,-1.));
#13974=DIRECTION('ref_axis',(1.,6.12323399573677E-17,-3.86164530304402E-15));
#13975=DIRECTION('',(0.,-1.,0.));
#13976=DIRECTION('center_axis',(1.,0.,-5.67057958058189E-15));
#13977=DIRECTION('ref_axis',(5.67057958058189E-15,-2.63117248850525E-30,
1.));
#13978=DIRECTION('center_axis',(-1.,0.,2.04178947057501E-15));
#13979=DIRECTION('ref_axis',(-2.04178947057501E-15,2.85337179815513E-30,
-1.));
#13980=DIRECTION('',(0.,-1.,0.));
#13981=DIRECTION('center_axis',(-1.,0.,3.394312431975E-15));
#13982=DIRECTION('ref_axis',(-3.394312431975E-15,2.77055365238254E-30,-1.));
#13983=DIRECTION('',(0.,-1.,0.));
#13984=DIRECTION('',(0.,-1.,0.));
#13985=DIRECTION('center_axis',(2.10360158270307E-16,0.,-1.));
#13986=DIRECTION('ref_axis',(1.,6.12323399573677E-17,2.10360158270307E-16));
#13987=DIRECTION('',(0.,-1.,0.));
#13988=DIRECTION('center_axis',(-1.,0.,5.10447367643753E-15));
#13989=DIRECTION('ref_axis',(-5.10447367643753E-15,2.66583647767969E-30,
-1.));
#13990=DIRECTION('',(0.,-1.,0.));
#13991=DIRECTION('center_axis',(1.,0.,-4.08357894115002E-15));
#13992=DIRECTION('ref_axis',(4.08357894115002E-15,-2.7283482511715E-30,
1.));
#13993=DIRECTION('',(0.,-1.,0.));
#13994=DIRECTION('center_axis',(0.,-1.,0.));
#13995=DIRECTION('ref_axis',(0.,0.,-1.));
#13996=DIRECTION('',(-1.,-6.12323399573677E-17,3.9600311706375E-15));
#13997=DIRECTION('center_axis',(3.9600311706375E-15,0.,1.));
#13998=DIRECTION('ref_axis',(-1.,-6.12323399573677E-17,3.9600311706375E-15));
#13999=DIRECTION('center_axis',(4.77854226555931E-16,-0.707106781186548,
0.707106781186547));
#14000=DIRECTION('ref_axis',(1.,0.,-6.75787928032703E-16));
#14001=DIRECTION('',(-1.,7.33194088368816E-45,6.75787928032703E-16));
#14002=DIRECTION('',(-9.45626461208219E-17,-0.707106781186547,-0.707106781186548));
#14003=DIRECTION('',(-1.,-6.12323399573677E-17,6.75787928032703E-16));
#14004=DIRECTION('',(-1.,-6.12323399573677E-17,6.75787928032703E-16));
#14005=DIRECTION('center_axis',(9.19884146811207E-45,1.,2.76255391222905E-30));
#14006=DIRECTION('ref_axis',(0.,-2.76255391222905E-30,1.));
#14007=DIRECTION('',(-3.14873633888513E-16,2.76255391222905E-30,-1.));
#14008=DIRECTION('',(-1.,7.43363228242862E-45,6.38977280359801E-16));
#14009=DIRECTION('center_axis',(9.19884146811207E-45,1.,2.76255391222905E-30));
#14010=DIRECTION('ref_axis',(-0.707106781186547,0.,0.707106781186548));
#14011=DIRECTION('',(5.67057958058189E-15,-2.76255391222905E-30,1.));
#14012=DIRECTION('center_axis',(9.19884146811207E-45,1.,2.76255391222905E-30));
#14013=DIRECTION('ref_axis',(1.,0.,0.));
#14014=DIRECTION('center_axis',(9.19884146811207E-45,1.,2.76255391222905E-30));
#14015=DIRECTION('ref_axis',(1.,0.,0.));
#14016=DIRECTION('center_axis',(6.75787928032703E-16,-2.93701526899036E-30,
1.));
#14017=DIRECTION('ref_axis',(1.,6.12323399573677E-17,-6.75787928032703E-16));
#14018=DIRECTION('',(-6.12323399573677E-17,1.,2.97839534513875E-30));
#14019=DIRECTION('center_axis',(1.,6.12323399573677E-17,0.));
#14020=DIRECTION('ref_axis',(0.,2.97839534513875E-30,-1.));
#14021=DIRECTION('center_axis',(6.75787928032703E-16,-2.93701526899036E-30,
1.));
#14022=DIRECTION('ref_axis',(1.,6.12323399573677E-17,-6.75787928032703E-16));
#14023=DIRECTION('',(0.,1.,0.));
#14024=DIRECTION('',(-6.12323399573677E-17,1.,2.97839534513875E-30));
#14025=DIRECTION('center_axis',(-1.,-6.12323399573677E-17,1.36364349763742E-15));
#14026=DIRECTION('ref_axis',(1.36364349763742E-15,-2.89489626291076E-30,
1.));
#14027=DIRECTION('center_axis',(0.,1.,0.));
#14028=DIRECTION('ref_axis',(-0.707106781186547,0.,0.707106781186548));
#14029=DIRECTION('',(0.,-1.,0.));
#14030=DIRECTION('',(0.,1.,0.));
#14031=DIRECTION('center_axis',(-1.,0.,1.33731776637954E-16));
#14032=DIRECTION('ref_axis',(1.33731776637954E-16,-2.76255391222905E-30,
1.));
#14033=DIRECTION('center_axis',(0.,-1.,0.));
#14034=DIRECTION('ref_axis',(0.707106781186547,0.,-0.707106781186547));
#14035=DIRECTION('center_axis',(8.32667268468868E-16,1.,-1.72563323017098E-31));
#14036=DIRECTION('ref_axis',(0.707106781186547,0.,-0.707106781186547));
#14037=DIRECTION('',(0.,1.,0.));
#14038=DIRECTION('',(0.,-1.,0.));
#14039=DIRECTION('center_axis',(8.32667268468868E-16,1.,-1.72563323017098E-31));
#14040=DIRECTION('ref_axis',(0.,1.72563323017098E-31,1.));
#14041=DIRECTION('',(2.67463553275908E-16,-5.01448233041291E-32,1.));
#14042=DIRECTION('center_axis',(8.32667268468868E-16,1.,-1.72563323017098E-31));
#14043=DIRECTION('ref_axis',(0.707106781186547,0.,0.707106781186547));
#14044=DIRECTION('',(-1.,8.32667268468868E-16,0.));
#14045=DIRECTION('',(-3.14873633888513E-16,8.96216456257162E-32,-1.));
#14046=DIRECTION('',(1.,-8.32667268468868E-16,-1.90923993916622E-16));
#14047=DIRECTION('center_axis',(8.32667268468868E-16,1.,-1.72563323017098E-31));
#14048=DIRECTION('ref_axis',(1.,0.,0.));
#14049=DIRECTION('center_axis',(8.32667268468868E-16,1.,-1.72563323017098E-31));
#14050=DIRECTION('ref_axis',(1.,0.,0.));
#14051=DIRECTION('center_axis',(1.,0.,-2.67463553275908E-16));
#14052=DIRECTION('ref_axis',(-2.67463553275908E-16,2.76255391222905E-30,
-1.));
#14053=DIRECTION('',(0.,1.,0.));
#14054=DIRECTION('center_axis',(0.,1.,0.));
#14055=DIRECTION('ref_axis',(0.707106781186547,0.,0.707106781186547));
#14056=DIRECTION('',(0.,-1.,0.));
#14057=DIRECTION('center_axis',(-0.707106781186548,-0.707106781186547,2.22649281739416E-16));
#14058=DIRECTION('ref_axis',(3.14873633888511E-16,0.,1.));
#14059=DIRECTION('',(0.707106781186547,-0.707106781186548,-1.35003650789662E-16));
#14060=DIRECTION('',(-0.707106781186547,0.707106781186548,4.51825167966553E-16));
#14061=DIRECTION('center_axis',(0.,1.,0.));
#14062=DIRECTION('ref_axis',(1.,0.,0.));
#14063=DIRECTION('',(0.,-1.,0.));
#14064=DIRECTION('center_axis',(0.,1.,0.));
#14065=DIRECTION('ref_axis',(1.,0.,0.));
#14066=DIRECTION('',(0.,-1.,0.));
#14067=DIRECTION('center_axis',(0.,1.,0.));
#14068=DIRECTION('ref_axis',(1.,0.,0.));
#14069=DIRECTION('',(0.,-1.,0.));
#14070=DIRECTION('center_axis',(0.,1.,0.));
#14071=DIRECTION('ref_axis',(1.,0.,0.));
#14072=DIRECTION('',(0.,-1.,0.));
#14073=DIRECTION('center_axis',(6.38977280359801E-16,0.,1.));
#14074=DIRECTION('ref_axis',(1.,-7.43363228242862E-45,-6.38977280359801E-16));
#14075=DIRECTION('center_axis',(-1.90923993916622E-16,0.,-1.));
#14076=DIRECTION('ref_axis',(-1.,8.67140364177931E-45,1.90923993916622E-16));
#14077=DIRECTION('axis',(0.,0.,1.));
#14078=DIRECTION('refdir',(1.,0.,0.));
#14079=DIRECTION('center_axis',(0.,0.,1.));
#14080=DIRECTION('ref_axis',(1.,0.,0.));
#14081=DIRECTION('center_axis',(0.,0.,-1.));
#14082=DIRECTION('ref_axis',(1.,0.,0.));
#14083=DIRECTION('',(0.,0.,-1.));
#14084=DIRECTION('center_axis',(0.,0.,-1.));
#14085=DIRECTION('ref_axis',(1.,0.,0.));
#14086=DIRECTION('center_axis',(0.,0.,1.));
#14087=DIRECTION('ref_axis',(1.,0.,0.));
#14088=DIRECTION('center_axis',(0.,0.,1.));
#14089=DIRECTION('ref_axis',(1.,0.,0.));
#14090=DIRECTION('',(0.,0.,-1.));
#14091=DIRECTION('center_axis',(0.,0.,1.));
#14092=DIRECTION('ref_axis',(1.,0.,0.));
#14093=DIRECTION('center_axis',(0.,0.,1.));
#14094=DIRECTION('ref_axis',(1.,0.,0.));
#14095=DIRECTION('center_axis',(0.,0.,1.));
#14096=DIRECTION('ref_axis',(1.,0.,0.));
#14097=DIRECTION('axis',(0.,0.,1.));
#14098=DIRECTION('refdir',(1.,0.,0.));
#14099=DIRECTION('center_axis',(0.,0.,1.));
#14100=DIRECTION('ref_axis',(1.,0.,0.));
#14101=DIRECTION('center_axis',(0.,0.,-1.));
#14102=DIRECTION('ref_axis',(1.,0.,0.));
#14103=DIRECTION('',(0.,0.,-1.));
#14104=DIRECTION('center_axis',(0.,0.,-1.));
#14105=DIRECTION('ref_axis',(1.,0.,0.));
#14106=DIRECTION('center_axis',(0.,0.,1.));
#14107=DIRECTION('ref_axis',(1.,0.,0.));
#14108=DIRECTION('center_axis',(0.,0.,1.));
#14109=DIRECTION('ref_axis',(1.,0.,0.));
#14110=DIRECTION('',(0.,0.,-1.));
#14111=DIRECTION('center_axis',(0.,0.,1.));
#14112=DIRECTION('ref_axis',(1.,0.,0.));
#14113=DIRECTION('center_axis',(0.,0.,1.));
#14114=DIRECTION('ref_axis',(1.,0.,0.));
#14115=DIRECTION('center_axis',(0.,0.,1.));
#14116=DIRECTION('ref_axis',(1.,0.,0.));
#14117=DIRECTION('axis',(0.,0.,1.));
#14118=DIRECTION('refdir',(1.,0.,0.));
#14119=DIRECTION('center_axis',(0.,0.,1.));
#14120=DIRECTION('ref_axis',(1.,0.,0.));
#14121=DIRECTION('center_axis',(0.,0.,-1.));
#14122=DIRECTION('ref_axis',(1.,0.,0.));
#14123=DIRECTION('',(0.,0.,-1.));
#14124=DIRECTION('center_axis',(0.,0.,-1.));
#14125=DIRECTION('ref_axis',(1.,0.,0.));
#14126=DIRECTION('center_axis',(0.,0.,1.));
#14127=DIRECTION('ref_axis',(1.,0.,0.));
#14128=DIRECTION('center_axis',(0.,0.,1.));
#14129=DIRECTION('ref_axis',(1.,0.,0.));
#14130=DIRECTION('',(0.,0.,-1.));
#14131=DIRECTION('center_axis',(0.,0.,1.));
#14132=DIRECTION('ref_axis',(1.,0.,0.));
#14133=DIRECTION('center_axis',(0.,0.,1.));
#14134=DIRECTION('ref_axis',(1.,0.,0.));
#14135=DIRECTION('center_axis',(0.,0.,1.));
#14136=DIRECTION('ref_axis',(1.,0.,0.));
#14137=DIRECTION('axis',(0.,0.,1.));
#14138=DIRECTION('refdir',(1.,0.,0.));
#14139=DIRECTION('center_axis',(0.,0.,-1.));
#14140=DIRECTION('ref_axis',(1.,0.,0.));
#14141=DIRECTION('center_axis',(0.,0.,-1.));
#14142=DIRECTION('ref_axis',(1.,0.,0.));
#14143=DIRECTION('',(0.,0.,-1.));
#14144=DIRECTION('center_axis',(0.,0.,1.));
#14145=DIRECTION('ref_axis',(1.,0.,0.));
#14146=DIRECTION('center_axis',(0.,0.,-1.));
#14147=DIRECTION('ref_axis',(1.,0.,0.));
#14148=DIRECTION('center_axis',(0.,0.,-1.));
#14149=DIRECTION('ref_axis',(1.,0.,0.));
#14150=DIRECTION('',(0.,0.,-1.));
#14151=DIRECTION('center_axis',(0.,0.,1.));
#14152=DIRECTION('ref_axis',(1.,0.,0.));
#14153=DIRECTION('center_axis',(0.,0.,-1.));
#14154=DIRECTION('ref_axis',(1.,0.,0.));
#14155=DIRECTION('center_axis',(0.,0.,-1.));
#14156=DIRECTION('ref_axis',(1.,0.,0.));
#14157=DIRECTION('',(0.,0.,-1.));
#14158=DIRECTION('center_axis',(0.,0.,1.));
#14159=DIRECTION('ref_axis',(1.,0.,0.));
#14160=DIRECTION('center_axis',(0.,0.,-1.));
#14161=DIRECTION('ref_axis',(1.,0.,0.));
#14162=DIRECTION('center_axis',(0.,0.,-1.));
#14163=DIRECTION('ref_axis',(1.,0.,0.));
#14164=DIRECTION('',(0.,0.,-1.));
#14165=DIRECTION('center_axis',(0.,0.,1.));
#14166=DIRECTION('ref_axis',(1.,0.,0.));
#14167=DIRECTION('center_axis',(0.,0.,1.));
#14168=DIRECTION('ref_axis',(1.,0.,0.));
#14169=DIRECTION('center_axis',(0.,0.,1.));
#14170=DIRECTION('ref_axis',(1.,0.,0.));
#14171=DIRECTION('center_axis',(0.,0.,1.));
#14172=DIRECTION('ref_axis',(1.,0.,0.));
#14173=DIRECTION('center_axis',(0.,0.,1.));
#14174=DIRECTION('ref_axis',(1.,0.,0.));
#14175=DIRECTION('',(0.,0.,-1.));
#14176=DIRECTION('center_axis',(0.,0.,1.));
#14177=DIRECTION('ref_axis',(1.,0.,0.));
#14178=DIRECTION('center_axis',(0.,0.,1.));
#14179=DIRECTION('ref_axis',(1.,0.,0.));
#14180=DIRECTION('center_axis',(0.,0.,1.));
#14181=DIRECTION('ref_axis',(1.,0.,0.));
#14182=DIRECTION('center_axis',(0.,0.,1.));
#14183=DIRECTION('ref_axis',(1.,0.,0.));
#14184=DIRECTION('',(0.,0.,-1.));
#14185=DIRECTION('center_axis',(0.,0.,1.));
#14186=DIRECTION('ref_axis',(1.,0.,0.));
#14187=DIRECTION('center_axis',(0.,0.,1.));
#14188=DIRECTION('ref_axis',(1.,0.,0.));
#14189=DIRECTION('',(0.099503719020999,1.21856911002324E-17,-0.995037190209989));
#14190=DIRECTION('center_axis',(0.,0.,1.));
#14191=DIRECTION('ref_axis',(1.,0.,0.));
#14192=DIRECTION('center_axis',(0.,0.,-1.));
#14193=DIRECTION('ref_axis',(-1.,0.,0.));
#14194=DIRECTION('center_axis',(0.,0.,1.));
#14195=DIRECTION('ref_axis',(1.,0.,0.));
#14196=DIRECTION('center_axis',(0.,0.,1.));
#14197=DIRECTION('ref_axis',(1.,0.,0.));
#14198=DIRECTION('center_axis',(0.,0.,1.));
#14199=DIRECTION('ref_axis',(1.,0.,0.));
#14200=DIRECTION('',(0.0995037190210071,1.21856911002334E-17,-0.995037190209988));
#14201=DIRECTION('center_axis',(0.,0.,1.));
#14202=DIRECTION('ref_axis',(1.,0.,0.));
#14203=DIRECTION('center_axis',(0.,0.,1.));
#14204=DIRECTION('ref_axis',(1.,0.,0.));
#14205=DIRECTION('',(0.,0.,-1.));
#14206=DIRECTION('center_axis',(0.,0.,-1.));
#14207=DIRECTION('ref_axis',(-1.,0.,0.));
#14208=DIRECTION('center_axis',(0.,0.,1.));
#14209=DIRECTION('ref_axis',(1.,0.,0.));
#14210=DIRECTION('center_axis',(0.,0.,1.));
#14211=DIRECTION('ref_axis',(1.,0.,0.));
#14212=DIRECTION('',(0.,0.,-1.));
#14213=DIRECTION('axis',(0.,0.,1.));
#14214=DIRECTION('refdir',(1.,0.,0.));
#14215=DIRECTION('axis',(0.,0.,1.));
#14216=DIRECTION('refdir',(1.,0.,0.));
#14217=DIRECTION('center_axis',(0.,0.,-1.));
#14218=DIRECTION('ref_axis',(-1.,3.18653657647143E-50,-9.78848830558487E-34));
#14219=DIRECTION('center_axis',(-1.80710553333875E-33,-3.25539192262542E-17,
1.));
#14220=DIRECTION('ref_axis',(-1.,5.88283675656264E-50,-1.80710553333875E-33));
#14221=DIRECTION('',(-0.0995037190209986,1.21856911002324E-17,0.995037190209989));
#14222=DIRECTION('center_axis',(0.,0.,1.));
#14223=DIRECTION('ref_axis',(-1.,0.,0.));
#14224=DIRECTION('center_axis',(-1.80710553333875E-33,-3.25539192262542E-17,
1.));
#14225=DIRECTION('ref_axis',(1.,-5.55111512312578E-17,1.05163914557972E-64));
#14226=DIRECTION('center_axis',(-1.80710553333875E-33,-3.25539192262542E-17,
1.));
#14227=DIRECTION('ref_axis',(1.,-5.55111512312578E-17,1.05163914557972E-64));
#14228=DIRECTION('center_axis',(1.80710553333875E-33,3.25539192262542E-17,
-1.));
#14229=DIRECTION('ref_axis',(1.,-5.55111512312578E-17,1.05163914557972E-64));
#14230=DIRECTION('center_axis',(1.80710553333875E-33,3.25539192262542E-17,
-1.));
#14231=DIRECTION('ref_axis',(1.,-5.55111512312578E-17,1.05163914557972E-64));
#14232=DIRECTION('center_axis',(1.80710553333875E-33,3.25539192262542E-17,
-1.));
#14233=DIRECTION('ref_axis',(1.,-5.55111512312578E-17,1.05163914557972E-64));
#14234=DIRECTION('center_axis',(1.80710553333875E-33,3.25539192262542E-17,
-1.));
#14235=DIRECTION('ref_axis',(1.,-5.55111512312578E-17,1.05163914557972E-64));
#14236=DIRECTION('center_axis',(0.,0.,1.));
#14237=DIRECTION('ref_axis',(-1.,0.,0.));
#14238=DIRECTION('center_axis',(0.,0.,-1.));
#14239=DIRECTION('ref_axis',(-1.,0.,0.));
#14240=DIRECTION('center_axis',(0.,0.,-1.));
#14241=DIRECTION('ref_axis',(-1.,0.,0.));
#14242=DIRECTION('center_axis',(0.,0.,1.));
#14243=DIRECTION('ref_axis',(-1.,0.,0.));
#14244=DIRECTION('',(0.,0.,1.));
#14245=DIRECTION('center_axis',(0.,0.,1.));
#14246=DIRECTION('ref_axis',(1.,-5.55111512312578E-17,0.));
#14247=DIRECTION('',(0.,0.,-1.));
#14248=DIRECTION('center_axis',(1.80710553333875E-33,3.25539192262542E-17,
-1.));
#14249=DIRECTION('ref_axis',(1.,-5.55111512312578E-17,1.05163914557972E-64));
#14250=DIRECTION('center_axis',(0.,0.,1.));
#14251=DIRECTION('ref_axis',(1.,-5.55111512312578E-17,0.));
#14252=DIRECTION('',(0.,0.,-1.));
#14253=DIRECTION('center_axis',(1.80710553333875E-33,3.25539192262542E-17,
-1.));
#14254=DIRECTION('ref_axis',(1.,-5.55111512312578E-17,1.05163914557972E-64));
#14255=DIRECTION('center_axis',(0.,0.,1.));
#14256=DIRECTION('ref_axis',(1.,-5.55111512312578E-17,0.));
#14257=DIRECTION('',(0.,0.,-1.));
#14258=DIRECTION('center_axis',(1.80710553333875E-33,3.25539192262542E-17,
-1.));
#14259=DIRECTION('ref_axis',(1.,-5.55111512312578E-17,1.05163914557972E-64));
#14260=DIRECTION('center_axis',(0.,0.,1.));
#14261=DIRECTION('ref_axis',(1.,-5.55111512312578E-17,0.));
#14262=DIRECTION('',(0.,0.,-1.));
#14263=DIRECTION('center_axis',(1.80710553333875E-33,3.25539192262542E-17,
-1.));
#14264=DIRECTION('ref_axis',(1.,-5.55111512312578E-17,1.05163914557972E-64));
#14265=DIRECTION('center_axis',(0.,0.,1.));
#14266=DIRECTION('ref_axis',(1.,-5.55111512312578E-17,0.));
#14267=DIRECTION('',(0.,0.,-1.));
#14268=DIRECTION('center_axis',(-1.80710553333875E-33,-3.25539192262542E-17,
1.));
#14269=DIRECTION('ref_axis',(1.,-5.55111512312578E-17,1.05163914557972E-64));
#14270=DIRECTION('center_axis',(-1.80710553333875E-33,-3.25539192262542E-17,
1.));
#14271=DIRECTION('ref_axis',(1.,-5.55111512312578E-17,1.05163914557972E-64));
#14272=DIRECTION('',(1.,0.,-1.94289029309402E-16));
#14273=DIRECTION('',(-1.94289029309402E-16,0.,-1.));
#14274=DIRECTION('',(1.,6.12323399573677E-17,-3.95516952522713E-15));
#14275=DIRECTION('',(-3.95516952522713E-15,2.73621106018102E-30,-1.));
#14276=DIRECTION('',(2.7467725036803E-16,-3.38365213244483E-17,0.999999999999998));
#14277=DIRECTION('',(1.,-5.55111512312578E-17,-5.41233724504764E-16));
#14278=DIRECTION('',(3.33066907387547E-15,-2.77445068412171E-30,1.));
#14279=DIRECTION('',(1.,6.12323399573677E-17,-3.33066907387547E-15));
#14280=DIRECTION('',(3.33066907387547E-15,-2.77445068412171E-30,1.));
#14281=DIRECTION('',(1.,6.12323399573677E-17,-3.33066907387547E-15));
#14282=DIRECTION('',(0.999999999999999,-8.32667268468866E-16,-3.52495810318487E-15));
#14283=DIRECTION('',(-3.52495810318487E-15,2.76255391222905E-30,-1.));
#14284=DIRECTION('',(-1.,8.32667268468867E-16,3.52495810318488E-15));
#14285=DIRECTION('',(3.52495810318488E-15,-1.22464679914738E-16,1.));
#14286=DIRECTION('',(0.,0.,1.));
#14287=DIRECTION('',(1.,0.,0.));
#14288=DIRECTION('',(3.15334322208844E-17,-3.38365213244483E-17,1.));
#14289=DIRECTION('',(1.,-5.55111512312578E-17,-5.27355936696949E-16));
#14290=DIRECTION('',(1.69157640304165E-46,-2.97839534513875E-30,1.));
#14291=DIRECTION('',(1.,6.12323399573677E-17,-2.10183944007838E-75));
#14292=DIRECTION('',(1.2591745300119E-17,-3.38365213244483E-17,1.));
#14293=DIRECTION('',(1.,-5.55111512312578E-17,-4.9960036108132E-16));
#14294=DIRECTION('',(1.2591745300119E-17,-3.38365213244483E-17,1.));
#14295=DIRECTION('',(1.,-5.55111512312578E-17,-4.9960036108132E-16));
#14296=DIRECTION('',(0.,0.,1.));
#14297=DIRECTION('',(1.,0.,0.));
#14298=DIRECTION('',(1.2591745300119E-17,-1.28260209819414E-18,1.));
#14299=DIRECTION('',(1.,-5.55111512312578E-17,-4.9960036108132E-16));
#14300=DIRECTION('center_axis',(0.,0.,1.));
#14301=DIRECTION('ref_axis',(1.,0.,0.));
#14302=CARTESIAN_POINT('',(0.,0.,0.));
#14303=CARTESIAN_POINT('',(0.,0.,0.));
#14304=CARTESIAN_POINT('',(0.,0.,0.));
#14305=CARTESIAN_POINT('Origin',(0.,0.,0.));
#14306=CARTESIAN_POINT('',(0.,21.,2.5));
#14307=CARTESIAN_POINT('',(-2.5,18.5,3.17758822398205E-15));
#14308=CARTESIAN_POINT('Origin',(0.,21.,0.));
#14309=CARTESIAN_POINT('',(2.5,18.5,-4.53676106113295E-15));
#14310=CARTESIAN_POINT('Origin',(0.,21.,0.));
#14311=CARTESIAN_POINT('',(2.5,16.4,-4.53676106113295E-15));
#14312=CARTESIAN_POINT('',(2.5,0.,-4.53676106113295E-15));
#14313=CARTESIAN_POINT('Origin',(0.,16.4,0.));
#14314=CARTESIAN_POINT('',(0.,21.,-2.5));
#14315=CARTESIAN_POINT('Origin',(0.,21.,0.));
#14316=CARTESIAN_POINT('Origin',(0.,21.,0.));
#14317=CARTESIAN_POINT('Origin',(2.5,16.4,0.));
#14318=CARTESIAN_POINT('',(-3.125,16.4,-1.91351062366774E-16));
#14319=CARTESIAN_POINT('Origin',(0.,16.4,0.));
#14320=CARTESIAN_POINT('Origin',(20.75,21.,0.));
#14321=CARTESIAN_POINT('',(-4.35,18.5,3.17758822398205E-15));
#14322=CARTESIAN_POINT('Origin',(-4.35,21.,0.));
#14323=CARTESIAN_POINT('',(20.75,18.5,3.17758822398205E-15));
#14324=CARTESIAN_POINT('',(4.35,18.5,3.17758822398205E-15));
#14325=CARTESIAN_POINT('',(20.75,18.5,3.17758822398205E-15));
#14326=CARTESIAN_POINT('Origin',(4.35,21.,0.));
#14327=CARTESIAN_POINT('Origin',(-4.35,24.125,0.));
#14328=CARTESIAN_POINT('',(-4.35,24.125,5.74053187100322E-16));
#14329=CARTESIAN_POINT('Origin',(-4.35,21.,0.));
#14330=CARTESIAN_POINT('Origin',(20.75,21.,0.));
#14331=CARTESIAN_POINT('',(-20.45,24.125,5.74053187100322E-16));
#14332=CARTESIAN_POINT('',(-20.45,20.0343218925783,2.97205161342235));
#14333=CARTESIAN_POINT('Origin',(-20.45,21.,0.));
#14334=CARTESIAN_POINT('',(20.75,24.125,5.74053187100322E-16));
#14335=CARTESIAN_POINT('Origin',(-20.45,21.,0.));
#14336=CARTESIAN_POINT('Origin',(-20.45,21.,0.));
#14337=CARTESIAN_POINT('',(-20.7499999999999,17.7426314316892,-1.05838320573416));
#14338=CARTESIAN_POINT('',(-20.7499999999999,24.2573685683108,1.05838320573416));
#14339=CARTESIAN_POINT('Ctrl Pts',(-20.7499999999999,17.7426314316892,-1.05838320573416));
#14340=CARTESIAN_POINT('Ctrl Pts',(-20.7499999999999,17.7772994054501,-1.16493294088594));
#14341=CARTESIAN_POINT('Ctrl Pts',(-20.7499999927146,17.81718189028,-1.26980320307144));
#14342=CARTESIAN_POINT('Ctrl Pts',(-20.7499999913552,17.8620993419257,-1.37248356295222));
#14343=CARTESIAN_POINT('Ctrl Pts',(-20.7499999900166,17.9063254319127,-1.47358348446617));
#14344=CARTESIAN_POINT('Ctrl Pts',(-20.7499999925504,17.9554324726936,-1.57256008475182));
#14345=CARTESIAN_POINT('Ctrl Pts',(-20.7499999951915,18.0091998035688,-1.66894315620853));
#14346=CARTESIAN_POINT('Ctrl Pts',(-20.7499999978946,18.0642279062328,-1.76758628140854));
#14347=CARTESIAN_POINT('Ctrl Pts',(-20.7499999999709,18.1241374782666,-1.86351235862732));
#14348=CARTESIAN_POINT('Ctrl Pts',(-20.7499999999995,18.1886406443749,-1.95624133247504));
#14349=CARTESIAN_POINT('Ctrl Pts',(-20.750000000028,18.2531438104832,-2.04897030632275));
#14350=CARTESIAN_POINT('Ctrl Pts',(-20.7499999985093,18.3222403871623,-2.13850180467774));
#14351=CARTESIAN_POINT('Ctrl Pts',(-20.7499999985408,18.3955929824461,-2.22438570575547));
#14352=CARTESIAN_POINT('Ctrl Pts',(-20.749999998572,18.4683853737718,-2.3096136995522));
#14353=CARTESIAN_POINT('Ctrl Pts',(-20.7499999993785,18.5453694875832,-2.39126069193936));
#14354=CARTESIAN_POINT('Ctrl Pts',(-20.7499999997847,18.6261716460546,-2.46893535263187));
#14355=CARTESIAN_POINT('Ctrl Pts',(-20.7500000001895,18.7066790293426,-2.54632664759781));
#14356=CARTESIAN_POINT('Ctrl Pts',(-20.750000000042,18.7909763682011,-2.61977434290886));
#14357=CARTESIAN_POINT('Ctrl Pts',(-20.7499999986964,18.8786587130339,-2.68893000589504));
#14358=CARTESIAN_POINT('Ctrl Pts',(-20.7499999973433,18.9668226269764,-2.75846548572039));
#14359=CARTESIAN_POINT('Ctrl Pts',(-20.7499999947672,19.058408576657,-2.82366142305683));
#14360=CARTESIAN_POINT('Ctrl Pts',(-20.7499999920954,19.1529730645036,-2.88420608919032));
#14361=CARTESIAN_POINT('Ctrl Pts',(-20.7499999894237,19.2475375523503,-2.94475075532381));
#14362=CARTESIAN_POINT('Ctrl Pts',(-20.7499999867949,19.3450802763159,-3.00064398184801));
#14363=CARTESIAN_POINT('Ctrl Pts',(-20.7499999861635,19.4451302182201,-3.05161937934651));
#14364=CARTESIAN_POINT('Ctrl Pts',(-20.7499999855332,19.5449979957923,-3.10250196420508));
#14365=CARTESIAN_POINT('Ctrl Pts',(-20.7499999874463,19.6473603797317,-3.14848440842914));
#14366=CARTESIAN_POINT('Ctrl Pts',(-20.7499999901728,19.7517273564747,-3.18934388575341));
#14367=CARTESIAN_POINT('Ctrl Pts',(-20.7499999928892,19.8557095080211,-3.23005270472878));
#14368=CARTESIAN_POINT('Ctrl Pts',(-20.7499999962239,19.9616811740386,-3.26567615550975));
#14369=CARTESIAN_POINT('Ctrl Pts',(-20.7499999981578,20.0691377737092,-3.29604198830378));
#14370=CARTESIAN_POINT('Ctrl Pts',(-20.7500000001025,20.1771908989345,-3.32657639143515));
#14371=CARTESIAN_POINT('Ctrl Pts',(-20.7500000005517,20.2867451755269,-3.35179448294817));
#14372=CARTESIAN_POINT('Ctrl Pts',(-20.7499999991603,20.397272096319,-3.37157201054951));
#14373=CARTESIAN_POINT('Ctrl Pts',(-20.7499999977688,20.5077990171112,-3.39134953815086));
#14374=CARTESIAN_POINT('Ctrl Pts',(-20.7499999945737,20.6192982392031,-3.4056864223338));
#14375=CARTESIAN_POINT('Ctrl Pts',(-20.7499999912484,20.7312307904539,-3.41451087121801));
#14376=CARTESIAN_POINT('Ctrl Pts',(-20.7499999879291,20.8429573608438,-3.42331908114798));
#14377=CARTESIAN_POINT('Ctrl Pts',(-20.7499999869619,20.9551204632218,-3.42662797228182));
#14378=CARTESIAN_POINT('Ctrl Pts',(-20.7499999881473,21.0671786112224,-3.42442545572061));
#14379=CARTESIAN_POINT('Ctrl Pts',(-20.7499999893287,21.1788620803086,-3.42223030351915));
#14380=CARTESIAN_POINT('Ctrl Pts',(-20.7499999922283,21.2904409568457,-3.41456060247153));
#14381=CARTESIAN_POINT('Ctrl Pts',(-20.7499999945907,21.4013818678604,-3.40145672327573));
#14382=CARTESIAN_POINT('Ctrl Pts',(-20.7499999969649,21.512881060514,-3.38828690217368));
#14383=CARTESIAN_POINT('Ctrl Pts',(-20.7499999986833,21.6237355074641,-3.36962809781184));
#14384=CARTESIAN_POINT('Ctrl Pts',(-20.7499999993914,21.733411611952,-3.34557368710772));
#14385=CARTESIAN_POINT('Ctrl Pts',(-20.7500000000994,21.8430877164399,-3.3215192764036));
#14386=CARTESIAN_POINT('Ctrl Pts',(-20.7499999999999,21.9515851503768,-3.29206936001591));
#14387=CARTESIAN_POINT('Ctrl Pts',(-20.7499999999999,22.0583832057342,-3.2573685683109));
#14388=CARTESIAN_POINT('Ctrl Pts',(-20.7499999999999,22.165003013483,-3.22272569276475));
#14389=CARTESIAN_POINT('Ctrl Pts',(-20.7500000000991,22.2699169737004,-3.18285341370589));
#14390=CARTESIAN_POINT('Ctrl Pts',(-20.7499999993949,22.372621329117,-3.13793980091393));
#14391=CARTESIAN_POINT('Ctrl Pts',(-20.7499999986927,22.4750464648612,-3.09314829359843));
#14392=CARTESIAN_POINT('Ctrl Pts',(-20.7499999969921,22.5752736837997,-3.04334295805577));
#14393=CARTESIAN_POINT('Ctrl Pts',(-20.7499999946337,22.6728226964067,-2.98875859082698));
#14394=CARTESIAN_POINT('Ctrl Pts',(-20.7499999922658,22.7707705994299,-2.9339510211241));
#14395=CARTESIAN_POINT('Ctrl Pts',(-20.7499999893439,22.8660180191463,-2.87432536619185));
#14396=CARTESIAN_POINT('Ctrl Pts',(-20.7499999881521,22.9581031453785,-2.81016629785595));
#14397=CARTESIAN_POINT('Ctrl Pts',(-20.7499999869604,23.0501882716107,-2.74600722952005));
#14398=CARTESIAN_POINT('Ctrl Pts',(-20.7499999879246,23.1391108027521,-2.677314922501));
#14399=CARTESIAN_POINT('Ctrl Pts',(-20.7499999912484,23.2244379919818,-2.60441874465186));
#14400=CARTESIAN_POINT('Ctrl Pts',(-20.7499999945676,23.3096493502546,-2.53162152276406));
#14401=CARTESIAN_POINT('Ctrl Pts',(-20.7499999977576,23.391283224486,-2.45463482494146));
#14402=CARTESIAN_POINT('Ctrl Pts',(-20.7499999991526,23.4689479108397,-2.37383143146593));
#14403=CARTESIAN_POINT('Ctrl Pts',(-20.7500000005419,23.5462965530532,-2.29335685460215));
#14404=CARTESIAN_POINT('Ctrl Pts',(-20.7500000001155,23.6197080463948,-2.20909686559155));
#14405=CARTESIAN_POINT('Ctrl Pts',(-20.7499999982028,23.6888338999222,-2.12145523781323));
#14406=CARTESIAN_POINT('Ctrl Pts',(-20.7499999962783,23.7583834225727,-2.03327645859745));
#14407=CARTESIAN_POINT('Ctrl Pts',(-20.7499999929242,23.8235943675756,-1.94167471261306));
#14408=CARTESIAN_POINT('Ctrl Pts',(-20.7499999901894,23.884154232684,-1.84709334416265));
#14409=CARTESIAN_POINT('Ctrl Pts',(-20.7499999874546,23.9447140977924,-1.75251197571225));
#14410=CARTESIAN_POINT('Ctrl Pts',(-20.7499999855319,24.0006227103464,-1.65495128778362));
#14411=CARTESIAN_POINT('Ctrl Pts',(-20.7499999861635,24.0516129442898,-1.55488241128982));
#14412=CARTESIAN_POINT('Ctrl Pts',(-20.7499999867938,24.1024996405578,-1.45501672858532));
#14413=CARTESIAN_POINT('Ctrl Pts',(-20.7499999894141,24.148485238146,-1.3526552643279));
#14414=CARTESIAN_POINT('Ctrl Pts',(-20.7499999920808,24.1893464355637,-1.24828768482183));
#14415=CARTESIAN_POINT('Ctrl Pts',(-20.749999994739,24.2300769787164,-1.1442538221489));
#14416=CARTESIAN_POINT('Ctrl Pts',(-20.7499999973076,24.2657157231257,-1.03822697107618));
#14417=CARTESIAN_POINT('Ctrl Pts',(-20.7499999986685,24.2960895146723,-0.930712256973595));
#14418=CARTESIAN_POINT('Ctrl Pts',(-20.7500000000359,24.3266094544815,-0.822680218958626));
#14419=CARTESIAN_POINT('Ctrl Pts',(-20.7500000001922,24.3518134988226,-0.713146278475034));
#14420=CARTESIAN_POINT('Ctrl Pts',(-20.7499999997867,24.3715766725231,-0.602638546860047));
#14421=CARTESIAN_POINT('Ctrl Pts',(-20.7499999993812,24.3913398462237,-0.492130815245061));
#14422=CARTESIAN_POINT('Ctrl Pts',(-20.749999998572,24.4056620666082,-0.380649632227456));
#14423=CARTESIAN_POINT('Ctrl Pts',(-20.7499999985408,24.4144706507237,-0.268733802115699));
#14424=CARTESIAN_POINT('Ctrl Pts',(-20.7499999985096,24.4232651745312,-0.156996612637328));
#14425=CARTESIAN_POINT('Ctrl Pts',(-20.750000000006,24.4265575900612,-0.0448169141127935));
#14426=CARTESIAN_POINT('Ctrl Pts',(-20.7499999999999,24.424339490334,0.067255603074294));
#14427=CARTESIAN_POINT('Ctrl Pts',(-20.7499999999939,24.4221581709072,0.177469745363636));
#14428=CARTESIAN_POINT('Ctrl Pts',(-20.7499999980768,24.41464778214,0.287579872382549));
#14429=CARTESIAN_POINT('Ctrl Pts',(-20.7499999954484,24.4018530784434,0.397067588816935));
#14430=CARTESIAN_POINT('Ctrl Pts',(-20.7499999927536,24.3887347680525,0.509324494662136));
#14431=CARTESIAN_POINT('Ctrl Pts',(-20.7499999900096,24.3700613382445,0.620926683484863));
#14432=CARTESIAN_POINT('Ctrl Pts',(-20.7499999913221,24.34593677358,0.731326079325404));
#14433=CARTESIAN_POINT('Ctrl Pts',(-20.7499999926346,24.3218122089155,0.841725475165945));
#14434=CARTESIAN_POINT('Ctrl Pts',(-20.7499999999999,24.2922366637953,0.95092170393218));
#14435=CARTESIAN_POINT('Ctrl Pts',(-20.7499999999999,24.2573685683108,1.05838320573416));
#14436=CARTESIAN_POINT('',(-20.75,19.9416167942658,3.2573685683109));
#14437=CARTESIAN_POINT('Origin',(-20.75,21.,0.));
#14438=CARTESIAN_POINT('Origin',(-20.45,19.9416167942658,3.25736856831079));
#14439=CARTESIAN_POINT('Origin',(-20.75,21.,0.));
#14440=CARTESIAN_POINT('Origin',(-20.75,21.,0.));
#14441=CARTESIAN_POINT('',(-20.75,24.65,6.70494122533175E-16));
#14442=CARTESIAN_POINT('Origin',(-20.75,21.,0.));
#14443=CARTESIAN_POINT('Origin',(-20.75,21.,0.));
#14444=CARTESIAN_POINT('',(-20.35,15.1,-3.61270805748469E-16));
#14445=CARTESIAN_POINT('',(-20.35,26.9,1.08381241724541E-15));
#14446=CARTESIAN_POINT('Origin',(-20.35,21.,0.));
#14447=CARTESIAN_POINT('Origin',(-20.35,21.,0.));
#14448=CARTESIAN_POINT('',(-20.75,24.65,6.70494122533176E-16));
#14449=CARTESIAN_POINT('Origin',(20.75,21.,0.));
#14450=CARTESIAN_POINT('',(-18.95,15.1,-3.61270805748469E-16));
#14451=CARTESIAN_POINT('Origin',(-18.95,21.,0.));
#14452=CARTESIAN_POINT('',(20.75,15.1,-3.61270805748469E-16));
#14453=CARTESIAN_POINT('Origin',(-18.95,26.9,0.));
#14454=CARTESIAN_POINT('',(-18.95,24.85,7.07233526507596E-16));
#14455=CARTESIAN_POINT('Origin',(-18.95,21.,0.));
#14456=CARTESIAN_POINT('Origin',(20.75,21.,0.));
#14457=CARTESIAN_POINT('',(-17.8,24.85,7.07233526507596E-16));
#14458=CARTESIAN_POINT('Origin',(-17.8,21.,0.));
#14459=CARTESIAN_POINT('',(20.75,24.85,7.07233526507596E-16));
#14460=CARTESIAN_POINT('Origin',(-17.8,24.85,0.));
#14461=CARTESIAN_POINT('',(-17.8,26.2,9.55224503334935E-16));
#14462=CARTESIAN_POINT('Origin',(-17.8,21.,-1.11022302462516E-15));
#14463=CARTESIAN_POINT('Origin',(-17.8,21.,0.));
#14464=CARTESIAN_POINT('',(-17.658938415433,15.,-3.67394039744206E-16));
#14465=CARTESIAN_POINT('',(-17.658938415433,27.,1.10218211923262E-15));
#14466=CARTESIAN_POINT('Origin',(-17.658938415433,21.,0.));
#14467=CARTESIAN_POINT('Origin',(-17.658938415433,21.,0.));
#14468=CARTESIAN_POINT('',(-17.8,26.2,9.55224503334936E-16));
#14469=CARTESIAN_POINT('Origin',(20.75,21.,0.));
#14470=CARTESIAN_POINT('',(-16.75,15.,-3.67394039744206E-16));
#14471=CARTESIAN_POINT('Origin',(-16.75,21.,0.));
#14472=CARTESIAN_POINT('',(20.75,15.,-3.67394039744206E-16));
#14473=CARTESIAN_POINT('Origin',(-16.75,27.,0.));
#14474=CARTESIAN_POINT('',(-16.75,27.05,1.11136697022622E-15));
#14475=CARTESIAN_POINT('Origin',(-16.75,21.,0.));
#14476=CARTESIAN_POINT('Origin',(-16.75,21.,0.));
#14477=CARTESIAN_POINT('',(-14.75,14.75,6.43546652157857E-13));
#14478=CARTESIAN_POINT('',(-14.75,27.25,1.14810637420064E-15));
#14479=CARTESIAN_POINT('Origin',(-14.75,21.,0.));
#14480=CARTESIAN_POINT('Origin',(-14.75,21.,0.));
#14481=CARTESIAN_POINT('',(-16.75,27.05,1.11136697022622E-15));
#14482=CARTESIAN_POINT('Origin',(20.75,21.,0.));
#14483=CARTESIAN_POINT('',(-6.75,15.8708302004995,-3.57129068655742));
#14484=CARTESIAN_POINT('',(-6.74999999999959,15.8708302004993,3.5712906865576));
#14485=CARTESIAN_POINT('Origin',(-6.75,21.,0.));
#14486=CARTESIAN_POINT('',(-7.9,16.1,-3.87975514691328));
#14487=CARTESIAN_POINT('Ctrl Pts',(-7.9,16.1,-3.87975514691328));
#14488=CARTESIAN_POINT('Ctrl Pts',(-7.58639660448316,16.1,-3.87975514691328));
#14489=CARTESIAN_POINT('Ctrl Pts',(-7.26120381303303,16.0467511517028,-3.81482121793788));
#14490=CARTESIAN_POINT('Ctrl Pts',(-6.89634978826993,15.9283018135586,-3.65269611609621));
#14491=CARTESIAN_POINT('Ctrl Pts',(-6.82157157217262,15.9005351271975,-3.61395358529301));
#14492=CARTESIAN_POINT('Ctrl Pts',(-6.75,15.8708302004995,-3.57129068655743));
#14493=CARTESIAN_POINT('',(-10.4054939632735,14.75,3.21322297975175E-13));
#14494=CARTESIAN_POINT('Ctrl Pts',(-10.4054939632735,14.75,2.77555756156289E-16));
#14495=CARTESIAN_POINT('Ctrl Pts',(-10.4054939632735,14.75,-0.369491524466044));
#14496=CARTESIAN_POINT('Ctrl Pts',(-10.383641001143,14.7851820348498,-0.772165105504253));
#14497=CARTESIAN_POINT('Ctrl Pts',(-10.2767260823622,14.9328901380456,-1.55253892937866));
#14498=CARTESIAN_POINT('Ctrl Pts',(-10.1905098490759,15.0452373761118,-1.93011443752772));
#14499=CARTESIAN_POINT('Ctrl Pts',(-9.95500276779662,15.2919810980639,-2.5676354939826));
#14500=CARTESIAN_POINT('Ctrl Pts',(-9.76844120324761,15.4611470539038,-2.9090549420185));
#14501=CARTESIAN_POINT('Ctrl Pts',(-9.36371769941245,15.7285984782696,-3.36704308633202));
#14502=CARTESIAN_POINT('Ctrl Pts',(-9.11388925915684,15.8600480070234,-3.55927511848684));
#14503=CARTESIAN_POINT('Ctrl Pts',(-8.53879618696697,16.0467511517028,-3.81482121793788));
#14504=CARTESIAN_POINT('Ctrl Pts',(-8.21360339551684,16.1,-3.87975514691328));
#14505=CARTESIAN_POINT('Ctrl Pts',(-7.9,16.1,-3.87975514691328));
#14506=CARTESIAN_POINT('',(20.75,14.75,6.43546652157857E-13));
#14507=CARTESIAN_POINT('',(-7.9,16.1,3.87975514691328));
#14508=CARTESIAN_POINT('Ctrl Pts',(-7.9,16.1,3.87975514691328));
#14509=CARTESIAN_POINT('Ctrl Pts',(-8.21360339551685,16.1,3.87975514691328));
#14510=CARTESIAN_POINT('Ctrl Pts',(-8.53879618696697,16.0467511517028,3.81482121793788));
#14511=CARTESIAN_POINT('Ctrl Pts',(-9.11388925915684,15.8600480070234,3.55927511848684));
#14512=CARTESIAN_POINT('Ctrl Pts',(-9.36371769941245,15.7285984782696,3.36704308633202));
#14513=CARTESIAN_POINT('Ctrl Pts',(-9.76844120324761,15.4611470539038,2.9090549420185));
#14514=CARTESIAN_POINT('Ctrl Pts',(-9.95500276779661,15.2919810980639,2.5676354939826));
#14515=CARTESIAN_POINT('Ctrl Pts',(-10.1905098490759,15.0452373761118,1.93011443752772));
#14516=CARTESIAN_POINT('Ctrl Pts',(-10.2767260823622,14.9328901380456,1.55253892937866));
#14517=CARTESIAN_POINT('Ctrl Pts',(-10.383641001143,14.7851820348498,0.772165105504254));
#14518=CARTESIAN_POINT('Ctrl Pts',(-10.4054939632735,14.75,0.369491524466044));
#14519=CARTESIAN_POINT('Ctrl Pts',(-10.4054939632735,14.75,0.));
#14520=CARTESIAN_POINT('Ctrl Pts',(-6.74999999999976,15.8708302004994,3.57129068655729));
#14521=CARTESIAN_POINT('Ctrl Pts',(-6.82157157217246,15.9005351271975,3.61395358529292));
#14522=CARTESIAN_POINT('Ctrl Pts',(-6.89634978826985,15.9283018135586,3.65269611609617));
#14523=CARTESIAN_POINT('Ctrl Pts',(-7.26120381303303,16.0467511517028,3.81482121793788));
#14524=CARTESIAN_POINT('Ctrl Pts',(-7.58639660448316,16.1,3.87975514691328));
#14525=CARTESIAN_POINT('Ctrl Pts',(-7.9,16.1,3.87975514691328));
#14526=CARTESIAN_POINT('Origin',(-6.75,21.,0.));
#14527=CARTESIAN_POINT('',(-6.04346255670591,15.4565374432941,3.09417138284329E-17));
#14528=CARTESIAN_POINT('Ctrl Pts',(-6.04346255670591,15.4565374432941,-1.38777878078145E-16));
#14529=CARTESIAN_POINT('Ctrl Pts',(-6.04346255670591,15.4565374432941,0.425760344274794));
#14530=CARTESIAN_POINT('Ctrl Pts',(-6.07244296430012,15.4804135831894,0.891380700764061));
#14531=CARTESIAN_POINT('Ctrl Pts',(-6.20122128827723,15.5739613710613,1.8083967044531));
#14532=CARTESIAN_POINT('Ctrl Pts',(-6.30154334500748,15.6424460629547,2.25983937128019));
#14533=CARTESIAN_POINT('Ctrl Pts',(-6.50836141016585,15.7595562623975,2.95247733097779));
#14534=CARTESIAN_POINT('Ctrl Pts',(-6.61988537521882,15.8168276786303,3.26602163823985));
#14535=CARTESIAN_POINT('Ctrl Pts',(-6.74999999999999,15.8708302004995,3.57129068655741));
#14536=CARTESIAN_POINT('',(-5.5,16.,3.06161699786838E-16));
#14537=CARTESIAN_POINT('',(-6.75,14.75,3.82702124733548E-16));
#14538=CARTESIAN_POINT('Origin',(-5.5,21.,0.));
#14539=CARTESIAN_POINT('Ctrl Pts',(-6.75,15.8708302004995,-3.57129068655743));
#14540=CARTESIAN_POINT('Ctrl Pts',(-6.61988537521882,15.8168276786303,-3.26602163823986));
#14541=CARTESIAN_POINT('Ctrl Pts',(-6.50836141016586,15.7595562623975,-2.9524773309778));
#14542=CARTESIAN_POINT('Ctrl Pts',(-6.30154334500748,15.6424460629547,-2.25983937128019));
#14543=CARTESIAN_POINT('Ctrl Pts',(-6.20122128827723,15.5739613710613,-1.8083967044531));
#14544=CARTESIAN_POINT('Ctrl Pts',(-6.07244296430011,15.4804135831894,-0.891380700764061));
#14545=CARTESIAN_POINT('Ctrl Pts',(-6.04346255670591,15.4565374432941,-0.425760344274794));
#14546=CARTESIAN_POINT('Ctrl Pts',(-6.04346255670591,15.4565374432941,0.));
#14547=CARTESIAN_POINT('Origin',(-7.9,13.1,6.25));
#14548=CARTESIAN_POINT('',(-7.9,16.1,-6.25));
#14549=CARTESIAN_POINT('Origin',(-7.9,13.1,-6.25));
#14550=CARTESIAN_POINT('',(-7.9,16.1,6.25));
#14551=CARTESIAN_POINT('',(-7.9,16.1,6.25));
#14552=CARTESIAN_POINT('',(-7.9,16.1,6.25));
#14553=CARTESIAN_POINT('Origin',(-7.9,13.1,6.25));
#14554=CARTESIAN_POINT('',(-5.03818239574916,14.,-3.69854270587258));
#14555=CARTESIAN_POINT('',(-6.25,10.5945060367265,3.83320740189942E-15));
#14556=CARTESIAN_POINT('Ctrl Pts',(-5.0381823957493,14.0000000000004,-3.69854270587239));
#14557=CARTESIAN_POINT('Ctrl Pts',(-5.01649929193482,13.9310521242104,-3.72807959123804));
#14558=CARTESIAN_POINT('Ctrl Pts',(-4.99678693859434,13.8595976594141,-3.75438791650356));
#14559=CARTESIAN_POINT('Ctrl Pts',(-4.92715342633522,13.5633854892015,-3.84619191725214));
#14560=CARTESIAN_POINT('Ctrl Pts',(-4.9,13.3239966540639,-3.87975514691327));
#14561=CARTESIAN_POINT('Ctrl Pts',(-4.9,12.8760033459361,-3.87975514691327));
#14562=CARTESIAN_POINT('Ctrl Pts',(-4.92715342633522,12.6366145107985,-3.84619191725214));
#14563=CARTESIAN_POINT('Ctrl Pts',(-5.03206368773647,12.1903395032763,-3.70787946677033));
#14564=CARTESIAN_POINT('Ctrl Pts',(-5.10915478465978,11.9834000767534,-3.60279811617359));
#14565=CARTESIAN_POINT('Ctrl Pts',(-5.30920900195957,11.5621901663643,-3.30461674934999));
#14566=CARTESIAN_POINT('Ctrl Pts',(-5.44444106096138,11.3644400894089,-3.08257277949229));
#14567=CARTESIAN_POINT('Ctrl Pts',(-5.70306781002613,11.0468495370656,-2.57278273287428));
#14568=CARTESIAN_POINT('Ctrl Pts',(-5.82652440666807,10.9276042672429,-2.28469749161983));
#14569=CARTESIAN_POINT('Ctrl Pts',(-6.13498095817945,10.6588789972477,-1.35922179048325));
#14570=CARTESIAN_POINT('Ctrl Pts',(-6.25,10.5945060367265,-0.658987461335067));
#14571=CARTESIAN_POINT('Ctrl Pts',(-6.25,10.5945060367265,-5.55111512312578E-16));
#14572=CARTESIAN_POINT('',(-5.03818239574916,14.,3.69854270587258));
#14573=CARTESIAN_POINT('Ctrl Pts',(-6.25,10.5945060367265,-4.16333634234434E-16));
#14574=CARTESIAN_POINT('Ctrl Pts',(-6.25,10.5945060367265,0.658987461335067));
#14575=CARTESIAN_POINT('Ctrl Pts',(-6.13498095817945,10.6588789972477,1.35922179048326));
#14576=CARTESIAN_POINT('Ctrl Pts',(-5.82652440666807,10.9276042672429,2.28469749161983));
#14577=CARTESIAN_POINT('Ctrl Pts',(-5.70306781002613,11.0468495370656,2.57278273287428));
#14578=CARTESIAN_POINT('Ctrl Pts',(-5.44444106096138,11.3644400894089,3.08257277949228));
#14579=CARTESIAN_POINT('Ctrl Pts',(-5.30920900195957,11.5621901663643,3.30461674934999));
#14580=CARTESIAN_POINT('Ctrl Pts',(-5.10915478465978,11.9834000767534,3.60279811617359));
#14581=CARTESIAN_POINT('Ctrl Pts',(-5.03206368773647,12.1903395032763,3.70787946677033));
#14582=CARTESIAN_POINT('Ctrl Pts',(-4.92715342633522,12.6366145107985,3.84619191725214));
#14583=CARTESIAN_POINT('Ctrl Pts',(-4.9,12.8760033459361,3.87975514691327));
#14584=CARTESIAN_POINT('Ctrl Pts',(-4.9,13.3239966540639,3.87975514691327));
#14585=CARTESIAN_POINT('Ctrl Pts',(-4.92715342633522,13.5633854892015,3.84619191725214));
#14586=CARTESIAN_POINT('Ctrl Pts',(-4.99678693859435,13.8595976594141,3.75438791650356));
#14587=CARTESIAN_POINT('Ctrl Pts',(-5.01649929193482,13.9310521242104,3.72807959123804));
#14588=CARTESIAN_POINT('Ctrl Pts',(-5.0381823957493,14.0000000000004,3.69854270587239));
#14589=CARTESIAN_POINT('Ctrl Pts',(-5.03818239574916,14.,3.69854270587258));
#14590=CARTESIAN_POINT('Ctrl Pts',(-5.11730855588907,14.2516051533835,3.16558029541366));
#14591=CARTESIAN_POINT('Ctrl Pts',(-5.21615295839455,14.4495486075865,2.60081939657368));
#14592=CARTESIAN_POINT('Ctrl Pts',(-5.38057451415291,14.7381539120722,1.35935502700753));
#14593=CARTESIAN_POINT('Ctrl Pts',(-5.43708836393874,14.8129116360613,0.677449300046987));
#14594=CARTESIAN_POINT('Ctrl Pts',(-5.43708836393874,14.8129116360613,0.));
#14595=CARTESIAN_POINT('Ctrl Pts',(-5.43708836393874,14.8129116360613,-0.677449300046987));
#14596=CARTESIAN_POINT('Ctrl Pts',(-5.38057451415291,14.7381539120722,-1.35935502700752));
#14597=CARTESIAN_POINT('Ctrl Pts',(-5.21615295839455,14.4495486075865,-2.60081939657368));
#14598=CARTESIAN_POINT('Ctrl Pts',(-5.11730855588907,14.2516051533835,-3.16558029541366));
#14599=CARTESIAN_POINT('Ctrl Pts',(-5.03818239574916,14.,-3.69854270587258));
#14600=CARTESIAN_POINT('Origin',(-7.9,13.1,6.25));
#14601=CARTESIAN_POINT('',(-7.9,11.45,6.25));
#14602=CARTESIAN_POINT('Origin',(-7.9,13.1,6.25));
#14603=CARTESIAN_POINT('Origin',(0.,0.,0.));
#14604=CARTESIAN_POINT('',(-6.25,6.,7.94397055995513E-15));
#14605=CARTESIAN_POINT('Origin',(0.,6.,0.));
#14606=CARTESIAN_POINT('',(-6.25,0.,7.94397055995513E-15));
#14607=CARTESIAN_POINT('',(5.03818239574916,14.,-3.69854270587258));
#14608=CARTESIAN_POINT('Origin',(0.,14.,0.));
#14609=CARTESIAN_POINT('',(5.03818239574916,14.,3.69854270587258));
#14610=CARTESIAN_POINT('Ctrl Pts',(5.03818239574851,13.9999999999979,-3.69854270587346));
#14611=CARTESIAN_POINT('Ctrl Pts',(4.94985763022363,13.7191451456968,-3.81885935871875));
#14612=CARTESIAN_POINT('Ctrl Pts',(4.9,13.4040621702111,-3.87975514691327));
#14613=CARTESIAN_POINT('Ctrl Pts',(4.9,13.1,-3.87975514691327));
#14614=CARTESIAN_POINT('Ctrl Pts',(4.9,12.7863966044832,-3.87975514691327));
#14615=CARTESIAN_POINT('Ctrl Pts',(4.95324884829715,12.461203813033,-3.81482121793787));
#14616=CARTESIAN_POINT('Ctrl Pts',(5.13995199297656,11.8861107408432,-3.55927511848683));
#14617=CARTESIAN_POINT('Ctrl Pts',(5.27140152173042,11.6362823005876,-3.36704308633202));
#14618=CARTESIAN_POINT('Ctrl Pts',(5.53885294609616,11.2315587967524,-2.9090549420185));
#14619=CARTESIAN_POINT('Ctrl Pts',(5.70801890193614,11.0449972322034,-2.5676354939826));
#14620=CARTESIAN_POINT('Ctrl Pts',(5.95476262388822,10.8094901509241,-1.93011443752772));
#14621=CARTESIAN_POINT('Ctrl Pts',(6.06710986195443,10.7232739176378,-1.55253892937866));
#14622=CARTESIAN_POINT('Ctrl Pts',(6.21481796515016,10.616358998857,-0.772165105504253));
#14623=CARTESIAN_POINT('Ctrl Pts',(6.25,10.5945060367265,-0.369491524466044));
#14624=CARTESIAN_POINT('Ctrl Pts',(6.25,10.5945060367265,0.369491524466043));
#14625=CARTESIAN_POINT('Ctrl Pts',(6.21481796515016,10.616358998857,0.772165105504253));
#14626=CARTESIAN_POINT('Ctrl Pts',(6.06710986195443,10.7232739176378,1.55253892937866));
#14627=CARTESIAN_POINT('Ctrl Pts',(5.95476262388822,10.8094901509241,1.93011443752772));
#14628=CARTESIAN_POINT('Ctrl Pts',(5.70801890193614,11.0449972322034,2.5676354939826));
#14629=CARTESIAN_POINT('Ctrl Pts',(5.53885294609616,11.2315587967524,2.9090549420185));
#14630=CARTESIAN_POINT('Ctrl Pts',(5.27140152173042,11.6362823005876,3.36704308633202));
#14631=CARTESIAN_POINT('Ctrl Pts',(5.13995199297656,11.8861107408432,3.55927511848683));
#14632=CARTESIAN_POINT('Ctrl Pts',(4.95324884829715,12.461203813033,3.81482121793787));
#14633=CARTESIAN_POINT('Ctrl Pts',(4.9,12.7863966044832,3.87975514691327));
#14634=CARTESIAN_POINT('Ctrl Pts',(4.9,13.4040621702119,3.87975514691327));
#14635=CARTESIAN_POINT('Ctrl Pts',(4.9498576302239,13.7191451456983,3.81885935871844));
#14636=CARTESIAN_POINT('Ctrl Pts',(5.03818239574916,14.,3.69854270587258));
#14637=CARTESIAN_POINT('Origin',(0.,14.,0.));
#14638=CARTESIAN_POINT('Origin',(0.,6.,0.));
#14639=CARTESIAN_POINT('',(-6.05,4.,3.70455656742074E-16));
#14640=CARTESIAN_POINT('',(-6.25,6.,3.82702124733548E-16));
#14641=CARTESIAN_POINT('Origin',(0.,4.,0.));
#14642=CARTESIAN_POINT('Origin',(6.05,4.,0.));
#14643=CARTESIAN_POINT('',(6.,4.,1.17603231556341E-14));
#14644=CARTESIAN_POINT('Origin',(0.,4.,0.));
#14645=CARTESIAN_POINT('Origin',(0.,0.,0.));
#14646=CARTESIAN_POINT('',(-6.,3.0910615845668,3.67394039744206E-16));
#14647=CARTESIAN_POINT('',(6.,3.0910615845668,1.17603231556341E-14));
#14648=CARTESIAN_POINT('Origin',(0.,3.0910615845668,0.));
#14649=CARTESIAN_POINT('Origin',(0.,3.0910615845668,0.));
#14650=CARTESIAN_POINT('',(6.,0.,1.17603231556341E-14));
#14651=CARTESIAN_POINT('Origin',(0.,3.0910615845668,0.));
#14652=CARTESIAN_POINT('',(-5.2,2.95,3.18408167778312E-16));
#14653=CARTESIAN_POINT('',(-6.,3.0910615845668,3.67394039744206E-16));
#14654=CARTESIAN_POINT('Origin',(0.,2.95,0.));
#14655=CARTESIAN_POINT('Origin',(5.2,2.95,0.));
#14656=CARTESIAN_POINT('',(3.85,2.95,7.07233526507596E-16));
#14657=CARTESIAN_POINT('Origin',(0.,2.95,0.));
#14658=CARTESIAN_POINT('Origin',(0.,0.,0.));
#14659=CARTESIAN_POINT('',(3.85,1.8,7.07233526507596E-16));
#14660=CARTESIAN_POINT('Origin',(0.,1.8,0.));
#14661=CARTESIAN_POINT('',(3.85,0.,7.07233526507596E-16));
#14662=CARTESIAN_POINT('Origin',(3.85,1.8,0.));
#14663=CARTESIAN_POINT('',(5.9,1.8,1.08381241724541E-15));
#14664=CARTESIAN_POINT('Origin',(0.,1.8,0.));
#14665=CARTESIAN_POINT('Origin',(0.,0.,0.));
#14666=CARTESIAN_POINT('',(-5.9,0.4,3.61270805748469E-16));
#14667=CARTESIAN_POINT('',(5.9,0.4,1.08381241724541E-15));
#14668=CARTESIAN_POINT('Origin',(0.,0.4,0.));
#14669=CARTESIAN_POINT('Origin',(0.,0.4,0.));
#14670=CARTESIAN_POINT('',(5.9,0.,1.08381241724541E-15));
#14671=CARTESIAN_POINT('Origin',(0.,0.4,0.));
#14672=CARTESIAN_POINT('',(-3.65,4.85722573273506E-16,2.23498040844392E-16));
#14673=CARTESIAN_POINT('',(-5.9,0.4,3.61270805748469E-16));
#14674=CARTESIAN_POINT('Origin',(0.,0.,0.));
#14675=CARTESIAN_POINT('Origin',(3.65,0.,0.));
#14676=CARTESIAN_POINT('',(1.05838320573418,0.,-3.25736856831085));
#14677=CARTESIAN_POINT('Origin',(0.,0.,1.38777878078145E-16));
#14678=CARTESIAN_POINT('Origin',(0.,0.299999999999939,0.));
#14679=CARTESIAN_POINT('',(-3.125,0.3,-1.91351062366774E-16));
#14680=CARTESIAN_POINT('',(0.965678107421711,0.3,-2.97205161342236));
#14681=CARTESIAN_POINT('Origin',(0.,0.3,0.));
#14682=CARTESIAN_POINT('Origin',(0.,0.3,0.));
#14683=CARTESIAN_POINT('Origin',(1.05838320573418,0.299999999999939,-3.25736856831084));
#14684=CARTESIAN_POINT('Origin',(0.,0.,0.));
#14685=CARTESIAN_POINT('',(-3.125,0.,-1.91351062366774E-16));
#14686=CARTESIAN_POINT('Origin',(0.,15.25,0.));
#14687=CARTESIAN_POINT('',(5.43708836393874,14.8129116360613,4.29999525579345E-16));
#14688=CARTESIAN_POINT('Ctrl Pts',(5.43708836393874,14.8129116360613,0.));
#14689=CARTESIAN_POINT('Ctrl Pts',(5.43708836393874,14.8129116360613,0.408503747643875));
#14690=CARTESIAN_POINT('Ctrl Pts',(5.41619427756819,14.784162093757,0.855325454116852));
#14691=CARTESIAN_POINT('Ctrl Pts',(5.3346719264814,14.6571721856105,1.73561325286342));
#14692=CARTESIAN_POINT('Ctrl Pts',(5.27513107269141,14.5585305146976,2.16912177475396));
#14693=CARTESIAN_POINT('Ctrl Pts',(5.16107075643041,14.3302843757311,2.92064893690615));
#14694=CARTESIAN_POINT('Ctrl Pts',(5.09382006826146,14.1769165229503,3.32378942576844));
#14695=CARTESIAN_POINT('Ctrl Pts',(5.03818239574916,14.,3.69854270587258));
#14696=CARTESIAN_POINT('',(5.,15.25,9.18485099360515E-16));
#14697=CARTESIAN_POINT('',(5.,15.25,9.18485099360515E-16));
#14698=CARTESIAN_POINT('Origin',(0.,15.25,0.));
#14699=CARTESIAN_POINT('Ctrl Pts',(5.03818239574916,14.,-3.69854270587258));
#14700=CARTESIAN_POINT('Ctrl Pts',(5.09382006826146,14.1769165229503,-3.32378942576843));
#14701=CARTESIAN_POINT('Ctrl Pts',(5.16107075643041,14.3302843757311,-2.92064893690615));
#14702=CARTESIAN_POINT('Ctrl Pts',(5.27513107269141,14.5585305146976,-2.16912177475396));
#14703=CARTESIAN_POINT('Ctrl Pts',(5.3346719264814,14.6571721856105,-1.73561325286342));
#14704=CARTESIAN_POINT('Ctrl Pts',(5.41619427756819,14.784162093757,-0.855325454116853));
#14705=CARTESIAN_POINT('Ctrl Pts',(5.43708836393874,14.8129116360613,-0.408503747643874));
#14706=CARTESIAN_POINT('Ctrl Pts',(5.43708836393874,14.8129116360613,2.77555756156289E-16));
#14707=CARTESIAN_POINT('Origin',(0.,0.,0.));
#14708=CARTESIAN_POINT('',(5.,16.,6.4696002224863E-15));
#14709=CARTESIAN_POINT('',(5.,0.,6.4696002224863E-15));
#14710=CARTESIAN_POINT('',(0.,21.,5.));
#14711=CARTESIAN_POINT('Origin',(0.,21.,0.));
#14712=CARTESIAN_POINT('',(-5.,16.,1.91428434946347E-15));
#14713=CARTESIAN_POINT('Origin',(0.,21.,0.));
#14714=CARTESIAN_POINT('',(0.,21.,-5.));
#14715=CARTESIAN_POINT('Origin',(0.,21.,0.));
#14716=CARTESIAN_POINT('Origin',(0.,21.,0.));
#14717=CARTESIAN_POINT('Origin',(20.75,21.,0.));
#14718=CARTESIAN_POINT('',(5.5,16.,1.91428434946347E-15));
#14719=CARTESIAN_POINT('Origin',(5.5,21.,0.));
#14720=CARTESIAN_POINT('',(20.75,16.,1.91428434946347E-15));
#14721=CARTESIAN_POINT('',(20.75,16.,1.91428434946347E-15));
#14722=CARTESIAN_POINT('Origin',(5.5,21.,0.));
#14723=CARTESIAN_POINT('',(6.75,15.8708302004995,-3.57129068655742));
#14724=CARTESIAN_POINT('',(6.75,15.8708302004995,3.57129068655742));
#14725=CARTESIAN_POINT('Origin',(6.75,21.,0.));
#14726=CARTESIAN_POINT('',(6.04346255670591,15.4565374432941,-1.69719591906577E-16));
#14727=CARTESIAN_POINT('Ctrl Pts',(6.04346255670591,15.4565374432941,0.));
#14728=CARTESIAN_POINT('Ctrl Pts',(6.04346255670591,15.4565374432941,-0.425760344274794));
#14729=CARTESIAN_POINT('Ctrl Pts',(6.07244296430012,15.4804135831894,-0.89138070076406));
#14730=CARTESIAN_POINT('Ctrl Pts',(6.20122128827724,15.5739613710613,-1.80839670445309));
#14731=CARTESIAN_POINT('Ctrl Pts',(6.30154334500749,15.6424460629547,-2.25983937128019));
#14732=CARTESIAN_POINT('Ctrl Pts',(6.50836141016586,15.7595562623975,-2.95247733097779));
#14733=CARTESIAN_POINT('Ctrl Pts',(6.61988537521882,15.8168276786303,-3.26602163823986));
#14734=CARTESIAN_POINT('Ctrl Pts',(6.75,15.8708302004995,-3.57129068655742));
#14735=CARTESIAN_POINT('',(5.5,16.,-3.06161699786838E-16));
#14736=CARTESIAN_POINT('Ctrl Pts',(6.75,15.8708302004995,3.57129068655742));
#14737=CARTESIAN_POINT('Ctrl Pts',(6.61988537521882,15.8168276786303,3.26602163823986));
#14738=CARTESIAN_POINT('Ctrl Pts',(6.50836141016586,15.7595562623975,2.9524773309778));
#14739=CARTESIAN_POINT('Ctrl Pts',(6.30154334500749,15.6424460629547,2.25983937128019));
#14740=CARTESIAN_POINT('Ctrl Pts',(6.20122128827724,15.5739613710613,1.8083967044531));
#14741=CARTESIAN_POINT('Ctrl Pts',(6.07244296430012,15.4804135831894,0.891380700764062));
#14742=CARTESIAN_POINT('Ctrl Pts',(6.04346255670591,15.4565374432941,0.425760344274794));
#14743=CARTESIAN_POINT('Ctrl Pts',(6.04346255670591,15.4565374432941,-1.38777878078145E-16));
#14744=CARTESIAN_POINT('Origin',(20.75,21.,0.));
#14745=CARTESIAN_POINT('',(14.75,14.75,-1.96277379987167E-11));
#14746=CARTESIAN_POINT('Origin',(14.75,21.,0.));
#14747=CARTESIAN_POINT('',(10.4054939632735,14.75,-9.81386899935834E-12));
#14748=CARTESIAN_POINT('',(20.75,14.75,-1.96277379987167E-11));
#14749=CARTESIAN_POINT('',(7.9,16.1,-3.87975514691328));
#14750=CARTESIAN_POINT('Ctrl Pts',(7.9,16.1,-3.87975514691328));
#14751=CARTESIAN_POINT('Ctrl Pts',(8.21360339551685,16.1,-3.87975514691328));
#14752=CARTESIAN_POINT('Ctrl Pts',(8.53879618696697,16.0467511517029,-3.81482121793788));
#14753=CARTESIAN_POINT('Ctrl Pts',(9.11388925915685,15.8600480070234,-3.55927511848684));
#14754=CARTESIAN_POINT('Ctrl Pts',(9.36371769941246,15.7285984782696,-3.36704308633202));
#14755=CARTESIAN_POINT('Ctrl Pts',(9.76844120324761,15.4611470539038,-2.9090549420185));
#14756=CARTESIAN_POINT('Ctrl Pts',(9.95500276779662,15.2919810980639,-2.5676354939826));
#14757=CARTESIAN_POINT('Ctrl Pts',(10.1905098490759,15.0452373761118,-1.93011443752772));
#14758=CARTESIAN_POINT('Ctrl Pts',(10.2767260823622,14.9328901380456,-1.55253892937866));
#14759=CARTESIAN_POINT('Ctrl Pts',(10.383641001143,14.7851820348498,-0.772165105504253));
#14760=CARTESIAN_POINT('Ctrl Pts',(10.4054939632728,14.7500000000011,-0.369491524466044));
#14761=CARTESIAN_POINT('Ctrl Pts',(10.4054939632735,14.75,-6.93889390390723E-17));
#14762=CARTESIAN_POINT('Ctrl Pts',(6.75,15.8708302004995,-3.57129068655743));
#14763=CARTESIAN_POINT('Ctrl Pts',(6.82157157217262,15.9005351271975,-3.61395358529301));
#14764=CARTESIAN_POINT('Ctrl Pts',(6.89634978826993,15.9283018135586,-3.65269611609621));
#14765=CARTESIAN_POINT('Ctrl Pts',(7.26120381303303,16.0467511517029,-3.81482121793788));
#14766=CARTESIAN_POINT('Ctrl Pts',(7.58639660448315,16.1,-3.87975514691328));
#14767=CARTESIAN_POINT('Ctrl Pts',(7.9,16.1,-3.87975514691328));
#14768=CARTESIAN_POINT('',(7.9,16.1,3.87975514691328));
#14769=CARTESIAN_POINT('Ctrl Pts',(7.9,16.1,3.87975514691328));
#14770=CARTESIAN_POINT('Ctrl Pts',(7.58639660448316,16.1,3.87975514691328));
#14771=CARTESIAN_POINT('Ctrl Pts',(7.26120381303303,16.0467511517028,3.81482121793788));
#14772=CARTESIAN_POINT('Ctrl Pts',(6.89634978826993,15.9283018135586,3.6526961160962));
#14773=CARTESIAN_POINT('Ctrl Pts',(6.82157157217262,15.9005351271975,3.61395358529301));
#14774=CARTESIAN_POINT('Ctrl Pts',(6.75,15.8708302004995,3.57129068655743));
#14775=CARTESIAN_POINT('Ctrl Pts',(10.4054939632735,14.75,6.93889390390723E-17));
#14776=CARTESIAN_POINT('Ctrl Pts',(10.4054939632743,14.7499999999989,0.369491524466044));
#14777=CARTESIAN_POINT('Ctrl Pts',(10.383641001143,14.7851820348498,0.772165105504254));
#14778=CARTESIAN_POINT('Ctrl Pts',(10.2767260823622,14.9328901380456,1.55253892937866));
#14779=CARTESIAN_POINT('Ctrl Pts',(10.1905098490759,15.0452373761118,1.93011443752772));
#14780=CARTESIAN_POINT('Ctrl Pts',(9.95500276779662,15.2919810980639,2.5676354939826));
#14781=CARTESIAN_POINT('Ctrl Pts',(9.7684412032476,15.4611470539038,2.9090549420185));
#14782=CARTESIAN_POINT('Ctrl Pts',(9.36371769941245,15.7285984782696,3.36704308633202));
#14783=CARTESIAN_POINT('Ctrl Pts',(9.11388925915684,15.8600480070234,3.55927511848684));
#14784=CARTESIAN_POINT('Ctrl Pts',(8.53879618696697,16.0467511517029,3.81482121793788));
#14785=CARTESIAN_POINT('Ctrl Pts',(8.21360339551684,16.1,3.87975514691328));
#14786=CARTESIAN_POINT('Ctrl Pts',(7.9,16.1,3.87975514691328));
#14787=CARTESIAN_POINT('Origin',(14.75,21.,0.));
#14788=CARTESIAN_POINT('',(16.75,14.95,3.70455656742075E-16));
#14789=CARTESIAN_POINT('',(14.75,14.75,3.82702124733548E-16));
#14790=CARTESIAN_POINT('Origin',(16.75,21.,0.));
#14791=CARTESIAN_POINT('Origin',(16.75,27.05,0.));
#14792=CARTESIAN_POINT('',(16.75,27.,1.17603231556341E-14));
#14793=CARTESIAN_POINT('Origin',(16.75,21.,0.));
#14794=CARTESIAN_POINT('Origin',(20.75,21.,0.));
#14795=CARTESIAN_POINT('',(17.658938415433,15.,3.67394039744206E-16));
#14796=CARTESIAN_POINT('',(17.658938415433,27.,1.17603231556341E-14));
#14797=CARTESIAN_POINT('Origin',(17.658938415433,21.,0.));
#14798=CARTESIAN_POINT('Origin',(17.658938415433,21.,0.));
#14799=CARTESIAN_POINT('',(20.75,27.,1.17603231556341E-14));
#14800=CARTESIAN_POINT('Origin',(17.658938415433,21.,0.));
#14801=CARTESIAN_POINT('',(17.8,15.8,3.18408167778312E-16));
#14802=CARTESIAN_POINT('',(17.658938415433,15.,3.67394039744206E-16));
#14803=CARTESIAN_POINT('Origin',(17.8,21.,0.));
#14804=CARTESIAN_POINT('Origin',(17.8,26.2,0.));
#14805=CARTESIAN_POINT('',(17.8,24.85,7.07233526507596E-16));
#14806=CARTESIAN_POINT('Origin',(17.8,21.,0.));
#14807=CARTESIAN_POINT('Origin',(20.75,21.,0.));
#14808=CARTESIAN_POINT('',(18.95,24.85,7.07233526507596E-16));
#14809=CARTESIAN_POINT('Origin',(18.95,21.,0.));
#14810=CARTESIAN_POINT('',(20.75,24.85,7.07233526507596E-16));
#14811=CARTESIAN_POINT('Origin',(18.95,24.85,0.));
#14812=CARTESIAN_POINT('',(18.95,26.9,1.08381241724541E-15));
#14813=CARTESIAN_POINT('Origin',(18.95,21.,0.));
#14814=CARTESIAN_POINT('Origin',(20.75,21.,0.));
#14815=CARTESIAN_POINT('',(20.35,15.1,3.61270805748469E-16));
#14816=CARTESIAN_POINT('',(20.35,26.9,1.08381241724541E-15));
#14817=CARTESIAN_POINT('Origin',(20.35,21.,0.));
#14818=CARTESIAN_POINT('Origin',(20.35,21.,0.));
#14819=CARTESIAN_POINT('',(20.75,26.9,1.08381241724541E-15));
#14820=CARTESIAN_POINT('Origin',(20.35,21.,0.));
#14821=CARTESIAN_POINT('',(20.75,17.35,2.23498040844392E-16));
#14822=CARTESIAN_POINT('',(20.35,15.1,3.61270805748469E-16));
#14823=CARTESIAN_POINT('Origin',(20.75,21.,0.));
#14824=CARTESIAN_POINT('Origin',(20.75,24.65,0.));
#14825=CARTESIAN_POINT('',(20.7499999999999,22.0583832057342,-3.25736856831079));
#14826=CARTESIAN_POINT('Origin',(20.7499999999999,21.,0.));
#14827=CARTESIAN_POINT('Origin',(20.45,21.,0.));
#14828=CARTESIAN_POINT('',(20.45,17.875,-1.91351062366774E-16));
#14829=CARTESIAN_POINT('',(20.45,21.9656781074217,-2.97205161342236));
#14830=CARTESIAN_POINT('Origin',(20.45,21.,0.));
#14831=CARTESIAN_POINT('Origin',(20.45,21.,0.));
#14832=CARTESIAN_POINT('Origin',(20.45,22.0583832057342,-3.25736856831079));
#14833=CARTESIAN_POINT('Origin',(20.75,21.,0.));
#14834=CARTESIAN_POINT('',(4.35,17.875,-1.91351062366774E-16));
#14835=CARTESIAN_POINT('Origin',(4.35,21.,0.));
#14836=CARTESIAN_POINT('',(20.75,17.875,-1.91351062366774E-16));
#14837=CARTESIAN_POINT('Origin',(4.35,23.5,0.));
#14838=CARTESIAN_POINT('Origin',(7.9,13.1,6.25));
#14839=CARTESIAN_POINT('',(7.9,16.1,-6.25));
#14840=CARTESIAN_POINT('Origin',(7.9,13.1,-6.25));
#14841=CARTESIAN_POINT('',(7.9,16.1,6.25));
#14842=CARTESIAN_POINT('',(7.9,16.1,6.25));
#14843=CARTESIAN_POINT('',(7.9,16.1,6.25));
#14844=CARTESIAN_POINT('Origin',(7.9,13.1,6.25));
#14845=CARTESIAN_POINT('Origin',(7.9,13.1,6.25));
#14846=CARTESIAN_POINT('',(7.9,11.45,6.25));
#14847=CARTESIAN_POINT('Origin',(7.9,13.1,6.25));
#14848=CARTESIAN_POINT('Origin',(7.9,13.1,-6.25));
#14849=CARTESIAN_POINT('',(7.9,11.45,-6.25));
#14850=CARTESIAN_POINT('Origin',(7.9,13.1,-6.25));
#14851=CARTESIAN_POINT('Origin',(7.9,13.1,6.25));
#14852=CARTESIAN_POINT('',(7.9,11.45,6.25));
#14853=CARTESIAN_POINT('Origin',(-7.9,13.1,-6.25));
#14854=CARTESIAN_POINT('',(-7.9,11.45,-6.25));
#14855=CARTESIAN_POINT('Origin',(-7.9,13.1,-6.25));
#14856=CARTESIAN_POINT('Origin',(-7.9,13.1,6.25));
#14857=CARTESIAN_POINT('',(-7.9,11.45,6.25));
#14858=CARTESIAN_POINT('',(-57.7710249290905,-42.01,14.812411722895));
#14859=CARTESIAN_POINT('',(0.,0.,0.));
#14860=CARTESIAN_POINT('Origin',(10.35166666667,60.,-9.3525));
#14861=CARTESIAN_POINT('',(10.35166666667,57.97334440984,-9.3525));
#14862=CARTESIAN_POINT('',(13.70416666667,56.5,-6.));
#14863=CARTESIAN_POINT('Origin',(11.70416666667,56.5,-8.));
#14864=CARTESIAN_POINT('',(10.35166666667,56.5,-9.3525));
#14865=CARTESIAN_POINT('',(10.35166666667,56.5,-9.3525));
#14866=CARTESIAN_POINT('',(10.35166666667,57.97334440984,-9.3525));
#14867=CARTESIAN_POINT('Origin',(0.,56.5,-8.));
#14868=CARTESIAN_POINT('',(21.,56.5,-6.));
#14869=CARTESIAN_POINT('',(21.,56.5,-10.));
#14870=CARTESIAN_POINT('Origin',(21.,56.5,-8.));
#14871=CARTESIAN_POINT('',(13.70416666667,56.5,-6.));
#14872=CARTESIAN_POINT('',(10.99916666667,56.5,-10.));
#14873=CARTESIAN_POINT('Origin',(8.99916666667,56.5,-8.));
#14874=CARTESIAN_POINT('',(10.99916666667,56.5,-10.));
#14875=CARTESIAN_POINT('Origin',(21.,56.5,-8.));
#14876=CARTESIAN_POINT('',(21.,56.5,-10.));
#14877=CARTESIAN_POINT('Origin',(0.,56.5,-19.));
#14878=CARTESIAN_POINT('',(10.99916666667,56.5,-10.));
#14879=CARTESIAN_POINT('Origin',(19.,60.,-18.00083333333));
#14880=CARTESIAN_POINT('Origin',(0.,56.5,-19.));
#14881=CARTESIAN_POINT('',(6.999166666668,56.5,-6.));
#14882=CARTESIAN_POINT('',(12.29583333333,56.5,-6.));
#14883=CARTESIAN_POINT('',(6.999166666668,56.5,-6.));
#14884=CARTESIAN_POINT('',(9.6475,56.5,-8.648333333333));
#14885=CARTESIAN_POINT('',(12.29583333333,56.5,-6.));
#14886=CARTESIAN_POINT('',(9.6475,56.5,-8.648333333333));
#14887=CARTESIAN_POINT('Origin',(0.,56.5,-8.));
#14888=CARTESIAN_POINT('',(9.6475,58.39199997064,-8.648333333333));
#14889=CARTESIAN_POINT('Origin',(10.2958333333301,56.5,-8.));
#14890=CARTESIAN_POINT('Origin',(8.999166666667,56.5,-8.));
#14891=CARTESIAN_POINT('Origin',(18.29583333333,60.,-7.460698725481E-14));
#14892=CARTESIAN_POINT('',(9.6475,58.39199997064,-8.648333333333));
#14893=CARTESIAN_POINT('Origin',(9.6475,60.,-8.648333333333));
#14894=CARTESIAN_POINT('Origin',(0.,56.5,-19.));
#14895=CARTESIAN_POINT('',(0.9991666666676,56.5,-6.));
#14896=CARTESIAN_POINT('',(5.590833333334,56.5,-6.));
#14897=CARTESIAN_POINT('',(0.9991666666676,56.5,-6.));
#14898=CARTESIAN_POINT('',(8.943333333334,56.5,-9.3525));
#14899=CARTESIAN_POINT('',(5.590833333334,56.5,-6.));
#14900=CARTESIAN_POINT('',(8.295833333333,56.5,-10.));
#14901=CARTESIAN_POINT('',(8.943333333334,56.5,-9.3525));
#14902=CARTESIAN_POINT('',(0.9991666666676,56.5,-10.));
#14903=CARTESIAN_POINT('',(0.9991666666676,56.5,-10.));
#14904=CARTESIAN_POINT('',(0.9991666666676,56.5,-10.));
#14905=CARTESIAN_POINT('Origin',(0.,56.5,-8.));
#14906=CARTESIAN_POINT('',(8.943333333334,57.97334440984,-9.3525));
#14907=CARTESIAN_POINT('Origin',(7.5908333333336,56.5,-8.));
#14908=CARTESIAN_POINT('Origin',(0.9991666666676,56.5,-8.));
#14909=CARTESIAN_POINT('Origin',(10.295833333334,56.5,-8.));
#14910=CARTESIAN_POINT('Origin',(0.9991666666676,60.,-1.408333333334));
#14911=CARTESIAN_POINT('',(8.943333333334,57.97334440984,-9.3525));
#14912=CARTESIAN_POINT('Origin',(8.943333333334,60.,-9.3525));
#14913=CARTESIAN_POINT('Origin',(0.9991666666676,60.,-10.5));
#14914=CARTESIAN_POINT('Origin',(0.,56.5,-19.));
#14915=CARTESIAN_POINT('',(12.29583333333,56.5,6.));
#14916=CARTESIAN_POINT('',(10.99833333333,56.5,6.));
#14917=CARTESIAN_POINT('',(12.29583333333,56.5,6.));
#14918=CARTESIAN_POINT('',(10.99833333333,56.5,7.297499999999));
#14919=CARTESIAN_POINT('',(10.99833333333,56.5,6.));
#14920=CARTESIAN_POINT('',(10.99833333333,56.5,7.297499999999));
#14921=CARTESIAN_POINT('Origin',(0.,56.5,8.));
#14922=CARTESIAN_POINT('',(10.99833333333,58.37256341682,7.297499999999));
#14923=CARTESIAN_POINT('Origin',(10.295833333329,56.5,8.));
#14924=CARTESIAN_POINT('Origin',(10.99833333333,56.5,8.));
#14925=CARTESIAN_POINT('Origin',(10.99833333333,60.,7.297499999999));
#14926=CARTESIAN_POINT('',(10.99833333333,58.37256341682,7.297499999999));
#14927=CARTESIAN_POINT('Origin',(10.99833333333,60.,3.498333333334));
#14928=CARTESIAN_POINT('Origin',(21.,56.5,8.));
#14929=CARTESIAN_POINT('',(21.,56.5,10.));
#14930=CARTESIAN_POINT('',(21.,56.5,6.));
#14931=CARTESIAN_POINT('',(21.,56.5,10.));
#14932=CARTESIAN_POINT('Origin',(21.,56.5,8.));
#14933=CARTESIAN_POINT('Origin',(0.,56.5,-19.));
#14934=CARTESIAN_POINT('',(13.70416666667,56.5,6.));
#14935=CARTESIAN_POINT('',(21.,56.5,6.));
#14936=CARTESIAN_POINT('',(10.99833333333,56.5,8.705833333333));
#14937=CARTESIAN_POINT('',(13.70416666667,56.5,6.));
#14938=CARTESIAN_POINT('',(10.99833333333,56.5,10.));
#14939=CARTESIAN_POINT('',(10.99833333333,56.5,8.705833333333));
#14940=CARTESIAN_POINT('',(21.,56.5,10.));
#14941=CARTESIAN_POINT('Origin',(0.,56.5,8.));
#14942=CARTESIAN_POINT('',(10.99833333333,58.37130951624,8.705833333333));
#14943=CARTESIAN_POINT('Origin',(11.7041666666667,56.5,8.));
#14944=CARTESIAN_POINT('Origin',(10.99833333333,56.5,8.));
#14945=CARTESIAN_POINT('Origin',(19.,60.,0.7041666666667));
#14946=CARTESIAN_POINT('',(10.99833333333,58.37130951624,8.705833333333));
#14947=CARTESIAN_POINT('Origin',(10.99833333333,60.,8.705833333333));
#14948=CARTESIAN_POINT('Origin',(-47.5,18.75,0.));
#14949=CARTESIAN_POINT('',(-45.5,12.42544467966,3.));
#14950=CARTESIAN_POINT('',(-45.5,15.75,6.324555320337));
#14951=CARTESIAN_POINT('Origin',(-45.5,18.75,0.));
#14952=CARTESIAN_POINT('',(-47.5,15.75,6.324555320337));
#14953=CARTESIAN_POINT('',(-47.5,15.75,6.324555320337));
#14954=CARTESIAN_POINT('',(-47.5,12.42544467966,3.));
#14955=CARTESIAN_POINT('Origin',(-47.5,18.75,0.));
#14956=CARTESIAN_POINT('',(-47.5,12.42544467966,3.));
#14957=CARTESIAN_POINT('Origin',(-45.5,18.75,0.));
#14958=CARTESIAN_POINT('',(-45.5,36.5,0.));
#14959=CARTESIAN_POINT('Origin',(-45.5,18.75,0.));
#14960=CARTESIAN_POINT('',(-45.5,9.210607985831,3.));
#14961=CARTESIAN_POINT('',(-45.5,12.42544467966,3.));
#14962=CARTESIAN_POINT('',(-45.5,15.75,9.539392014169));
#14963=CARTESIAN_POINT('Origin',(-45.5,18.75,0.));
#14964=CARTESIAN_POINT('',(-45.5,15.75,9.539392014169));
#14965=CARTESIAN_POINT('',(-45.5,21.75,6.324555320337));
#14966=CARTESIAN_POINT('',(-45.5,21.75,9.539392014169));
#14967=CARTESIAN_POINT('',(-45.5,21.75,6.324555320337));
#14968=CARTESIAN_POINT('',(-45.5,28.28939201417,3.));
#14969=CARTESIAN_POINT('Origin',(-45.5,18.75,0.));
#14970=CARTESIAN_POINT('',(-45.5,25.07455532034,3.));
#14971=CARTESIAN_POINT('',(-45.5,28.28939201417,3.));
#14972=CARTESIAN_POINT('Origin',(-45.5,18.75,0.));
#14973=CARTESIAN_POINT('',(-45.5,15.75,-6.324555320337));
#14974=CARTESIAN_POINT('',(-45.5,15.75,-9.539392014169));
#14975=CARTESIAN_POINT('',(-45.5,15.75,-6.324555320337));
#14976=CARTESIAN_POINT('',(-45.5,9.210607985831,-3.));
#14977=CARTESIAN_POINT('Origin',(-45.5,18.75,0.));
#14978=CARTESIAN_POINT('',(-45.5,12.42544467966,-3.));
#14979=CARTESIAN_POINT('',(-45.5,9.210607985831,-3.));
#14980=CARTESIAN_POINT('Origin',(-45.5,18.75,0.));
#14981=CARTESIAN_POINT('',(-45.5,25.07455532034,-3.));
#14982=CARTESIAN_POINT('',(-45.5,28.28939201417,-3.));
#14983=CARTESIAN_POINT('',(-45.5,25.07455532034,-3.));
#14984=CARTESIAN_POINT('',(-45.5,21.75,-9.539392014169));
#14985=CARTESIAN_POINT('Origin',(-45.5,18.75,0.));
#14986=CARTESIAN_POINT('',(-45.5,21.75,-6.324555320337));
#14987=CARTESIAN_POINT('',(-45.5,21.75,-9.539392014169));
#14988=CARTESIAN_POINT('Origin',(-45.5,18.75,0.));
#14989=CARTESIAN_POINT('Origin',(0.,18.75,0.));
#14990=CARTESIAN_POINT('',(11.,36.5,0.));
#14991=CARTESIAN_POINT('',(0.,36.5,2.17374806848655E-15));
#14992=CARTESIAN_POINT('Origin',(11.,18.75,0.));
#14993=CARTESIAN_POINT('',(-36.5,13.25,-16.87638883174));
#14994=CARTESIAN_POINT('',(-36.5,24.25,-16.87638883174));
#14995=CARTESIAN_POINT('Origin',(-36.5,18.75,0.));
#14996=CARTESIAN_POINT('',(-30.5,24.25,-16.87638883174));
#14997=CARTESIAN_POINT('Ctrl Pts',(-36.5,24.25,-16.8763888317377));
#14998=CARTESIAN_POINT('Ctrl Pts',(-36.5000000000001,24.6377237915193,-16.7500299954595));
#14999=CARTESIAN_POINT('Ctrl Pts',(-36.4207362319646,25.0466402419905,-16.6005427052806));
#15000=CARTESIAN_POINT('Ctrl Pts',(-36.1033055186138,25.7953594885534,-16.296889461838));
#15001=CARTESIAN_POINT('Ctrl Pts',(-35.865316612792,26.1354738560516,-16.1433060194891));
#15002=CARTESIAN_POINT('Ctrl Pts',(-35.3297465873783,26.6543096106741,-15.8953112386676));
#15003=CARTESIAN_POINT('Ctrl Pts',(-35.002452632827,26.8761157952747,-15.7815432565729));
#15004=CARTESIAN_POINT('Ctrl Pts',(-34.276789846345,27.1741142649247,-15.6245052843448));
#15005=CARTESIAN_POINT('Ctrl Pts',(-33.8780345652208,27.25,-15.5824420422474));
#15006=CARTESIAN_POINT('Ctrl Pts',(-33.1219654347792,27.25,-15.5824420422474));
#15007=CARTESIAN_POINT('Ctrl Pts',(-32.723210153655,27.1741142649247,-15.6245052843448));
#15008=CARTESIAN_POINT('Ctrl Pts',(-31.997547367173,26.8761157952747,-15.7815432565729));
#15009=CARTESIAN_POINT('Ctrl Pts',(-31.6702534126217,26.6543096106741,-15.8953112386676));
#15010=CARTESIAN_POINT('Ctrl Pts',(-31.134683387208,26.1354738560516,-16.1433060194891));
#15011=CARTESIAN_POINT('Ctrl Pts',(-30.8966944813862,25.7953594885534,-16.296889461838));
#15012=CARTESIAN_POINT('Ctrl Pts',(-30.5792637680354,25.0466402419905,-16.6005427052806));
#15013=CARTESIAN_POINT('Ctrl Pts',(-30.5,24.6377237915193,-16.7500299954595));
#15014=CARTESIAN_POINT('Ctrl Pts',(-30.5,24.25,-16.8763888317377));
#15015=CARTESIAN_POINT('',(-30.5,13.25,-16.87638883174));
#15016=CARTESIAN_POINT('Origin',(-30.5,18.75,0.));
#15017=CARTESIAN_POINT('Ctrl Pts',(-30.5,13.25,-16.8763888317377));
#15018=CARTESIAN_POINT('Ctrl Pts',(-30.4999999999999,12.8622762084807,-16.7500299954595));
#15019=CARTESIAN_POINT('Ctrl Pts',(-30.5792637680354,12.4533597580095,-16.6005427052806));
#15020=CARTESIAN_POINT('Ctrl Pts',(-30.8966944813862,11.7046405114466,-16.296889461838));
#15021=CARTESIAN_POINT('Ctrl Pts',(-31.134683387208,11.3645261439484,-16.1433060194891));
#15022=CARTESIAN_POINT('Ctrl Pts',(-31.6702534126217,10.8456903893259,-15.8953112386676));
#15023=CARTESIAN_POINT('Ctrl Pts',(-31.997547367173,10.6238842047253,-15.7815432565729));
#15024=CARTESIAN_POINT('Ctrl Pts',(-32.723210153655,10.3258857350753,-15.6245052843448));
#15025=CARTESIAN_POINT('Ctrl Pts',(-33.1219654347792,10.25,-15.5824420422474));
#15026=CARTESIAN_POINT('Ctrl Pts',(-33.5,10.25,-15.5824420422474));
#15027=CARTESIAN_POINT('Ctrl Pts',(-33.8780345652208,10.25,-15.5824420422474));
#15028=CARTESIAN_POINT('Ctrl Pts',(-34.276789846345,10.3258857350753,-15.6245052843448));
#15029=CARTESIAN_POINT('Ctrl Pts',(-35.002452632827,10.6238842047253,-15.7815432565729));
#15030=CARTESIAN_POINT('Ctrl Pts',(-35.3297465873783,10.8456903893259,-15.8953112386676));
#15031=CARTESIAN_POINT('Ctrl Pts',(-35.865316612792,11.3645261439484,-16.1433060194891));
#15032=CARTESIAN_POINT('Ctrl Pts',(-36.1033055186138,11.7046405114466,-16.296889461838));
#15033=CARTESIAN_POINT('Ctrl Pts',(-36.4207362319646,12.4533597580095,-16.6005427052806));
#15034=CARTESIAN_POINT('Ctrl Pts',(-36.5,12.8622762084807,-16.7500299954595));
#15035=CARTESIAN_POINT('Ctrl Pts',(-36.5,13.25,-16.8763888317377));
#15036=CARTESIAN_POINT('',(-36.5,24.25,16.87638883174));
#15037=CARTESIAN_POINT('',(-36.5,13.25,16.87638883174));
#15038=CARTESIAN_POINT('Origin',(-36.5,18.75,0.));
#15039=CARTESIAN_POINT('',(-30.5,13.25,16.87638883174));
#15040=CARTESIAN_POINT('Ctrl Pts',(-36.5,13.25,16.8763888317377));
#15041=CARTESIAN_POINT('Ctrl Pts',(-36.5000000000001,12.8622762084807,16.7500299954595));
#15042=CARTESIAN_POINT('Ctrl Pts',(-36.4207362319646,12.4533597580095,16.6005427052806));
#15043=CARTESIAN_POINT('Ctrl Pts',(-36.1033055186138,11.7046405114466,16.296889461838));
#15044=CARTESIAN_POINT('Ctrl Pts',(-35.865316612792,11.3645261439484,16.1433060194891));
#15045=CARTESIAN_POINT('Ctrl Pts',(-35.3297465873783,10.8456903893259,15.8953112386676));
#15046=CARTESIAN_POINT('Ctrl Pts',(-35.002452632827,10.6238842047253,15.7815432565729));
#15047=CARTESIAN_POINT('Ctrl Pts',(-34.276789846345,10.3258857350753,15.6245052843448));
#15048=CARTESIAN_POINT('Ctrl Pts',(-33.8780345652208,10.25,15.5824420422474));
#15049=CARTESIAN_POINT('Ctrl Pts',(-33.5,10.25,15.5824420422474));
#15050=CARTESIAN_POINT('Ctrl Pts',(-33.1219654347792,10.25,15.5824420422474));
#15051=CARTESIAN_POINT('Ctrl Pts',(-32.723210153655,10.3258857350753,15.6245052843448));
#15052=CARTESIAN_POINT('Ctrl Pts',(-31.997547367173,10.6238842047253,15.7815432565729));
#15053=CARTESIAN_POINT('Ctrl Pts',(-31.6702534126217,10.8456903893259,15.8953112386676));
#15054=CARTESIAN_POINT('Ctrl Pts',(-31.134683387208,11.3645261439484,16.1433060194891));
#15055=CARTESIAN_POINT('Ctrl Pts',(-30.8966944813862,11.7046405114466,16.296889461838));
#15056=CARTESIAN_POINT('Ctrl Pts',(-30.5792637680354,12.4533597580095,16.6005427052806));
#15057=CARTESIAN_POINT('Ctrl Pts',(-30.5,12.8622762084807,16.7500299954595));
#15058=CARTESIAN_POINT('Ctrl Pts',(-30.5,13.25,16.8763888317377));
#15059=CARTESIAN_POINT('',(-30.5,24.25,16.87638883174));
#15060=CARTESIAN_POINT('Origin',(-30.5,18.75,0.));
#15061=CARTESIAN_POINT('Ctrl Pts',(-30.5,24.25,16.8763888317377));
#15062=CARTESIAN_POINT('Ctrl Pts',(-30.4999999999999,24.6377237915193,16.7500299954595));
#15063=CARTESIAN_POINT('Ctrl Pts',(-30.5792637680354,25.0466402419905,16.6005427052806));
#15064=CARTESIAN_POINT('Ctrl Pts',(-30.8966944813862,25.7953594885534,16.296889461838));
#15065=CARTESIAN_POINT('Ctrl Pts',(-31.134683387208,26.1354738560516,16.1433060194891));
#15066=CARTESIAN_POINT('Ctrl Pts',(-31.6702534126217,26.6543096106741,15.8953112386676));
#15067=CARTESIAN_POINT('Ctrl Pts',(-31.997547367173,26.8761157952747,15.7815432565729));
#15068=CARTESIAN_POINT('Ctrl Pts',(-32.723210153655,27.1741142649247,15.6245052843448));
#15069=CARTESIAN_POINT('Ctrl Pts',(-33.1219654347792,27.25,15.5824420422474));
#15070=CARTESIAN_POINT('Ctrl Pts',(-33.8780345652208,27.25,15.5824420422474));
#15071=CARTESIAN_POINT('Ctrl Pts',(-34.276789846345,27.1741142649247,15.6245052843448));
#15072=CARTESIAN_POINT('Ctrl Pts',(-35.002452632827,26.8761157952747,15.7815432565729));
#15073=CARTESIAN_POINT('Ctrl Pts',(-35.3297465873783,26.6543096106741,15.8953112386676));
#15074=CARTESIAN_POINT('Ctrl Pts',(-35.865316612792,26.1354738560516,16.1433060194891));
#15075=CARTESIAN_POINT('Ctrl Pts',(-36.1033055186138,25.7953594885534,16.296889461838));
#15076=CARTESIAN_POINT('Ctrl Pts',(-36.4207362319646,25.0466402419905,16.6005427052806));
#15077=CARTESIAN_POINT('Ctrl Pts',(-36.5,24.6377237915193,16.7500299954595));
#15078=CARTESIAN_POINT('Ctrl Pts',(-36.5,24.25,16.8763888317377));
#15079=CARTESIAN_POINT('Origin',(11.,32.05572809,-19.));
#15080=CARTESIAN_POINT('Origin',(11.,32.05572809,-19.));
#15081=CARTESIAN_POINT('',(11.,0.,9.));
#15082=CARTESIAN_POINT('',(11.,10.,19.));
#15083=CARTESIAN_POINT('Origin',(11.,10.,9.));
#15084=CARTESIAN_POINT('',(11.,32.05572809,19.));
#15085=CARTESIAN_POINT('',(11.,32.05572809,19.));
#15086=CARTESIAN_POINT('',(11.,32.05572809,18.));
#15087=CARTESIAN_POINT('',(11.,32.05572809,18.));
#15088=CARTESIAN_POINT('',(11.,41.,18.));
#15089=CARTESIAN_POINT('',(11.,32.05572809,18.));
#15090=CARTESIAN_POINT('',(11.,41.,-18.));
#15091=CARTESIAN_POINT('',(11.,41.,-18.));
#15092=CARTESIAN_POINT('',(11.,32.05572809,-18.));
#15093=CARTESIAN_POINT('',(11.,32.05572809,-18.));
#15094=CARTESIAN_POINT('',(11.,32.05572809,-19.));
#15095=CARTESIAN_POINT('',(11.,32.05572809,-19.));
#15096=CARTESIAN_POINT('',(11.,10.,-19.));
#15097=CARTESIAN_POINT('',(11.,32.05572809,-19.));
#15098=CARTESIAN_POINT('',(11.,0.,-9.));
#15099=CARTESIAN_POINT('Origin',(11.,10.,-9.));
#15100=CARTESIAN_POINT('',(11.,0.,0.));
#15101=CARTESIAN_POINT('',(11.,0.,-9.));
#15102=CARTESIAN_POINT('',(11.,37.5,2.29621274840129E-15));
#15103=CARTESIAN_POINT('Origin',(11.,18.75,0.));
#15104=CARTESIAN_POINT('Origin',(11.,18.75,0.));
#15105=CARTESIAN_POINT('',(11.,0.,0.));
#15106=CARTESIAN_POINT('Origin',(-36.5,18.75,-23.125));
#15107=CARTESIAN_POINT('',(-36.5,13.25,-17.92519177024));
#15108=CARTESIAN_POINT('',(-36.5,13.25,-17.92519177024));
#15109=CARTESIAN_POINT('',(-36.5,24.25,-17.92519177024));
#15110=CARTESIAN_POINT('Origin',(-36.5,18.75,0.));
#15111=CARTESIAN_POINT('',(-36.5,24.25,-17.92519177024));
#15112=CARTESIAN_POINT('Origin',(-36.5,18.75,-23.125));
#15113=CARTESIAN_POINT('',(-36.5,13.25,17.92519177024));
#15114=CARTESIAN_POINT('',(-36.5,24.25,17.92519177024));
#15115=CARTESIAN_POINT('Origin',(-36.5,18.75,0.));
#15116=CARTESIAN_POINT('',(-36.5,13.25,16.87638883174));
#15117=CARTESIAN_POINT('',(-36.5,24.25,16.87638883174));
#15118=CARTESIAN_POINT('Origin',(-33.5,24.25,-23.125));
#15119=CARTESIAN_POINT('',(-30.5,24.25,-17.92519177024));
#15120=CARTESIAN_POINT('Ctrl Pts',(-30.5,24.25,-17.9251917702434));
#15121=CARTESIAN_POINT('Ctrl Pts',(-30.5000000000001,24.6363987127721,-17.8066327641537));
#15122=CARTESIAN_POINT('Ctrl Pts',(-30.5787761023992,25.0444711550493,-17.6664121472268));
#15123=CARTESIAN_POINT('Ctrl Pts',(-30.8948982820234,25.79213432954,-17.3819109816822));
#15124=CARTESIAN_POINT('Ctrl Pts',(-31.1320954005603,26.1320025315784,-17.2381944699591));
#15125=CARTESIAN_POINT('Ctrl Pts',(-31.6673945288782,26.6524284996684,-17.0055865381439));
#15126=CARTESIAN_POINT('Ctrl Pts',(-31.9958513576864,26.8752798331564,-16.8988185680525));
#15127=CARTESIAN_POINT('Ctrl Pts',(-32.7230871810275,27.1742029003817,-16.7518072991187));
#15128=CARTESIAN_POINT('Ctrl Pts',(-33.1221971033581,27.25,-16.7126449133583));
#15129=CARTESIAN_POINT('Ctrl Pts',(-33.8778028966419,27.25,-16.7126449133583));
#15130=CARTESIAN_POINT('Ctrl Pts',(-34.2769128189725,27.1742029003817,-16.7518072991187));
#15131=CARTESIAN_POINT('Ctrl Pts',(-35.0041486423136,26.8752798331564,-16.8988185680525));
#15132=CARTESIAN_POINT('Ctrl Pts',(-35.3326054711218,26.6524284996684,-17.0055865381439));
#15133=CARTESIAN_POINT('Ctrl Pts',(-35.8679045994397,26.1320025315784,-17.2381944699591));
#15134=CARTESIAN_POINT('Ctrl Pts',(-36.1051017179766,25.79213432954,-17.3819109816822));
#15135=CARTESIAN_POINT('Ctrl Pts',(-36.4212238976009,25.0444711550493,-17.6664121472268));
#15136=CARTESIAN_POINT('Ctrl Pts',(-36.5,24.6363987127721,-17.8066327641537));
#15137=CARTESIAN_POINT('Ctrl Pts',(-36.5,24.25,-17.9251917702434));
#15138=CARTESIAN_POINT('',(-30.5,24.25,-17.92519177024));
#15139=CARTESIAN_POINT('Origin',(-33.5,24.25,-23.125));
#15140=CARTESIAN_POINT('',(-30.5,24.25,17.92519177024));
#15141=CARTESIAN_POINT('Ctrl Pts',(-36.5,24.25,17.9251917702434));
#15142=CARTESIAN_POINT('Ctrl Pts',(-36.4999999999999,24.6363987127721,17.8066327641537));
#15143=CARTESIAN_POINT('Ctrl Pts',(-36.4212238976009,25.0444711550493,17.6664121472268));
#15144=CARTESIAN_POINT('Ctrl Pts',(-36.1051017179766,25.79213432954,17.3819109816822));
#15145=CARTESIAN_POINT('Ctrl Pts',(-35.8679045994397,26.1320025315784,17.2381944699591));
#15146=CARTESIAN_POINT('Ctrl Pts',(-35.3326054711218,26.6524284996684,17.0055865381439));
#15147=CARTESIAN_POINT('Ctrl Pts',(-35.0041486423136,26.8752798331564,16.8988185680525));
#15148=CARTESIAN_POINT('Ctrl Pts',(-34.2769128189725,27.1742029003817,16.7518072991187));
#15149=CARTESIAN_POINT('Ctrl Pts',(-33.8778028966419,27.25,16.7126449133583));
#15150=CARTESIAN_POINT('Ctrl Pts',(-33.1221971033581,27.25,16.7126449133583));
#15151=CARTESIAN_POINT('Ctrl Pts',(-32.7230871810275,27.1742029003817,16.7518072991187));
#15152=CARTESIAN_POINT('Ctrl Pts',(-31.9958513576864,26.8752798331564,16.8988185680525));
#15153=CARTESIAN_POINT('Ctrl Pts',(-31.6673945288782,26.6524284996684,17.0055865381439));
#15154=CARTESIAN_POINT('Ctrl Pts',(-31.1320954005603,26.1320025315784,17.2381944699591));
#15155=CARTESIAN_POINT('Ctrl Pts',(-30.8948982820234,25.79213432954,17.3819109816822));
#15156=CARTESIAN_POINT('Ctrl Pts',(-30.5787761023991,25.0444711550493,17.6664121472268));
#15157=CARTESIAN_POINT('Ctrl Pts',(-30.5,24.6363987127721,17.8066327641537));
#15158=CARTESIAN_POINT('Ctrl Pts',(-30.5,24.25,17.9251917702434));
#15159=CARTESIAN_POINT('',(-30.5,24.25,16.87638883174));
#15160=CARTESIAN_POINT('Origin',(0.,18.75,0.));
#15161=CARTESIAN_POINT('',(-47.5,37.5,2.29621274840129E-15));
#15162=CARTESIAN_POINT('',(0.,37.5,2.29621274840129E-15));
#15163=CARTESIAN_POINT('',(-47.5,21.24602509737,18.58312026311));
#15164=CARTESIAN_POINT('Origin',(-47.5,18.75,0.));
#15165=CARTESIAN_POINT('',(-45.5,21.24602509737,18.58312026311));
#15166=CARTESIAN_POINT('',(-47.5,21.24602509737,18.58312026311));
#15167=CARTESIAN_POINT('',(-45.5,20.25046785702,18.68986613676));
#15168=CARTESIAN_POINT('Origin',(-45.5,18.75,0.));
#15169=CARTESIAN_POINT('',(-47.5,20.25046785702,18.68986613676));
#15170=CARTESIAN_POINT('',(-47.5,20.25046785702,18.68986613676));
#15171=CARTESIAN_POINT('',(-47.5,19.25063182588,18.74331528239));
#15172=CARTESIAN_POINT('Origin',(-47.5,18.75,0.));
#15173=CARTESIAN_POINT('',(-45.5,19.25063182588,18.74331528239));
#15174=CARTESIAN_POINT('',(-47.5,19.25063182588,18.74331528239));
#15175=CARTESIAN_POINT('',(-45.5,18.24936817412,18.74331528239));
#15176=CARTESIAN_POINT('Origin',(-45.5,18.75,0.));
#15177=CARTESIAN_POINT('',(-47.5,18.24936817412,18.74331528239));
#15178=CARTESIAN_POINT('',(-47.5,18.24936817412,18.74331528239));
#15179=CARTESIAN_POINT('',(-47.5,17.24953214298,18.68986613676));
#15180=CARTESIAN_POINT('Origin',(-47.5,18.75,0.));
#15181=CARTESIAN_POINT('',(-45.5,17.24953214298,18.68986613676));
#15182=CARTESIAN_POINT('',(-47.5,17.24953214298,18.68986613676));
#15183=CARTESIAN_POINT('',(-45.5,16.25397490263,18.58312026311));
#15184=CARTESIAN_POINT('Origin',(-45.5,18.75,0.));
#15185=CARTESIAN_POINT('',(-47.5,16.25397490263,18.58312026311));
#15186=CARTESIAN_POINT('',(-47.5,16.25397490263,18.58312026311));
#15187=CARTESIAN_POINT('',(-47.5,16.25397490263,-18.58312026311));
#15188=CARTESIAN_POINT('Origin',(-47.5,18.75,0.));
#15189=CARTESIAN_POINT('',(-45.5,16.25397490263,-18.58312026311));
#15190=CARTESIAN_POINT('',(-47.5,16.25397490263,-18.58312026311));
#15191=CARTESIAN_POINT('',(-45.5,17.24953214298,-18.68986613676));
#15192=CARTESIAN_POINT('Origin',(-45.5,18.75,0.));
#15193=CARTESIAN_POINT('',(-47.5,17.24953214298,-18.68986613676));
#15194=CARTESIAN_POINT('',(-47.5,17.24953214298,-18.68986613676));
#15195=CARTESIAN_POINT('',(-47.5,18.24936817412,-18.74331528239));
#15196=CARTESIAN_POINT('Origin',(-47.5,18.75,0.));
#15197=CARTESIAN_POINT('',(-45.5,18.24936817412,-18.74331528239));
#15198=CARTESIAN_POINT('',(-47.5,18.24936817412,-18.74331528239));
#15199=CARTESIAN_POINT('',(-45.5,19.25063182588,-18.74331528239));
#15200=CARTESIAN_POINT('Origin',(-45.5,18.75,0.));
#15201=CARTESIAN_POINT('',(-47.5,19.25063182588,-18.74331528239));
#15202=CARTESIAN_POINT('',(-47.5,19.25063182588,-18.74331528239));
#15203=CARTESIAN_POINT('',(-47.5,20.25046785702,-18.68986613676));
#15204=CARTESIAN_POINT('Origin',(-47.5,18.75,0.));
#15205=CARTESIAN_POINT('',(-45.5,20.25046785702,-18.68986613676));
#15206=CARTESIAN_POINT('',(-47.5,20.25046785702,-18.68986613676));
#15207=CARTESIAN_POINT('',(-45.5,21.24602509737,-18.58312026311));
#15208=CARTESIAN_POINT('Origin',(-45.5,18.75,0.));
#15209=CARTESIAN_POINT('',(-47.5,21.24602509737,-18.58312026311));
#15210=CARTESIAN_POINT('',(-47.5,21.24602509737,-18.58312026311));
#15211=CARTESIAN_POINT('Origin',(-47.5,18.75,0.));
#15212=CARTESIAN_POINT('',(-28.5,36.83717753929,4.941306372012));
#15213=CARTESIAN_POINT('',(-28.5,36.83717753929,-4.941306372012));
#15214=CARTESIAN_POINT('Origin',(-28.5,18.75,0.));
#15215=CARTESIAN_POINT('',(5.5,36.83717753929,4.941306372012));
#15216=CARTESIAN_POINT('',(-28.5,36.83717753929,4.941306372012));
#15217=CARTESIAN_POINT('',(5.5,36.83717753929,-4.941306372012));
#15218=CARTESIAN_POINT('Origin',(5.5,18.75,0.));
#15219=CARTESIAN_POINT('',(-28.5,36.83717753929,-4.941306372012));
#15220=CARTESIAN_POINT('',(-30.5,13.25,17.92519177024));
#15221=CARTESIAN_POINT('Origin',(-30.5,18.75,0.));
#15222=CARTESIAN_POINT('Ctrl Pts',(-30.5,13.25,17.9251917702434));
#15223=CARTESIAN_POINT('Ctrl Pts',(-30.5000000000001,12.8636012872279,17.8066327641537));
#15224=CARTESIAN_POINT('Ctrl Pts',(-30.5787761023991,12.4555288449507,17.6664121472269));
#15225=CARTESIAN_POINT('Ctrl Pts',(-30.8948982820234,11.70786567046,17.3819109816822));
#15226=CARTESIAN_POINT('Ctrl Pts',(-31.1320954005603,11.3679974684216,17.2381944699591));
#15227=CARTESIAN_POINT('Ctrl Pts',(-31.6673945288782,10.8475715003316,17.0055865381439));
#15228=CARTESIAN_POINT('Ctrl Pts',(-31.9958513576864,10.6247201668436,16.8988185680525));
#15229=CARTESIAN_POINT('Ctrl Pts',(-32.7230871810275,10.3257970996183,16.7518072991187));
#15230=CARTESIAN_POINT('Ctrl Pts',(-33.1221971033581,10.25,16.7126449133583));
#15231=CARTESIAN_POINT('Ctrl Pts',(-33.5,10.25,16.7126449133583));
#15232=CARTESIAN_POINT('Ctrl Pts',(-33.8778028966419,10.25,16.7126449133583));
#15233=CARTESIAN_POINT('Ctrl Pts',(-34.2769128189725,10.3257970996183,16.7518072991187));
#15234=CARTESIAN_POINT('Ctrl Pts',(-35.0041486423136,10.6247201668436,16.8988185680525));
#15235=CARTESIAN_POINT('Ctrl Pts',(-35.3326054711218,10.8475715003316,17.0055865381439));
#15236=CARTESIAN_POINT('Ctrl Pts',(-35.8679045994397,11.3679974684216,17.2381944699591));
#15237=CARTESIAN_POINT('Ctrl Pts',(-36.1051017179766,11.70786567046,17.3819109816822));
#15238=CARTESIAN_POINT('Ctrl Pts',(-36.4212238976009,12.4555288449507,17.6664121472269));
#15239=CARTESIAN_POINT('Ctrl Pts',(-36.5,12.8636012872279,17.8066327641537));
#15240=CARTESIAN_POINT('Ctrl Pts',(-36.5,13.25,17.9251917702434));
#15241=CARTESIAN_POINT('',(-30.5,13.25,-17.92519177024));
#15242=CARTESIAN_POINT('Ctrl Pts',(-36.5,13.25,-17.9251917702434));
#15243=CARTESIAN_POINT('Ctrl Pts',(-36.4999999999999,12.8636012872279,-17.8066327641537));
#15244=CARTESIAN_POINT('Ctrl Pts',(-36.4212238976009,12.4555288449507,-17.6664121472269));
#15245=CARTESIAN_POINT('Ctrl Pts',(-36.1051017179766,11.70786567046,-17.3819109816822));
#15246=CARTESIAN_POINT('Ctrl Pts',(-35.8679045994397,11.3679974684216,-17.2381944699591));
#15247=CARTESIAN_POINT('Ctrl Pts',(-35.3326054711218,10.8475715003316,-17.0055865381439));
#15248=CARTESIAN_POINT('Ctrl Pts',(-35.0041486423136,10.6247201668436,-16.8988185680525));
#15249=CARTESIAN_POINT('Ctrl Pts',(-34.2769128189725,10.3257970996183,-16.7518072991187));
#15250=CARTESIAN_POINT('Ctrl Pts',(-33.8778028966419,10.25,-16.7126449133583));
#15251=CARTESIAN_POINT('Ctrl Pts',(-33.5,10.25,-16.7126449133583));
#15252=CARTESIAN_POINT('Ctrl Pts',(-33.1221971033581,10.25,-16.7126449133583));
#15253=CARTESIAN_POINT('Ctrl Pts',(-32.7230871810275,10.3257970996183,-16.7518072991187));
#15254=CARTESIAN_POINT('Ctrl Pts',(-31.9958513576864,10.6247201668436,-16.8988185680525));
#15255=CARTESIAN_POINT('Ctrl Pts',(-31.6673945288782,10.8475715003316,-17.0055865381439));
#15256=CARTESIAN_POINT('Ctrl Pts',(-31.1320954005603,11.3679974684216,-17.2381944699591));
#15257=CARTESIAN_POINT('Ctrl Pts',(-30.8948982820234,11.70786567046,-17.3819109816822));
#15258=CARTESIAN_POINT('Ctrl Pts',(-30.5787761023992,12.4555288449507,-17.6664121472269));
#15259=CARTESIAN_POINT('Ctrl Pts',(-30.5,12.8636012872279,-17.8066327641537));
#15260=CARTESIAN_POINT('Ctrl Pts',(-30.5,13.25,-17.9251917702434));
#15261=CARTESIAN_POINT('Origin',(-30.5,18.75,0.));
#15262=CARTESIAN_POINT('Origin',(-30.5,13.25,-23.125));
#15263=CARTESIAN_POINT('',(-30.5,13.25,-17.92519177024));
#15264=CARTESIAN_POINT('Origin',(-30.5,13.25,-23.125));
#15265=CARTESIAN_POINT('',(-30.5,13.25,16.87638883174));
#15266=CARTESIAN_POINT('Origin',(-33.5,13.25,-23.125));
#15267=CARTESIAN_POINT('Origin',(-33.5,13.25,-23.125));
#15268=CARTESIAN_POINT('Origin',(-45.5,18.75,0.));
#15269=CARTESIAN_POINT('',(-45.5,18.26271835614,18.24349354152));
#15270=CARTESIAN_POINT('',(-45.5,18.24936817412,18.74331528239));
#15271=CARTESIAN_POINT('',(-45.5,19.23728164386,18.24349354152));
#15272=CARTESIAN_POINT('',(-45.5,19.23728164386,18.24349354152));
#15273=CARTESIAN_POINT('Origin',(-45.5,18.75,0.));
#15274=CARTESIAN_POINT('Origin',(-45.5,18.75,0.));
#15275=CARTESIAN_POINT('',(-45.5,20.21045538084,18.19146970645));
#15276=CARTESIAN_POINT('',(-45.5,20.25046785702,18.68986613676));
#15277=CARTESIAN_POINT('',(-45.5,21.17946442811,18.08757038943));
#15278=CARTESIAN_POINT('',(-45.5,21.17946442811,18.08757038943));
#15279=CARTESIAN_POINT('Origin',(-45.5,18.75,0.));
#15280=CARTESIAN_POINT('Origin',(-45.5,18.75,0.));
#15281=CARTESIAN_POINT('',(-45.5,16.32053557189,18.08757038943));
#15282=CARTESIAN_POINT('',(-45.5,16.25397490263,18.58312026311));
#15283=CARTESIAN_POINT('',(-45.5,17.28954461916,18.19146970645));
#15284=CARTESIAN_POINT('',(-45.5,17.28954461916,18.19146970645));
#15285=CARTESIAN_POINT('Origin',(-45.5,18.75,0.));
#15286=CARTESIAN_POINT('Origin',(-47.5,18.24936817412,18.74331528239));
#15287=CARTESIAN_POINT('',(-46.5,18.26271835614,18.24349354152));
#15288=CARTESIAN_POINT('',(-46.5,18.26271835614,18.24349354152));
#15289=CARTESIAN_POINT('',(-47.5,18.26271835614,18.24349354152));
#15290=CARTESIAN_POINT('',(-47.5,18.26271835614,18.24349354152));
#15291=CARTESIAN_POINT('',(-47.5,18.24936817412,18.74331528239));
#15292=CARTESIAN_POINT('Origin',(-47.5,18.75,0.));
#15293=CARTESIAN_POINT('',(-47.5,17.28954461916,-18.19146970645));
#15294=CARTESIAN_POINT('',(-47.5,18.26271835614,-18.24349354152));
#15295=CARTESIAN_POINT('Origin',(-47.5,18.75,0.));
#15296=CARTESIAN_POINT('',(-47.5,18.24936817412,-18.74331528239));
#15297=CARTESIAN_POINT('',(-47.5,17.28954461916,-18.19146970645));
#15298=CARTESIAN_POINT('Origin',(-47.5,18.75,0.));
#15299=CARTESIAN_POINT('',(-47.5,19.23728164386,-18.24349354152));
#15300=CARTESIAN_POINT('',(-47.5,19.23728164386,-18.24349354152));
#15301=CARTESIAN_POINT('',(-47.5,20.21045538084,-18.19146970645));
#15302=CARTESIAN_POINT('Origin',(-47.5,18.75,0.));
#15303=CARTESIAN_POINT('',(-47.5,20.25046785702,-18.68986613676));
#15304=CARTESIAN_POINT('Origin',(-47.5,18.75,0.));
#15305=CARTESIAN_POINT('',(-47.5,17.28954461916,18.19146970645));
#15306=CARTESIAN_POINT('Origin',(-47.5,18.75,0.));
#15307=CARTESIAN_POINT('',(-47.5,17.28954461916,18.19146970645));
#15308=CARTESIAN_POINT('Origin',(-47.5,18.75,0.));
#15309=CARTESIAN_POINT('',(-47.5,19.23728164386,18.24349354152));
#15310=CARTESIAN_POINT('',(-47.5,19.23728164386,18.24349354152));
#15311=CARTESIAN_POINT('',(-47.5,20.21045538084,18.19146970645));
#15312=CARTESIAN_POINT('',(-47.5,20.25046785702,18.68986613676));
#15313=CARTESIAN_POINT('Origin',(-47.5,18.75,0.));
#15314=CARTESIAN_POINT('Origin',(-47.5,18.75,0.));
#15315=CARTESIAN_POINT('',(-47.5,21.17946442811,18.08757038943));
#15316=CARTESIAN_POINT('',(-47.5,21.17946442811,18.08757038943));
#15317=CARTESIAN_POINT('',(-47.5,21.17946442811,-18.08757038943));
#15318=CARTESIAN_POINT('',(-47.5,21.17946442811,-18.08757038943));
#15319=CARTESIAN_POINT('Origin',(-47.5,18.75,0.));
#15320=CARTESIAN_POINT('Origin',(-47.5,18.75,0.));
#15321=CARTESIAN_POINT('',(-47.5,16.32053557189,18.08757038943));
#15322=CARTESIAN_POINT('',(-47.5,16.25397490263,18.58312026311));
#15323=CARTESIAN_POINT('',(-47.5,16.32053557189,-18.08757038943));
#15324=CARTESIAN_POINT('Origin',(-47.5,18.75,0.));
#15325=CARTESIAN_POINT('',(-47.5,16.25397490263,-18.58312026311));
#15326=CARTESIAN_POINT('Origin',(0.,18.75,0.));
#15327=CARTESIAN_POINT('',(-46.5,17.28954461916,-18.19146970645));
#15328=CARTESIAN_POINT('',(-46.5,18.26271835614,-18.24349354152));
#15329=CARTESIAN_POINT('Origin',(-46.5,18.75,0.));
#15330=CARTESIAN_POINT('',(-47.5,18.26271835614,-18.24349354152));
#15331=CARTESIAN_POINT('',(-47.5,17.28954461916,-18.19146970645));
#15332=CARTESIAN_POINT('Origin',(0.,18.75,0.));
#15333=CARTESIAN_POINT('',(-46.5,19.23728164386,-18.24349354152));
#15334=CARTESIAN_POINT('',(-47.5,19.23728164386,-18.24349354152));
#15335=CARTESIAN_POINT('',(-46.5,20.21045538084,-18.19146970645));
#15336=CARTESIAN_POINT('Origin',(-46.5,18.75,0.));
#15337=CARTESIAN_POINT('',(-47.5,20.21045538084,-18.19146970645));
#15338=CARTESIAN_POINT('Origin',(0.,18.75,0.));
#15339=CARTESIAN_POINT('',(-46.5,17.28954461916,18.19146970645));
#15340=CARTESIAN_POINT('Origin',(-46.5,18.75,0.));
#15341=CARTESIAN_POINT('',(-47.5,17.28954461916,18.19146970645));
#15342=CARTESIAN_POINT('Origin',(0.,18.75,0.));
#15343=CARTESIAN_POINT('',(-46.5,19.23728164386,18.24349354152));
#15344=CARTESIAN_POINT('',(-47.5,19.23728164386,18.24349354152));
#15345=CARTESIAN_POINT('',(-46.5,20.21045538084,18.19146970645));
#15346=CARTESIAN_POINT('',(-47.5,20.21045538084,18.19146970645));
#15347=CARTESIAN_POINT('Origin',(-46.5,18.75,0.));
#15348=CARTESIAN_POINT('Origin',(0.,18.75,0.));
#15349=CARTESIAN_POINT('',(-46.5,21.17946442811,18.08757038943));
#15350=CARTESIAN_POINT('',(-47.5,21.17946442811,18.08757038943));
#15351=CARTESIAN_POINT('',(-46.5,21.17946442811,-18.08757038943));
#15352=CARTESIAN_POINT('',(-47.5,21.17946442811,-18.08757038943));
#15353=CARTESIAN_POINT('Origin',(-46.5,18.75,0.));
#15354=CARTESIAN_POINT('Origin',(0.,18.75,0.));
#15355=CARTESIAN_POINT('',(-46.5,16.32053557189,18.08757038943));
#15356=CARTESIAN_POINT('',(-47.5,16.32053557189,18.08757038943));
#15357=CARTESIAN_POINT('',(-46.5,16.32053557189,-18.08757038943));
#15358=CARTESIAN_POINT('Origin',(-46.5,18.75,0.));
#15359=CARTESIAN_POINT('',(-47.5,16.32053557189,-18.08757038943));
#15360=CARTESIAN_POINT('Origin',(-46.5,18.75,0.));
#15361=CARTESIAN_POINT('Origin',(-46.5,18.75,0.));
#15362=CARTESIAN_POINT('Origin',(-46.5,18.75,0.));
#15363=CARTESIAN_POINT('Origin',(-46.5,18.75,0.));
#15364=CARTESIAN_POINT('Origin',(-46.5,18.75,0.));
#15365=CARTESIAN_POINT('Origin',(-46.5,18.75,0.));
#15366=CARTESIAN_POINT('Origin',(-46.5,18.75,0.));
#15367=CARTESIAN_POINT('',(-46.5,7.25,0.));
#15368=CARTESIAN_POINT('Origin',(-46.5,18.75,0.));
#15369=CARTESIAN_POINT('',(-46.5,7.926041435776,12.07395856422));
#15370=CARTESIAN_POINT('Origin',(-46.5,7.926041435776,10.82395856422));
#15371=CARTESIAN_POINT('Origin',(-46.5,18.75,0.));
#15372=CARTESIAN_POINT('',(-47.5,8.25,0.));
#15373=CARTESIAN_POINT('Origin',(-47.5,18.75,0.));
#15374=CARTESIAN_POINT('Origin',(-46.5,8.25,1.28587913910472E-15));
#15375=CARTESIAN_POINT('Origin',(-47.5,18.75,0.));
#15376=CARTESIAN_POINT('',(-47.5,9.210607985831,3.));
#15377=CARTESIAN_POINT('',(-47.5,12.42544467966,3.));
#15378=CARTESIAN_POINT('',(-47.5,15.75,9.539392014169));
#15379=CARTESIAN_POINT('',(-47.5,15.75,9.539392014169));
#15380=CARTESIAN_POINT('Origin',(-47.5,18.75,0.));
#15381=CARTESIAN_POINT('',(-47.5,21.75,6.324555320337));
#15382=CARTESIAN_POINT('',(-47.5,21.75,9.539392014169));
#15383=CARTESIAN_POINT('',(-47.5,21.75,6.324555320337));
#15384=CARTESIAN_POINT('',(-47.5,25.07455532034,3.));
#15385=CARTESIAN_POINT('Origin',(-47.5,18.75,0.));
#15386=CARTESIAN_POINT('',(-47.5,28.28939201417,3.));
#15387=CARTESIAN_POINT('',(-47.5,28.28939201417,3.));
#15388=CARTESIAN_POINT('Origin',(-47.5,18.75,0.));
#15389=CARTESIAN_POINT('',(-47.5,15.75,-6.324555320337));
#15390=CARTESIAN_POINT('',(-47.5,15.75,-9.539392014169));
#15391=CARTESIAN_POINT('',(-47.5,15.75,-6.324555320337));
#15392=CARTESIAN_POINT('',(-47.5,12.42544467966,-3.));
#15393=CARTESIAN_POINT('Origin',(-47.5,18.75,0.));
#15394=CARTESIAN_POINT('',(-47.5,9.210607985831,-3.));
#15395=CARTESIAN_POINT('',(-47.5,9.210607985831,-3.));
#15396=CARTESIAN_POINT('Origin',(-47.5,18.75,0.));
#15397=CARTESIAN_POINT('',(-47.5,25.07455532034,-3.));
#15398=CARTESIAN_POINT('',(-47.5,28.28939201417,-3.));
#15399=CARTESIAN_POINT('',(-47.5,25.07455532034,-3.));
#15400=CARTESIAN_POINT('',(-47.5,21.75,-6.324555320337));
#15401=CARTESIAN_POINT('Origin',(-47.5,18.75,0.));
#15402=CARTESIAN_POINT('',(-47.5,21.75,-9.539392014169));
#15403=CARTESIAN_POINT('',(-47.5,21.75,-9.539392014169));
#15404=CARTESIAN_POINT('Origin',(-47.5,18.75,0.));
#15405=CARTESIAN_POINT('',(-47.5,12.2532452248553,0.205371350568614));
#15406=CARTESIAN_POINT('Origin',(-47.5,18.75,0.));
#15407=CARTESIAN_POINT('Origin',(-47.5,12.42544467966,3.));
#15408=CARTESIAN_POINT('',(-47.5,9.210607985831,3.));
#15409=CARTESIAN_POINT('Origin',(-47.5,18.75,0.));
#15410=CARTESIAN_POINT('',(-47.5,15.75,9.539392014169));
#15411=CARTESIAN_POINT('Origin',(-47.5,15.75,9.539392014169));
#15412=CARTESIAN_POINT('Origin',(-47.5,21.75,6.324555320337));
#15413=CARTESIAN_POINT('',(-47.5,21.75,6.324555320337));
#15414=CARTESIAN_POINT('',(-47.5,21.75,9.539392014169));
#15415=CARTESIAN_POINT('Origin',(-47.5,18.75,0.));
#15416=CARTESIAN_POINT('',(-47.5,28.28939201417,3.));
#15417=CARTESIAN_POINT('Origin',(-47.5,28.28939201417,3.));
#15418=CARTESIAN_POINT('',(-47.5,25.07455532034,3.));
#15419=CARTESIAN_POINT('Origin',(-47.5,18.75,0.));
#15420=CARTESIAN_POINT('Origin',(-47.5,15.75,-6.324555320337));
#15421=CARTESIAN_POINT('',(-47.5,15.75,-6.324555320337));
#15422=CARTESIAN_POINT('',(-47.5,15.75,-9.539392014169));
#15423=CARTESIAN_POINT('Origin',(-47.5,18.75,0.));
#15424=CARTESIAN_POINT('',(-47.5,9.210607985831,-3.));
#15425=CARTESIAN_POINT('Origin',(-47.5,9.210607985831,-3.));
#15426=CARTESIAN_POINT('',(-47.5,12.42544467966,-3.));
#15427=CARTESIAN_POINT('Origin',(-47.5,18.75,0.));
#15428=CARTESIAN_POINT('Origin',(-47.5,25.07455532034,-3.));
#15429=CARTESIAN_POINT('',(-47.5,25.07455532034,-3.));
#15430=CARTESIAN_POINT('',(-47.5,28.28939201417,-3.));
#15431=CARTESIAN_POINT('Origin',(-47.5,18.75,0.));
#15432=CARTESIAN_POINT('',(-47.5,21.75,-9.539392014169));
#15433=CARTESIAN_POINT('Origin',(-47.5,21.75,-9.539392014169));
#15434=CARTESIAN_POINT('',(-47.5,21.75,-6.324555320337));
#15435=CARTESIAN_POINT('Origin',(-47.5,18.75,0.));
#15436=CARTESIAN_POINT('Origin',(-48.,18.75,0.));
#15437=CARTESIAN_POINT('',(-48.,12.7529955921741,0.189573554371028));
#15438=CARTESIAN_POINT('Origin',(-48.,12.2532452248553,0.205371350568614));
#15439=CARTESIAN_POINT('',(-48.,24.75,0.));
#15440=CARTESIAN_POINT('Origin',(-48.,18.75,0.));
#15441=CARTESIAN_POINT('Origin',(-48.,18.75,0.));
#15442=CARTESIAN_POINT('Origin',(0.,18.75,0.));
#15443=CARTESIAN_POINT('',(-50.,24.75,0.));
#15444=CARTESIAN_POINT('',(0.,24.75,7.34788079488412E-16));
#15445=CARTESIAN_POINT('',(-50.,24.7444988051915,0.256873654853576));
#15446=CARTESIAN_POINT('Origin',(-50.,18.75,0.));
#15447=CARTESIAN_POINT('Origin',(-50.,18.75,0.));
#15448=CARTESIAN_POINT('Origin',(-50.,18.75,0.));
#15449=CARTESIAN_POINT('',(-50.5,24.2449572380922,0.235467516949111));
#15450=CARTESIAN_POINT('Origin',(-50.,24.2449572380922,0.235467516949111));
#15451=CARTESIAN_POINT('Origin',(-50.5,18.75,0.));
#15452=CARTESIAN_POINT('Origin',(-50.5,18.75,0.));
#15453=CARTESIAN_POINT('',(-50.5,14.75,0.));
#15454=CARTESIAN_POINT('Origin',(-50.5,18.75,0.));
#15455=CARTESIAN_POINT('Origin',(-50.5,18.75,0.));
#15456=CARTESIAN_POINT('',(-50.,14.75,0.));
#15457=CARTESIAN_POINT('Origin',(-50.,18.75,0.));
#15458=CARTESIAN_POINT('',(-50.5,14.75,4.89858719658941E-16));
#15459=CARTESIAN_POINT('Origin',(-50.,18.75,0.));
#15460=CARTESIAN_POINT('Origin',(-47.5,18.75,0.));
#15461=CARTESIAN_POINT('',(-45.5,17.28954461916,-18.19146970645));
#15462=CARTESIAN_POINT('',(-46.5,17.28954461916,-18.19146970645));
#15463=CARTESIAN_POINT('',(-45.5,16.32053557189,-18.08757038943));
#15464=CARTESIAN_POINT('Origin',(-45.5,18.75,0.));
#15465=CARTESIAN_POINT('',(-46.5,16.32053557189,-18.08757038943));
#15466=CARTESIAN_POINT('Origin',(-47.5,16.25397490263,-18.58312026311));
#15467=CARTESIAN_POINT('',(-45.5,16.25397490263,-18.58312026311));
#15468=CARTESIAN_POINT('Origin',(-45.5,18.75,0.));
#15469=CARTESIAN_POINT('',(-45.5,17.28954461916,-18.19146970645));
#15470=CARTESIAN_POINT('Origin',(-45.5,18.75,0.));
#15471=CARTESIAN_POINT('',(-45.5,18.26271835614,-18.24349354152));
#15472=CARTESIAN_POINT('',(-45.5,18.24936817412,-18.74331528239));
#15473=CARTESIAN_POINT('',(-45.5,19.23728164386,-18.24349354152));
#15474=CARTESIAN_POINT('Origin',(-45.5,18.75,0.));
#15475=CARTESIAN_POINT('',(-45.5,19.23728164386,-18.24349354152));
#15476=CARTESIAN_POINT('Origin',(-45.5,18.75,0.));
#15477=CARTESIAN_POINT('',(-45.5,20.21045538084,-18.19146970645));
#15478=CARTESIAN_POINT('',(-45.5,20.25046785702,-18.68986613676));
#15479=CARTESIAN_POINT('',(-45.5,21.17946442811,-18.08757038943));
#15480=CARTESIAN_POINT('Origin',(-45.5,18.75,0.));
#15481=CARTESIAN_POINT('',(-45.5,21.17946442811,-18.08757038943));
#15482=CARTESIAN_POINT('Origin',(-47.5,17.28954461916,-18.19146970645));
#15483=CARTESIAN_POINT('Origin',(-47.5,19.23728164386,-18.24349354152));
#15484=CARTESIAN_POINT('',(-46.5,19.23728164386,-18.24349354152));
#15485=CARTESIAN_POINT('Origin',(-47.5,18.75,0.));
#15486=CARTESIAN_POINT('',(-46.5,18.26271835614,-18.24349354152));
#15487=CARTESIAN_POINT('Origin',(-47.5,18.24936817412,-18.74331528239));
#15488=CARTESIAN_POINT('Origin',(-47.5,21.17946442811,-18.08757038943));
#15489=CARTESIAN_POINT('',(-46.5,21.17946442811,-18.08757038943));
#15490=CARTESIAN_POINT('Origin',(-47.5,18.75,0.));
#15491=CARTESIAN_POINT('',(-46.5,20.21045538084,-18.19146970645));
#15492=CARTESIAN_POINT('Origin',(-47.5,20.25046785702,-18.68986613676));
#15493=CARTESIAN_POINT('Origin',(-47.5,18.75,0.));
#15494=CARTESIAN_POINT('',(-46.5,20.21045538084,18.19146970645));
#15495=CARTESIAN_POINT('',(-46.5,21.17946442811,18.08757038943));
#15496=CARTESIAN_POINT('Origin',(-47.5,21.17946442811,18.08757038943));
#15497=CARTESIAN_POINT('Origin',(-47.5,20.25046785702,18.68986613676));
#15498=CARTESIAN_POINT('Origin',(-47.5,18.75,0.));
#15499=CARTESIAN_POINT('',(-46.5,19.23728164386,18.24349354152));
#15500=CARTESIAN_POINT('Origin',(-47.5,19.23728164386,18.24349354152));
#15501=CARTESIAN_POINT('Origin',(-47.5,18.75,0.));
#15502=CARTESIAN_POINT('',(-46.5,16.32053557189,18.08757038943));
#15503=CARTESIAN_POINT('',(-46.5,17.28954461916,18.19146970645));
#15504=CARTESIAN_POINT('Origin',(-47.5,17.28954461916,18.19146970645));
#15505=CARTESIAN_POINT('Origin',(-47.5,16.25397490263,18.58312026311));
#15506=CARTESIAN_POINT('Origin',(-46.5,7.926041435776,10.82395856422));
#15507=CARTESIAN_POINT('',(-46.,7.926041435776,12.07395856422));
#15508=CARTESIAN_POINT('Origin',(-46.,7.926041435776,10.82395856422));
#15509=CARTESIAN_POINT('',(-46.5,7.926041435776,12.07395856422));
#15510=CARTESIAN_POINT('Origin',(-46.,18.75,0.));
#15511=CARTESIAN_POINT('Origin',(5.5,18.75,0.));
#15512=CARTESIAN_POINT('',(5.5,37.80182700806,5.204842711852));
#15513=CARTESIAN_POINT('',(5.5,37.80182700806,5.204842711852));
#15514=CARTESIAN_POINT('',(5.5,37.80182700806,-5.204842711852));
#15515=CARTESIAN_POINT('Origin',(5.5,18.75,0.));
#15516=CARTESIAN_POINT('',(5.5,36.83717753929,-4.941306372012));
#15517=CARTESIAN_POINT('Origin',(-28.5,36.83717753929,-4.941306372012));
#15518=CARTESIAN_POINT('',(-28.5,37.80182700806,-5.204842711852));
#15519=CARTESIAN_POINT('',(-28.5,37.80182700806,-5.204842711852));
#15520=CARTESIAN_POINT('',(-28.5,36.83717753929,-4.941306372012));
#15521=CARTESIAN_POINT('Origin',(-28.5,18.75,0.));
#15522=CARTESIAN_POINT('',(-28.5,37.80182700806,5.204842711852));
#15523=CARTESIAN_POINT('Origin',(-28.5,18.75,0.));
#15524=CARTESIAN_POINT('',(-28.5,37.80182700806,5.204842711852));
#15525=CARTESIAN_POINT('Origin',(-28.5,37.80182700806,5.204842711852));
#15526=CARTESIAN_POINT('',(-28.5,37.80182700806,5.204842711852));
#15527=CARTESIAN_POINT('Origin',(-28.5,18.75,0.));
#15528=CARTESIAN_POINT('Origin',(-167.0204,10.,9.));
#15529=CARTESIAN_POINT('',(38.,10.,19.));
#15530=CARTESIAN_POINT('',(38.,0.,9.));
#15531=CARTESIAN_POINT('Origin',(38.,10.,9.));
#15532=CARTESIAN_POINT('',(11.,10.,19.));
#15533=CARTESIAN_POINT('',(11.,0.,9.));
#15534=CARTESIAN_POINT('Origin',(38.,0.,-19.));
#15535=CARTESIAN_POINT('',(38.,0.,-9.));
#15536=CARTESIAN_POINT('',(38.,0.,-9.));
#15537=CARTESIAN_POINT('',(38.,10.,-19.));
#15538=CARTESIAN_POINT('Origin',(38.,10.,-9.));
#15539=CARTESIAN_POINT('',(38.,56.5,-19.));
#15540=CARTESIAN_POINT('',(38.,10.,-19.));
#15541=CARTESIAN_POINT('',(38.,56.5,-11.5));
#15542=CARTESIAN_POINT('',(38.,56.5,-19.));
#15543=CARTESIAN_POINT('',(38.,60.,-11.5));
#15544=CARTESIAN_POINT('',(38.,60.,-11.5));
#15545=CARTESIAN_POINT('',(38.,60.,11.5));
#15546=CARTESIAN_POINT('',(38.,60.,-11.5));
#15547=CARTESIAN_POINT('',(38.,56.5,11.5));
#15548=CARTESIAN_POINT('',(38.,60.,11.5));
#15549=CARTESIAN_POINT('',(38.,56.5,19.));
#15550=CARTESIAN_POINT('',(38.,56.5,11.5));
#15551=CARTESIAN_POINT('',(38.,10.,19.));
#15552=CARTESIAN_POINT('',(38.,10.25,1.53080849893419E-16));
#15553=CARTESIAN_POINT('Origin',(38.,9.,0.));
#15554=CARTESIAN_POINT('',(38.,30.25,1.53080849893419E-16));
#15555=CARTESIAN_POINT('Origin',(38.,29.,0.));
#15556=CARTESIAN_POINT('Origin',(0.,0.,19.));
#15557=CARTESIAN_POINT('',(30.5,56.5,19.));
#15558=CARTESIAN_POINT('',(30.5,56.5,19.));
#15559=CARTESIAN_POINT('',(30.5,60.,19.));
#15560=CARTESIAN_POINT('',(30.5,60.,19.));
#15561=CARTESIAN_POINT('',(7.5,60.,19.));
#15562=CARTESIAN_POINT('',(30.5,60.,19.));
#15563=CARTESIAN_POINT('',(7.5,56.5,19.));
#15564=CARTESIAN_POINT('',(7.5,60.,19.));
#15565=CARTESIAN_POINT('',(0.,56.5,19.));
#15566=CARTESIAN_POINT('',(0.,56.5,19.));
#15567=CARTESIAN_POINT('',(0.,41.,19.));
#15568=CARTESIAN_POINT('',(0.,56.5,19.));
#15569=CARTESIAN_POINT('',(3.,41.,19.));
#15570=CARTESIAN_POINT('',(0.,41.,19.));
#15571=CARTESIAN_POINT('',(3.,41.,19.));
#15572=CARTESIAN_POINT('Origin',(3.,41.,-19.));
#15573=CARTESIAN_POINT('',(3.,41.,-18.));
#15574=CARTESIAN_POINT('',(3.,41.,-18.));
#15575=CARTESIAN_POINT('',(3.,41.,-19.));
#15576=CARTESIAN_POINT('',(3.,41.,-19.));
#15577=CARTESIAN_POINT('',(3.,41.,-19.));
#15578=CARTESIAN_POINT('Origin',(3.,41.,-19.));
#15579=CARTESIAN_POINT('',(3.,41.,18.));
#15580=CARTESIAN_POINT('',(3.,41.,18.));
#15581=CARTESIAN_POINT('',(3.,41.,18.));
#15582=CARTESIAN_POINT('Origin',(0.,0.,-18.));
#15583=CARTESIAN_POINT('',(11.,41.,-18.));
#15584=CARTESIAN_POINT('Origin',(0.,41.,-19.));
#15585=CARTESIAN_POINT('',(0.,41.,-19.));
#15586=CARTESIAN_POINT('',(0.,41.,-19.));
#15587=CARTESIAN_POINT('',(0.,41.,-19.));
#15588=CARTESIAN_POINT('',(11.,41.,18.));
#15589=CARTESIAN_POINT('Origin',(0.,0.,18.));
#15590=CARTESIAN_POINT('Origin',(0.,0.,-19.));
#15591=CARTESIAN_POINT('',(38.,10.,-19.));
#15592=CARTESIAN_POINT('',(0.,56.5,-19.));
#15593=CARTESIAN_POINT('',(0.,56.5,-19.));
#15594=CARTESIAN_POINT('',(7.5,56.5,-19.));
#15595=CARTESIAN_POINT('',(0.,56.5,-19.));
#15596=CARTESIAN_POINT('',(7.5,60.,-19.));
#15597=CARTESIAN_POINT('',(7.5,60.,-19.));
#15598=CARTESIAN_POINT('',(30.5,60.,-19.));
#15599=CARTESIAN_POINT('',(30.5,60.,-19.));
#15600=CARTESIAN_POINT('',(30.5,56.5,-19.));
#15601=CARTESIAN_POINT('',(30.5,60.,-19.));
#15602=CARTESIAN_POINT('',(30.5,56.5,-19.));
#15603=CARTESIAN_POINT('Origin',(154.0204,10.,-9.));
#15604=CARTESIAN_POINT('',(38.,0.,-9.));
#15605=CARTESIAN_POINT('Origin',(11.,0.,-19.));
#15606=CARTESIAN_POINT('Origin',(0.,56.5,-19.));
#15607=CARTESIAN_POINT('',(6.828427124746,56.5,11.5));
#15608=CARTESIAN_POINT('',(8.5,56.5,15.));
#15609=CARTESIAN_POINT('Origin',(4.,56.5,15.));
#15610=CARTESIAN_POINT('',(8.5,56.5,18.00083333333));
#15611=CARTESIAN_POINT('',(8.5,56.5,15.));
#15612=CARTESIAN_POINT('',(17.59166666667,56.5,18.00083333333));
#15613=CARTESIAN_POINT('',(8.5,56.5,18.00083333333));
#15614=CARTESIAN_POINT('',(11.09083333333,56.5,11.5));
#15615=CARTESIAN_POINT('',(17.59166666667,56.5,18.00083333333));
#15616=CARTESIAN_POINT('',(11.09083333333,56.5,11.5));
#15617=CARTESIAN_POINT('Origin',(0.,56.5,-19.));
#15618=CARTESIAN_POINT('',(20.40833333333,56.5,18.00083333333));
#15619=CARTESIAN_POINT('',(29.5,56.5,18.00083333333));
#15620=CARTESIAN_POINT('',(20.40833333333,56.5,18.00083333333));
#15621=CARTESIAN_POINT('',(29.5,56.5,15.));
#15622=CARTESIAN_POINT('',(29.5,56.5,18.00083333333));
#15623=CARTESIAN_POINT('',(30.5,56.5,12.17157287525));
#15624=CARTESIAN_POINT('Origin',(34.,56.5,15.));
#15625=CARTESIAN_POINT('',(28.3525,56.5,10.05666666667));
#15626=CARTESIAN_POINT('',(30.5,56.5,12.17157287525));
#15627=CARTESIAN_POINT('',(28.3525,56.5,10.05666666667));
#15628=CARTESIAN_POINT('Origin',(0.,56.5,-19.));
#15629=CARTESIAN_POINT('',(29.5,56.5,-18.00083333333));
#15630=CARTESIAN_POINT('',(20.40833333333,56.5,-18.00083333333));
#15631=CARTESIAN_POINT('',(29.5,56.5,-18.00083333333));
#15632=CARTESIAN_POINT('',(28.3525,56.5,-10.05666666667));
#15633=CARTESIAN_POINT('',(20.40833333333,56.5,-18.00083333333));
#15634=CARTESIAN_POINT('',(30.55766408245,56.5,-12.26183074911));
#15635=CARTESIAN_POINT('',(28.3525,56.5,-10.05666666667));
#15636=CARTESIAN_POINT('',(29.5,56.5,-15.25));
#15637=CARTESIAN_POINT('Origin',(34.25,56.5,-15.25));
#15638=CARTESIAN_POINT('',(29.5,56.5,-15.25));
#15639=CARTESIAN_POINT('Origin',(0.,56.5,-19.));
#15640=CARTESIAN_POINT('',(37.,56.5,10.5));
#15641=CARTESIAN_POINT('',(37.,56.5,4.999166666666));
#15642=CARTESIAN_POINT('',(37.,56.5,10.5));
#15643=CARTESIAN_POINT('',(33.41,56.5,4.999166666666));
#15644=CARTESIAN_POINT('',(37.,56.5,4.999166666666));
#15645=CARTESIAN_POINT('',(29.05666666667,56.5,9.3525));
#15646=CARTESIAN_POINT('',(33.41,56.5,4.999166666666));
#15647=CARTESIAN_POINT('',(31.18964166171,56.5,11.48547499505));
#15648=CARTESIAN_POINT('',(29.05666666667,56.5,9.3525));
#15649=CARTESIAN_POINT('',(34.,56.5,10.5));
#15650=CARTESIAN_POINT('Origin',(34.,56.5,15.));
#15651=CARTESIAN_POINT('',(34.,56.5,10.5));
#15652=CARTESIAN_POINT('Origin',(0.,56.5,-19.));
#15653=CARTESIAN_POINT('',(37.,56.5,-4.999166666666));
#15654=CARTESIAN_POINT('',(37.,56.5,-10.5));
#15655=CARTESIAN_POINT('',(37.,56.5,-4.999166666666));
#15656=CARTESIAN_POINT('',(34.25,56.5,-10.5));
#15657=CARTESIAN_POINT('',(37.,56.5,-10.5));
#15658=CARTESIAN_POINT('',(31.26183074911,56.5,-11.55766408245));
#15659=CARTESIAN_POINT('Origin',(34.25,56.5,-15.25));
#15660=CARTESIAN_POINT('',(29.05666666667,56.5,-9.3525));
#15661=CARTESIAN_POINT('',(31.26183074911,56.5,-11.55766408245));
#15662=CARTESIAN_POINT('',(33.41,56.5,-4.999166666666));
#15663=CARTESIAN_POINT('',(29.05666666667,56.5,-9.3525));
#15664=CARTESIAN_POINT('',(33.41,56.5,-4.999166666666));
#15665=CARTESIAN_POINT('Origin',(0.,56.5,-19.));
#15666=CARTESIAN_POINT('',(0.9991666666676,56.5,1.408333333334));
#15667=CARTESIAN_POINT('',(0.9991666666676,56.5,3.498333333334));
#15668=CARTESIAN_POINT('',(0.9991666666676,56.5,1.408333333334));
#15669=CARTESIAN_POINT('',(3.089166666668,56.5,3.498333333334));
#15670=CARTESIAN_POINT('',(0.9991666666676,56.5,3.498333333334));
#15671=CARTESIAN_POINT('',(3.089166666668,56.5,3.498333333334));
#15672=CARTESIAN_POINT('Origin',(0.,56.5,-19.));
#15673=CARTESIAN_POINT('',(28.3525,56.5,-8.648333333333));
#15674=CARTESIAN_POINT('',(24.70333333333,56.5,-4.999166666666));
#15675=CARTESIAN_POINT('',(28.3525,56.5,-8.648333333333));
#15676=CARTESIAN_POINT('',(32.00166666667,56.5,-4.999166666666));
#15677=CARTESIAN_POINT('',(24.70333333333,56.5,-4.999166666666));
#15678=CARTESIAN_POINT('',(32.00166666667,56.5,-4.999166666666));
#15679=CARTESIAN_POINT('Origin',(0.,56.5,-19.));
#15680=CARTESIAN_POINT('',(32.00166666667,56.5,4.999166666666));
#15681=CARTESIAN_POINT('',(24.70333333333,56.5,4.999166666666));
#15682=CARTESIAN_POINT('',(32.00166666667,56.5,4.999166666666));
#15683=CARTESIAN_POINT('',(28.3525,56.5,8.648333333333));
#15684=CARTESIAN_POINT('',(24.70333333333,56.5,4.999166666666));
#15685=CARTESIAN_POINT('',(28.3525,56.5,8.648333333333));
#15686=CARTESIAN_POINT('Origin',(0.,56.5,-19.));
#15687=CARTESIAN_POINT('',(22.005,56.5,-2.300833333332));
#15688=CARTESIAN_POINT('',(19.70416666667,56.5,-3.19744231092E-14));
#15689=CARTESIAN_POINT('',(22.005,56.5,-2.300833333332));
#15690=CARTESIAN_POINT('',(22.005,56.5,2.300833333332));
#15691=CARTESIAN_POINT('',(19.70416666667,56.5,-3.212245284582E-14));
#15692=CARTESIAN_POINT('',(22.005,56.5,2.300833333332));
#15693=CARTESIAN_POINT('Origin',(0.,56.5,-19.));
#15694=CARTESIAN_POINT('',(4.,56.5,11.5));
#15695=CARTESIAN_POINT('',(0.,56.5,11.5));
#15696=CARTESIAN_POINT('',(4.,56.5,11.5));
#15697=CARTESIAN_POINT('',(0.,56.5,11.5));
#15698=CARTESIAN_POINT('',(7.5,56.5,15.));
#15699=CARTESIAN_POINT('',(7.5,56.5,19.));
#15700=CARTESIAN_POINT('Origin',(4.,56.5,15.));
#15701=CARTESIAN_POINT('',(2.25,56.5,15.));
#15702=CARTESIAN_POINT('Origin',(3.5,56.5,15.));
#15703=CARTESIAN_POINT('Origin',(0.,56.5,-19.));
#15704=CARTESIAN_POINT('',(7.5,56.5,-15.));
#15705=CARTESIAN_POINT('',(7.5,56.5,-15.));
#15706=CARTESIAN_POINT('',(0.,56.5,-11.5));
#15707=CARTESIAN_POINT('',(0.,56.5,-11.5));
#15708=CARTESIAN_POINT('',(4.,56.5,-11.5));
#15709=CARTESIAN_POINT('',(0.,56.5,-11.5));
#15710=CARTESIAN_POINT('Origin',(4.,56.5,-15.));
#15711=CARTESIAN_POINT('',(2.25,56.5,-15.5));
#15712=CARTESIAN_POINT('Origin',(3.5,56.5,-15.5));
#15713=CARTESIAN_POINT('Origin',(0.,56.5,-19.));
#15714=CARTESIAN_POINT('',(34.25,56.5,-11.5));
#15715=CARTESIAN_POINT('',(34.25,56.5,-11.5));
#15716=CARTESIAN_POINT('',(30.5,56.5,-15.25));
#15717=CARTESIAN_POINT('',(30.5,56.5,-19.));
#15718=CARTESIAN_POINT('Origin',(34.25,56.5,-15.25));
#15719=CARTESIAN_POINT('',(33.25,56.5,-15.5));
#15720=CARTESIAN_POINT('Origin',(34.5,56.5,-15.5));
#15721=CARTESIAN_POINT('Origin',(0.,56.5,-19.));
#15722=CARTESIAN_POINT('',(30.5,56.5,15.));
#15723=CARTESIAN_POINT('',(30.5,56.5,15.));
#15724=CARTESIAN_POINT('',(34.,56.5,11.5));
#15725=CARTESIAN_POINT('',(38.,56.5,11.5));
#15726=CARTESIAN_POINT('Origin',(34.,56.5,15.));
#15727=CARTESIAN_POINT('',(33.25,56.5,15.));
#15728=CARTESIAN_POINT('Origin',(34.5,56.5,15.));
#15729=CARTESIAN_POINT('Origin',(0.,56.5,-19.));
#15730=CARTESIAN_POINT('',(19.,56.5,11.));
#15731=CARTESIAN_POINT('',(11.99916666667,56.5,11.));
#15732=CARTESIAN_POINT('',(19.0000005826,56.5,11.));
#15733=CARTESIAN_POINT('',(19.,56.5,18.00083333333));
#15734=CARTESIAN_POINT('',(11.99916666667,56.5,11.));
#15735=CARTESIAN_POINT('',(27.64833333333,56.5,9.3525));
#15736=CARTESIAN_POINT('',(19.,56.5,18.00083333333));
#15737=CARTESIAN_POINT('',(23.295,56.5,4.999166666666));
#15738=CARTESIAN_POINT('',(27.64833333333,56.5,9.3525));
#15739=CARTESIAN_POINT('',(22.005,56.5,4.99916666700844));
#15740=CARTESIAN_POINT('',(11.6475,56.5,4.999166666666));
#15741=CARTESIAN_POINT('',(22.005,56.5,3.709166666666));
#15742=CARTESIAN_POINT('',(22.005,56.5,4.999443371943));
#15743=CARTESIAN_POINT('',(19.,56.5,0.7041666666667));
#15744=CARTESIAN_POINT('',(22.005,56.5,3.709166666666));
#15745=CARTESIAN_POINT('',(14.70416666667,56.5,5.));
#15746=CARTESIAN_POINT('',(19.,56.5,0.7041666666667));
#15747=CARTESIAN_POINT('',(18.9999999883663,56.4999999972537,5.));
#15748=CARTESIAN_POINT('',(18.99999990843,56.5,5.));
#15749=CARTESIAN_POINT('Origin',(19.,56.5,8.));
#15750=CARTESIAN_POINT('Origin',(0.,56.5,-19.));
#15751=CARTESIAN_POINT('',(0.9991666666676,56.5,-5.));
#15752=CARTESIAN_POINT('',(4.590833333334,56.5,-5.));
#15753=CARTESIAN_POINT('',(0.9991666666676,56.5,-5.));
#15754=CARTESIAN_POINT('',(0.9991666666676,56.5,-1.408333333334));
#15755=CARTESIAN_POINT('',(0.9991666666676,56.5,-5.));
#15756=CARTESIAN_POINT('',(0.9991666666676,56.5,-1.408333333334));
#15757=CARTESIAN_POINT('Origin',(0.,56.5,-19.));
#15758=CARTESIAN_POINT('',(5.999166666667,56.5,-5.));
#15759=CARTESIAN_POINT('',(13.29583333333,56.5,-5.));
#15760=CARTESIAN_POINT('',(5.999166666667,56.5,-5.));
#15761=CARTESIAN_POINT('',(0.9991666666676,56.5,-8.524662457413E-14));
#15762=CARTESIAN_POINT('',(5.999166666667,56.5,-5.));
#15763=CARTESIAN_POINT('',(4.497500000001,56.5,3.498333333334));
#15764=CARTESIAN_POINT('',(0.9991666666676,56.5,-8.524662457413E-14));
#15765=CARTESIAN_POINT('',(10.99833333333,56.5,3.498333333334));
#15766=CARTESIAN_POINT('',(4.497500000001,56.5,3.498333333334));
#15767=CARTESIAN_POINT('',(10.99833333333,56.5,5.));
#15768=CARTESIAN_POINT('',(10.99833333333,56.5,3.498333333334));
#15769=CARTESIAN_POINT('',(13.29583333333,56.5,5.));
#15770=CARTESIAN_POINT('',(13.29583333333,56.5,5.));
#15771=CARTESIAN_POINT('',(18.29583333333,56.5,-7.401486830834E-14));
#15772=CARTESIAN_POINT('',(13.29583333333,56.5,5.));
#15773=CARTESIAN_POINT('',(18.29583333333,56.5,-7.401486830834E-14));
#15774=CARTESIAN_POINT('Origin',(0.,56.5,-19.));
#15775=CARTESIAN_POINT('',(6.061552812809,56.5,-11.));
#15776=CARTESIAN_POINT('',(7.295833333333,56.5,-11.));
#15777=CARTESIAN_POINT('',(6.061552812809,56.5,-11.));
#15778=CARTESIAN_POINT('',(6.810358338285,56.5,-11.48547499505));
#15779=CARTESIAN_POINT('',(7.295833333333,56.5,-11.));
#15780=CARTESIAN_POINT('Origin',(4.,56.5,-15.));
#15781=CARTESIAN_POINT('Origin',(0.,56.5,-19.));
#15782=CARTESIAN_POINT('',(8.704166666667,56.5,-11.));
#15783=CARTESIAN_POINT('',(10.59083333333,56.5,-11.));
#15784=CARTESIAN_POINT('',(8.704166666667,56.5,-11.));
#15785=CARTESIAN_POINT('',(17.59166666667,56.5,-18.00083333333));
#15786=CARTESIAN_POINT('',(10.59083333333,56.5,-11.));
#15787=CARTESIAN_POINT('',(8.5,56.5,-18.00083333333));
#15788=CARTESIAN_POINT('',(17.59166666667,56.5,-18.00083333333));
#15789=CARTESIAN_POINT('',(8.5,56.5,-15.));
#15790=CARTESIAN_POINT('',(8.5,56.5,-18.00083333333));
#15791=CARTESIAN_POINT('',(7.514525004952,56.5,-12.18964166172));
#15792=CARTESIAN_POINT('Origin',(4.,56.5,-15.));
#15793=CARTESIAN_POINT('',(7.514525004952,56.5,-12.18964166172));
#15794=CARTESIAN_POINT('Origin',(0.,56.5,-19.));
#15795=CARTESIAN_POINT('',(19.,56.5,-11.));
#15796=CARTESIAN_POINT('',(19.,56.5,-5.));
#15797=CARTESIAN_POINT('Origin',(19.,56.5,-8.));
#15798=CARTESIAN_POINT('',(14.70416666667,56.5,-5.));
#15799=CARTESIAN_POINT('',(14.70416666667,56.5,-5.));
#15800=CARTESIAN_POINT('',(19.,56.5,-0.7041666666668));
#15801=CARTESIAN_POINT('',(14.70416666667,56.5,-5.));
#15802=CARTESIAN_POINT('',(22.005,56.5,-3.709166666666));
#15803=CARTESIAN_POINT('',(19.,56.5,-0.7041666666668));
#15804=CARTESIAN_POINT('',(22.005,56.5,-4.99916666700844));
#15805=CARTESIAN_POINT('',(22.005,56.5,-3.709166666666));
#15806=CARTESIAN_POINT('',(23.295,56.5,-4.999166666666));
#15807=CARTESIAN_POINT('',(11.0025,56.5,-4.999166666666));
#15808=CARTESIAN_POINT('',(27.64833333333,56.5,-9.3525));
#15809=CARTESIAN_POINT('',(23.295,56.5,-4.999166666666));
#15810=CARTESIAN_POINT('',(19.,56.5,-18.00083333333));
#15811=CARTESIAN_POINT('',(27.64833333333,56.5,-9.3525));
#15812=CARTESIAN_POINT('',(11.99916666667,56.5,-11.));
#15813=CARTESIAN_POINT('',(19.,56.5,-18.00083333333));
#15814=CARTESIAN_POINT('',(11.99916666667,56.5,-11.));
#15815=CARTESIAN_POINT('Origin',(4.,60.,15.));
#15816=CARTESIAN_POINT('',(8.5,60.,15.));
#15817=CARTESIAN_POINT('',(6.828427124746,60.,11.5));
#15818=CARTESIAN_POINT('Origin',(4.,60.,15.));
#15819=CARTESIAN_POINT('',(8.5,60.,15.));
#15820=CARTESIAN_POINT('',(6.828427124746,60.,11.5));
#15821=CARTESIAN_POINT('Origin',(38.,60.,-19.));
#15822=CARTESIAN_POINT('',(0.,60.,11.5));
#15823=CARTESIAN_POINT('',(4.,60.,11.5));
#15824=CARTESIAN_POINT('',(0.,60.,11.5));
#15825=CARTESIAN_POINT('',(7.5,60.,15.));
#15826=CARTESIAN_POINT('Origin',(4.,60.,15.));
#15827=CARTESIAN_POINT('',(7.5,60.,19.));
#15828=CARTESIAN_POINT('',(30.5,60.,15.));
#15829=CARTESIAN_POINT('',(30.5,60.,19.));
#15830=CARTESIAN_POINT('',(34.,60.,11.5));
#15831=CARTESIAN_POINT('Origin',(34.,60.,15.));
#15832=CARTESIAN_POINT('',(38.,60.,11.5));
#15833=CARTESIAN_POINT('',(34.25,60.,-11.5));
#15834=CARTESIAN_POINT('',(38.,60.,-11.5));
#15835=CARTESIAN_POINT('',(30.5,60.,-15.25));
#15836=CARTESIAN_POINT('Origin',(34.25,60.,-15.25));
#15837=CARTESIAN_POINT('',(30.5,60.,-15.25));
#15838=CARTESIAN_POINT('',(7.5,60.,-15.));
#15839=CARTESIAN_POINT('',(7.5,60.,-19.));
#15840=CARTESIAN_POINT('',(4.,60.,-11.5));
#15841=CARTESIAN_POINT('Origin',(4.,60.,-15.));
#15842=CARTESIAN_POINT('',(0.,60.,-11.5));
#15843=CARTESIAN_POINT('',(4.,60.,-11.5));
#15844=CARTESIAN_POINT('',(0.,60.,-11.5));
#15845=CARTESIAN_POINT('',(11.09083333333,60.,11.5));
#15846=CARTESIAN_POINT('',(6.828427124746,60.,11.5));
#15847=CARTESIAN_POINT('',(17.59166666667,60.,18.00083333333));
#15848=CARTESIAN_POINT('',(17.59166666667,60.,18.00083333333));
#15849=CARTESIAN_POINT('',(8.5,60.,18.00083333333));
#15850=CARTESIAN_POINT('',(8.5,60.,18.00083333333));
#15851=CARTESIAN_POINT('',(8.5,60.,15.));
#15852=CARTESIAN_POINT('',(20.40833333333,60.,18.00083333333));
#15853=CARTESIAN_POINT('',(29.5,60.,18.00083333333));
#15854=CARTESIAN_POINT('',(20.40833333333,60.,18.00083333333));
#15855=CARTESIAN_POINT('',(28.3525,60.,10.05666666667));
#15856=CARTESIAN_POINT('',(28.3525,60.,10.05666666667));
#15857=CARTESIAN_POINT('',(30.5,60.,12.17157287525));
#15858=CARTESIAN_POINT('',(30.5,60.,12.17157287525));
#15859=CARTESIAN_POINT('',(29.5,60.,15.));
#15860=CARTESIAN_POINT('Origin',(34.,60.,15.));
#15861=CARTESIAN_POINT('',(29.5,60.,18.00083333333));
#15862=CARTESIAN_POINT('',(29.5,60.,-18.00083333333));
#15863=CARTESIAN_POINT('',(20.40833333333,60.,-18.00083333333));
#15864=CARTESIAN_POINT('',(29.5,60.,-18.00083333333));
#15865=CARTESIAN_POINT('',(29.5,60.,-15.25));
#15866=CARTESIAN_POINT('',(29.5,60.,-15.25));
#15867=CARTESIAN_POINT('',(30.55766408245,60.,-12.26183074911));
#15868=CARTESIAN_POINT('Origin',(34.25,60.,-15.25));
#15869=CARTESIAN_POINT('',(28.3525,60.,-10.05666666667));
#15870=CARTESIAN_POINT('',(30.55766408245,60.,-12.26183074911));
#15871=CARTESIAN_POINT('',(20.40833333333,60.,-18.00083333333));
#15872=CARTESIAN_POINT('',(17.59166666667,60.,-18.00083333333));
#15873=CARTESIAN_POINT('',(8.5,60.,-18.00083333333));
#15874=CARTESIAN_POINT('',(17.59166666667,60.,-18.00083333333));
#15875=CARTESIAN_POINT('',(9.6475,60.,-10.05666666667));
#15876=CARTESIAN_POINT('',(9.6475,60.,-10.05666666667));
#15877=CARTESIAN_POINT('',(7.514525004952,60.,-12.18964166172));
#15878=CARTESIAN_POINT('',(9.6475,60.,-10.05666666667));
#15879=CARTESIAN_POINT('',(8.5,60.,-15.));
#15880=CARTESIAN_POINT('Origin',(4.,60.,-15.));
#15881=CARTESIAN_POINT('',(8.5,60.,-18.00083333333));
#15882=CARTESIAN_POINT('',(37.,60.,10.5));
#15883=CARTESIAN_POINT('',(37.,60.,4.999166666666));
#15884=CARTESIAN_POINT('',(37.,60.,10.5));
#15885=CARTESIAN_POINT('',(34.,60.,10.5));
#15886=CARTESIAN_POINT('',(34.,60.,10.5));
#15887=CARTESIAN_POINT('',(31.18964166171,60.,11.48547499505));
#15888=CARTESIAN_POINT('Origin',(34.,60.,15.));
#15889=CARTESIAN_POINT('',(29.05666666667,60.,9.3525));
#15890=CARTESIAN_POINT('',(31.18964166171,60.,11.48547499505));
#15891=CARTESIAN_POINT('',(33.41,60.,4.999166666666));
#15892=CARTESIAN_POINT('',(33.41,60.,4.999166666666));
#15893=CARTESIAN_POINT('',(37.,60.,4.999166666666));
#15894=CARTESIAN_POINT('',(37.,60.,-4.999166666666));
#15895=CARTESIAN_POINT('',(37.,60.,-10.5));
#15896=CARTESIAN_POINT('',(37.,60.,-4.999166666666));
#15897=CARTESIAN_POINT('',(33.41,60.,-4.999166666666));
#15898=CARTESIAN_POINT('',(33.41,60.,-4.999166666666));
#15899=CARTESIAN_POINT('',(29.05666666667,60.,-9.3525));
#15900=CARTESIAN_POINT('',(29.05666666667,60.,-9.3525));
#15901=CARTESIAN_POINT('',(31.26183074911,60.,-11.55766408245));
#15902=CARTESIAN_POINT('',(29.05666666667,60.,-9.3525));
#15903=CARTESIAN_POINT('',(34.25,60.,-10.5));
#15904=CARTESIAN_POINT('Origin',(34.25,60.,-15.25));
#15905=CARTESIAN_POINT('',(37.,60.,-10.5));
#15906=CARTESIAN_POINT('',(0.9991666666676,60.,-10.5));
#15907=CARTESIAN_POINT('',(0.9991666666676,60.,-1.408333333334));
#15908=CARTESIAN_POINT('',(0.9991666666676,60.,-10.5));
#15909=CARTESIAN_POINT('',(4.,60.,-10.5));
#15910=CARTESIAN_POINT('',(4.,60.,-10.5));
#15911=CARTESIAN_POINT('',(6.810358338285,60.,-11.48547499505));
#15912=CARTESIAN_POINT('Origin',(4.,60.,-15.));
#15913=CARTESIAN_POINT('',(8.943333333334,60.,-9.3525));
#15914=CARTESIAN_POINT('',(6.810358338285,60.,-11.48547499505));
#15915=CARTESIAN_POINT('',(0.9991666666676,60.,-1.408333333334));
#15916=CARTESIAN_POINT('',(0.9991666666676,60.,1.408333333334));
#15917=CARTESIAN_POINT('',(0.9991666666676,60.,3.498333333334));
#15918=CARTESIAN_POINT('',(0.9991666666676,60.,1.408333333334));
#15919=CARTESIAN_POINT('',(3.089166666668,60.,3.498333333334));
#15920=CARTESIAN_POINT('',(3.089166666668,60.,3.498333333334));
#15921=CARTESIAN_POINT('',(0.9991666666676,60.,3.498333333334));
#15922=CARTESIAN_POINT('',(19.,60.,18.00083333333));
#15923=CARTESIAN_POINT('',(27.64833333333,60.,9.3525));
#15924=CARTESIAN_POINT('',(19.,60.,18.00083333333));
#15925=CARTESIAN_POINT('',(10.99833333333,60.,9.999166666666));
#15926=CARTESIAN_POINT('',(10.99833333333,60.,9.999166666666));
#15927=CARTESIAN_POINT('',(10.99833333333,60.,8.705833333333));
#15928=CARTESIAN_POINT('',(10.99833333333,60.,8.705833333333));
#15929=CARTESIAN_POINT('',(19.,60.,0.7041666666667));
#15930=CARTESIAN_POINT('',(19.,60.,0.7041666666667));
#15931=CARTESIAN_POINT('',(22.005,60.,3.709166666666));
#15932=CARTESIAN_POINT('',(22.005,60.,3.709166666666));
#15933=CARTESIAN_POINT('',(22.005,60.,4.999166666666));
#15934=CARTESIAN_POINT('',(22.005,60.,4.999166666666));
#15935=CARTESIAN_POINT('',(23.295,60.,4.999166666666));
#15936=CARTESIAN_POINT('',(23.295,60.,4.999166666666));
#15937=CARTESIAN_POINT('',(27.64833333333,60.,9.3525));
#15938=CARTESIAN_POINT('',(4.497500000001,60.,3.498333333334));
#15939=CARTESIAN_POINT('',(10.99833333333,60.,3.498333333334));
#15940=CARTESIAN_POINT('',(4.497500000001,60.,3.498333333334));
#15941=CARTESIAN_POINT('',(0.9991666666676,60.,-8.704148513061E-14));
#15942=CARTESIAN_POINT('',(0.9991666666676,60.,-8.63115181647E-14));
#15943=CARTESIAN_POINT('',(9.6475,60.,-8.648333333333));
#15944=CARTESIAN_POINT('',(9.6475,60.,-8.648333333333));
#15945=CARTESIAN_POINT('',(18.29583333333,60.,-7.283063041541E-14));
#15946=CARTESIAN_POINT('',(18.29583333333,60.,-7.268260067879E-14));
#15947=CARTESIAN_POINT('',(10.99833333333,60.,7.297499999999));
#15948=CARTESIAN_POINT('',(10.99833333333,60.,7.297499999999));
#15949=CARTESIAN_POINT('',(10.99833333333,60.,3.498333333334));
#15950=CARTESIAN_POINT('',(10.35166666667,60.,-9.3525));
#15951=CARTESIAN_POINT('',(19.,60.,-0.7041666666668));
#15952=CARTESIAN_POINT('',(10.35166666667,60.,-9.3525));
#15953=CARTESIAN_POINT('',(19.,60.,-18.00083333333));
#15954=CARTESIAN_POINT('',(19.,60.,-18.00083333333));
#15955=CARTESIAN_POINT('',(27.64833333333,60.,-9.3525));
#15956=CARTESIAN_POINT('',(27.64833333333,60.,-9.3525));
#15957=CARTESIAN_POINT('',(23.295,60.,-4.999166666666));
#15958=CARTESIAN_POINT('',(23.295,60.,-4.999166666666));
#15959=CARTESIAN_POINT('',(22.005,60.,-4.999166666666));
#15960=CARTESIAN_POINT('',(22.005,60.,-4.999166666666));
#15961=CARTESIAN_POINT('',(22.005,60.,-3.709166666666));
#15962=CARTESIAN_POINT('',(22.005,60.,-3.709166666666));
#15963=CARTESIAN_POINT('',(19.,60.,-0.7041666666668));
#15964=CARTESIAN_POINT('',(28.3525,60.,-8.648333333333));
#15965=CARTESIAN_POINT('',(24.70333333333,60.,-4.999166666666));
#15966=CARTESIAN_POINT('',(28.3525,60.,-8.648333333333));
#15967=CARTESIAN_POINT('',(32.00166666667,60.,-4.999166666666));
#15968=CARTESIAN_POINT('',(32.00166666667,60.,-4.999166666666));
#15969=CARTESIAN_POINT('',(24.70333333333,60.,-4.999166666666));
#15970=CARTESIAN_POINT('',(32.00166666667,60.,4.999166666666));
#15971=CARTESIAN_POINT('',(24.70333333333,60.,4.999166666666));
#15972=CARTESIAN_POINT('',(32.00166666667,60.,4.999166666666));
#15973=CARTESIAN_POINT('',(28.3525,60.,8.648333333333));
#15974=CARTESIAN_POINT('',(28.3525,60.,8.648333333333));
#15975=CARTESIAN_POINT('',(24.70333333333,60.,4.999166666666));
#15976=CARTESIAN_POINT('',(22.005,60.,-2.300833333332));
#15977=CARTESIAN_POINT('',(19.70416666667,60.,-3.153033389935E-14));
#15978=CARTESIAN_POINT('',(22.005,60.,-2.300833333332));
#15979=CARTESIAN_POINT('',(22.005,60.,2.300833333332));
#15980=CARTESIAN_POINT('',(22.005,60.,2.300833333332));
#15981=CARTESIAN_POINT('',(19.70416666667,60.,-3.153033389935E-14));
#15982=CARTESIAN_POINT('',(22.505,60.,-4.499166666666));
#15983=CARTESIAN_POINT('',(22.505,60.,4.500833333334));
#15984=CARTESIAN_POINT('',(22.505,60.,-4.499166666666));
#15985=CARTESIAN_POINT('',(23.505,60.,-4.499166666666));
#15986=CARTESIAN_POINT('',(23.505,60.,-4.499166666666));
#15987=CARTESIAN_POINT('',(23.505,60.,4.500833333334));
#15988=CARTESIAN_POINT('',(23.505,60.,4.500833333334));
#15989=CARTESIAN_POINT('',(22.505,60.,4.500833333334));
#15990=CARTESIAN_POINT('',(29.5,60.,3.06161699786838E-16));
#15991=CARTESIAN_POINT('Origin',(32.,60.,0.));
#15992=CARTESIAN_POINT('Origin',(38.,60.,-19.));
#15993=CARTESIAN_POINT('',(30.25,60.,2.14313189850787E-16));
#15994=CARTESIAN_POINT('Origin',(32.,60.,0.));
#15995=CARTESIAN_POINT('Origin',(4.,60.,11.5));
#15996=CARTESIAN_POINT('',(0.,60.,11.5));
#15997=CARTESIAN_POINT('',(4.,60.,11.5));
#15998=CARTESIAN_POINT('Origin',(4.,60.,15.));
#15999=CARTESIAN_POINT('',(7.5,60.,15.));
#16000=CARTESIAN_POINT('Origin',(7.5,60.,19.));
#16001=CARTESIAN_POINT('Origin',(0.,60.,-19.));
#16002=CARTESIAN_POINT('',(0.,60.,-11.5));
#16003=CARTESIAN_POINT('',(0.,53.5,8.));
#16004=CARTESIAN_POINT('Origin',(0.,56.5,8.));
#16005=CARTESIAN_POINT('',(0.,53.5,-8.));
#16006=CARTESIAN_POINT('Origin',(0.,56.5,-8.));
#16007=CARTESIAN_POINT('Origin',(0.,60.,-19.));
#16008=CARTESIAN_POINT('',(0.,54.5,8.));
#16009=CARTESIAN_POINT('Origin',(0.,56.5,8.));
#16010=CARTESIAN_POINT('Origin',(0.,60.,-19.));
#16011=CARTESIAN_POINT('',(0.,54.5,-8.));
#16012=CARTESIAN_POINT('Origin',(0.,56.5,-8.));
#16013=CARTESIAN_POINT('Origin',(0.,60.,-11.5));
#16014=CARTESIAN_POINT('',(4.,60.,-11.5));
#16015=CARTESIAN_POINT('Origin',(4.,60.,-15.));
#16016=CARTESIAN_POINT('',(7.5,60.,-15.));
#16017=CARTESIAN_POINT('Origin',(7.5,60.,-15.));
#16018=CARTESIAN_POINT('Origin',(0.,56.5,8.));
#16019=CARTESIAN_POINT('',(-12.,54.5,8.));
#16020=CARTESIAN_POINT('',(0.,54.5,8.));
#16021=CARTESIAN_POINT('Origin',(-12.,56.5,8.));
#16022=CARTESIAN_POINT('Origin',(-12.,56.5,8.));
#16023=CARTESIAN_POINT('',(-12.,59.5,8.));
#16024=CARTESIAN_POINT('Origin',(-12.,56.5,8.));
#16025=CARTESIAN_POINT('Origin',(-9.5,56.5,8.));
#16026=CARTESIAN_POINT('',(-7.,60.,8.));
#16027=CARTESIAN_POINT('Origin',(-7.,56.5,8.));
#16028=CARTESIAN_POINT('',(-9.5,59.75,8.));
#16029=CARTESIAN_POINT('Origin',(-7.,56.5,8.));
#16030=CARTESIAN_POINT('',(-7.,53.5,8.));
#16031=CARTESIAN_POINT('Origin',(-7.,56.5,8.));
#16032=CARTESIAN_POINT('Origin',(0.,56.5,8.));
#16033=CARTESIAN_POINT('',(0.,53.5,8.));
#16034=CARTESIAN_POINT('Origin',(0.,56.5,-8.));
#16035=CARTESIAN_POINT('',(-12.,54.5,-8.));
#16036=CARTESIAN_POINT('Origin',(-12.,56.5,-8.));
#16037=CARTESIAN_POINT('',(0.,54.5,-8.));
#16038=CARTESIAN_POINT('Origin',(-12.,56.5,-8.));
#16039=CARTESIAN_POINT('',(-12.,53.5,-8.));
#16040=CARTESIAN_POINT('Origin',(-12.,56.5,-8.));
#16041=CARTESIAN_POINT('Origin',(-9.5,56.5,-8.));
#16042=CARTESIAN_POINT('',(-7.,53.,-8.));
#16043=CARTESIAN_POINT('Origin',(-7.,56.5,-8.));
#16044=CARTESIAN_POINT('',(-9.5,53.25,-8.));
#16045=CARTESIAN_POINT('Origin',(-7.,56.5,-8.));
#16046=CARTESIAN_POINT('',(-7.,53.5,-8.));
#16047=CARTESIAN_POINT('Origin',(-7.,56.5,-8.));
#16048=CARTESIAN_POINT('Origin',(0.,56.5,-8.));
#16049=CARTESIAN_POINT('',(0.,53.5,-8.));
#16050=CARTESIAN_POINT('Origin',(30.5,60.,-19.));
#16051=CARTESIAN_POINT('',(30.5,60.,-15.25));
#16052=CARTESIAN_POINT('Origin',(34.25,60.,-15.25));
#16053=CARTESIAN_POINT('',(34.25,60.,-11.5));
#16054=CARTESIAN_POINT('Origin',(34.25,60.,-11.5));
#16055=CARTESIAN_POINT('Origin',(38.,60.,11.5));
#16056=CARTESIAN_POINT('',(34.,60.,11.5));
#16057=CARTESIAN_POINT('Origin',(34.,60.,15.));
#16058=CARTESIAN_POINT('',(30.5,60.,15.));
#16059=CARTESIAN_POINT('Origin',(30.5,60.,15.));
#16060=CARTESIAN_POINT('Origin',(8.5,60.,15.));
#16061=CARTESIAN_POINT('',(8.5,60.,18.00083333333));
#16062=CARTESIAN_POINT('Origin',(8.5,60.,18.00083333333));
#16063=CARTESIAN_POINT('',(17.59166666667,60.,18.00083333333));
#16064=CARTESIAN_POINT('Origin',(17.59166666667,60.,18.00083333333));
#16065=CARTESIAN_POINT('',(11.09083333333,60.,11.5));
#16066=CARTESIAN_POINT('Origin',(11.09083333333,60.,11.5));
#16067=CARTESIAN_POINT('Origin',(20.40833333333,60.,18.00083333333));
#16068=CARTESIAN_POINT('',(29.5,60.,18.00083333333));
#16069=CARTESIAN_POINT('',(20.40833333333,60.,18.00083333333));
#16070=CARTESIAN_POINT('Origin',(28.3525,60.,10.05666666667));
#16071=CARTESIAN_POINT('',(28.3525,60.,10.05666666667));
#16072=CARTESIAN_POINT('Origin',(30.5,60.,12.17157287525));
#16073=CARTESIAN_POINT('',(30.5,60.,12.17157287525));
#16074=CARTESIAN_POINT('Origin',(34.,60.,15.));
#16075=CARTESIAN_POINT('',(29.5,60.,15.));
#16076=CARTESIAN_POINT('Origin',(29.5,60.,18.00083333333));
#16077=CARTESIAN_POINT('Origin',(29.5,60.,-18.00083333333));
#16078=CARTESIAN_POINT('',(20.40833333333,60.,-18.00083333333));
#16079=CARTESIAN_POINT('',(29.5,60.,-18.00083333333));
#16080=CARTESIAN_POINT('Origin',(29.5,60.,-15.25));
#16081=CARTESIAN_POINT('',(29.5,60.,-15.25));
#16082=CARTESIAN_POINT('Origin',(34.25,60.,-15.25));
#16083=CARTESIAN_POINT('',(30.55766408245,60.,-12.26183074911));
#16084=CARTESIAN_POINT('Origin',(28.3525,60.,-10.05666666667));
#16085=CARTESIAN_POINT('',(28.3525,60.,-10.05666666667));
#16086=CARTESIAN_POINT('Origin',(20.40833333333,60.,-18.00083333333));
#16087=CARTESIAN_POINT('Origin',(17.59166666667,60.,-18.00083333333));
#16088=CARTESIAN_POINT('',(8.5,60.,-18.00083333333));
#16089=CARTESIAN_POINT('',(17.59166666667,60.,-18.00083333333));
#16090=CARTESIAN_POINT('Origin',(9.6475,60.,-10.05666666667));
#16091=CARTESIAN_POINT('',(9.6475,58.68406094746,-10.05666666667));
#16092=CARTESIAN_POINT('Origin',(7.59083333333,56.5,-8.));
#16093=CARTESIAN_POINT('',(9.6475,60.,-10.05666666667));
#16094=CARTESIAN_POINT('Origin',(0.,56.5,-8.));
#16095=CARTESIAN_POINT('Origin',(11.704166666672,56.5,-8.));
#16096=CARTESIAN_POINT('Origin',(0.,56.5,-8.));
#16097=CARTESIAN_POINT('',(0.9991666666676,58.15831239518,-10.5));
#16098=CARTESIAN_POINT('Origin',(0.9991666666676,56.5,-8.));
#16099=CARTESIAN_POINT('',(8.943333333334,59.17782444346,-9.3525));
#16100=CARTESIAN_POINT('Origin',(7.5908333333336,56.5,-8.));
#16101=CARTESIAN_POINT('Origin',(10.295833333334,56.5,-8.));
#16102=CARTESIAN_POINT('',(4.,58.15831239518,-10.5));
#16103=CARTESIAN_POINT('Ctrl Pts',(6.06155281280883,56.5,-11.));
#16104=CARTESIAN_POINT('Ctrl Pts',(6.06155281280883,56.6388922874326,-11.));
#16105=CARTESIAN_POINT('Ctrl Pts',(6.04164462699027,56.7886543193822,-10.9895336106837));
#16106=CARTESIAN_POINT('Ctrl Pts',(5.95849898205651,57.0729551046898,-10.9482798926486));
#16107=CARTESIAN_POINT('Ctrl Pts',(5.89519784241938,57.2075153936085,-10.9177698160741));
#16108=CARTESIAN_POINT('Ctrl Pts',(5.73064019363377,57.4635930856959,-10.8448939373357));
#16109=CARTESIAN_POINT('Ctrl Pts',(5.61603214183978,57.5888027283309,-10.7978344466461));
#16110=CARTESIAN_POINT('Ctrl Pts',(5.3511757711359,57.8017692119763,-10.7053615937852));
#16111=CARTESIAN_POINT('Ctrl Pts',(5.20083754821137,57.8894420486015,-10.660012319008));
#16112=CARTESIAN_POINT('Ctrl Pts',(4.71673314417777,58.0960629079311,-10.545077949138));
#16113=CARTESIAN_POINT('Ctrl Pts',(4.34820551406765,58.1583123951777,-10.5));
#16114=CARTESIAN_POINT('Ctrl Pts',(4.,58.1583123951777,-10.5));
#16115=CARTESIAN_POINT('',(0.9991666666676,58.15831239518,-10.5));
#16116=CARTESIAN_POINT('Origin',(0.,56.5,-8.));
#16117=CARTESIAN_POINT('',(9.6475,59.42910632939,-8.648333333333));
#16118=CARTESIAN_POINT('Origin',(8.999166666667,56.5,-8.));
#16119=CARTESIAN_POINT('Origin',(10.2958333333301,56.5,-8.));
#16120=CARTESIAN_POINT('Origin',(0.,56.5,-8.));
#16121=CARTESIAN_POINT('Origin',(19.,56.5,-8.));
#16122=CARTESIAN_POINT('',(10.35166666667,59.17782444346,-9.3525));
#16123=CARTESIAN_POINT('Origin',(8.99916666667,56.5,-8.));
#16124=CARTESIAN_POINT('Origin',(11.70416666667,56.5,-8.));
#16125=CARTESIAN_POINT('Origin',(7.514525004952,60.,-12.18964166172));
#16126=CARTESIAN_POINT('',(7.514525004952,60.,-12.18964166172));
#16127=CARTESIAN_POINT('Origin',(4.,60.,-15.));
#16128=CARTESIAN_POINT('',(8.5,60.,-15.));
#16129=CARTESIAN_POINT('Origin',(8.5,60.,-18.00083333333));
#16130=CARTESIAN_POINT('Origin',(0.9991666666676,60.,-10.5));
#16131=CARTESIAN_POINT('',(0.9991666666676,60.,-10.5));
#16132=CARTESIAN_POINT('',(0.9991666666676,60.,-1.408333333334));
#16133=CARTESIAN_POINT('Origin',(0.9991666666676,60.,-1.408333333334));
#16134=CARTESIAN_POINT('',(8.943333333334,60.,-9.3525));
#16135=CARTESIAN_POINT('Origin',(8.943333333334,60.,-9.3525));
#16136=CARTESIAN_POINT('',(6.810358338285,60.,-11.48547499505));
#16137=CARTESIAN_POINT('Origin',(4.,60.,-15.));
#16138=CARTESIAN_POINT('',(4.,60.,-10.5));
#16139=CARTESIAN_POINT('Origin',(4.,60.,-10.5));
#16140=CARTESIAN_POINT('Origin',(9.6475,60.,-8.648333333333));
#16141=CARTESIAN_POINT('',(9.6475,60.,-8.648333333333));
#16142=CARTESIAN_POINT('',(0.9991666666676,60.,-8.63115181647E-14));
#16143=CARTESIAN_POINT('Origin',(0.9991666666676,60.,-8.526512829121E-14));
#16144=CARTESIAN_POINT('',(4.497500000001,60.,3.498333333334));
#16145=CARTESIAN_POINT('Origin',(4.497500000001,60.,3.498333333334));
#16146=CARTESIAN_POINT('',(10.99833333333,60.,3.498333333334));
#16147=CARTESIAN_POINT('Origin',(10.99833333333,60.,3.498333333334));
#16148=CARTESIAN_POINT('',(10.99833333333,59.41658940374,7.297499999999));
#16149=CARTESIAN_POINT('Origin',(10.99833333333,56.5,8.));
#16150=CARTESIAN_POINT('',(10.99833333333,60.,7.297499999999));
#16151=CARTESIAN_POINT('Origin',(0.,56.5,8.));
#16152=CARTESIAN_POINT('Origin',(10.295833333329,56.5,8.));
#16153=CARTESIAN_POINT('Origin',(0.,56.5,8.));
#16154=CARTESIAN_POINT('Origin',(19.,56.5,8.));
#16155=CARTESIAN_POINT('',(10.99833333333,59.41578450945,8.705833333333));
#16156=CARTESIAN_POINT('Origin',(11.7041666666667,56.5,8.));
#16157=CARTESIAN_POINT('',(10.99833333333,58.73681305408,9.999166666666));
#16158=CARTESIAN_POINT('Origin',(10.99833333333,56.5,8.));
#16159=CARTESIAN_POINT('Origin',(8.999166666664,56.5,8.));
#16160=CARTESIAN_POINT('Origin',(10.99833333333,60.,7.297499999999));
#16161=CARTESIAN_POINT('',(18.29583333333,60.,-7.268260067879E-14));
#16162=CARTESIAN_POINT('Origin',(18.29583333333,60.,-7.460698725481E-14));
#16163=CARTESIAN_POINT('Origin',(19.,56.5,8.));
#16164=CARTESIAN_POINT('Origin',(10.99833333333,60.,9.999166666666));
#16165=CARTESIAN_POINT('',(10.99833333333,60.,9.999166666666));
#16166=CARTESIAN_POINT('',(19.,60.,18.00083333333));
#16167=CARTESIAN_POINT('Origin',(19.,60.,18.00083333333));
#16168=CARTESIAN_POINT('',(27.64833333333,60.,9.3525));
#16169=CARTESIAN_POINT('Origin',(27.64833333333,60.,9.3525));
#16170=CARTESIAN_POINT('',(23.295,60.,4.999166666666));
#16171=CARTESIAN_POINT('Origin',(23.295,60.,4.999166666666));
#16172=CARTESIAN_POINT('',(22.005,60.,4.999166666666));
#16173=CARTESIAN_POINT('Origin',(22.005,60.,4.999166666666));
#16174=CARTESIAN_POINT('',(22.005,60.,3.709166666666));
#16175=CARTESIAN_POINT('Origin',(22.005,60.,3.709166666666));
#16176=CARTESIAN_POINT('',(19.,60.,0.7041666666667));
#16177=CARTESIAN_POINT('Origin',(19.,60.,0.7041666666667));
#16178=CARTESIAN_POINT('',(10.99833333333,60.,8.705833333333));
#16179=CARTESIAN_POINT('Origin',(10.99833333333,60.,8.705833333333));
#16180=CARTESIAN_POINT('Origin',(19.,56.5,-8.));
#16181=CARTESIAN_POINT('Origin',(10.35166666667,60.,-9.3525));
#16182=CARTESIAN_POINT('',(10.35166666667,60.,-9.3525));
#16183=CARTESIAN_POINT('',(19.,60.,-0.7041666666668));
#16184=CARTESIAN_POINT('Origin',(19.,60.,-0.7041666666668));
#16185=CARTESIAN_POINT('',(22.005,60.,-3.709166666666));
#16186=CARTESIAN_POINT('Origin',(22.005,60.,-3.709166666666));
#16187=CARTESIAN_POINT('',(22.005,60.,-4.999166666666));
#16188=CARTESIAN_POINT('Origin',(22.005,60.,-4.999166666666));
#16189=CARTESIAN_POINT('',(23.295,60.,-4.999166666666));
#16190=CARTESIAN_POINT('Origin',(23.295,60.,-4.999166666666));
#16191=CARTESIAN_POINT('',(27.64833333333,60.,-9.3525));
#16192=CARTESIAN_POINT('Origin',(27.64833333333,60.,-9.3525));
#16193=CARTESIAN_POINT('',(19.,60.,-18.00083333333));
#16194=CARTESIAN_POINT('Origin',(19.,60.,-18.00083333333));
#16195=CARTESIAN_POINT('Origin',(37.,60.,10.5));
#16196=CARTESIAN_POINT('',(37.,60.,4.999166666666));
#16197=CARTESIAN_POINT('',(37.,60.,10.5));
#16198=CARTESIAN_POINT('Origin',(34.,60.,10.5));
#16199=CARTESIAN_POINT('',(34.,60.,10.5));
#16200=CARTESIAN_POINT('Origin',(34.,60.,15.));
#16201=CARTESIAN_POINT('',(31.18964166171,60.,11.48547499505));
#16202=CARTESIAN_POINT('Origin',(29.05666666667,60.,9.3525));
#16203=CARTESIAN_POINT('',(29.05666666667,60.,9.3525));
#16204=CARTESIAN_POINT('Origin',(33.41,60.,4.999166666666));
#16205=CARTESIAN_POINT('',(33.41,60.,4.999166666666));
#16206=CARTESIAN_POINT('Origin',(37.,60.,4.999166666666));
#16207=CARTESIAN_POINT('Origin',(37.,60.,-4.999166666666));
#16208=CARTESIAN_POINT('',(37.,60.,-10.5));
#16209=CARTESIAN_POINT('',(37.,60.,-4.999166666666));
#16210=CARTESIAN_POINT('Origin',(33.41,60.,-4.999166666666));
#16211=CARTESIAN_POINT('',(33.41,60.,-4.999166666666));
#16212=CARTESIAN_POINT('Origin',(29.05666666667,60.,-9.3525));
#16213=CARTESIAN_POINT('',(29.05666666667,60.,-9.3525));
#16214=CARTESIAN_POINT('Origin',(31.26183074911,60.,-11.55766408245));
#16215=CARTESIAN_POINT('',(31.26183074911,60.,-11.55766408245));
#16216=CARTESIAN_POINT('Origin',(34.25,60.,-15.25));
#16217=CARTESIAN_POINT('',(34.25,60.,-10.5));
#16218=CARTESIAN_POINT('Origin',(37.,60.,-10.5));
#16219=CARTESIAN_POINT('Origin',(0.9991666666676,60.,1.408333333334));
#16220=CARTESIAN_POINT('',(0.9991666666676,60.,3.498333333334));
#16221=CARTESIAN_POINT('',(0.9991666666676,60.,1.408333333334));
#16222=CARTESIAN_POINT('Origin',(3.089166666668,60.,3.498333333334));
#16223=CARTESIAN_POINT('',(3.089166666668,60.,3.498333333334));
#16224=CARTESIAN_POINT('Origin',(0.9991666666676,60.,3.498333333334));
#16225=CARTESIAN_POINT('Origin',(28.3525,60.,-8.648333333333));
#16226=CARTESIAN_POINT('',(24.70333333333,60.,-4.999166666666));
#16227=CARTESIAN_POINT('',(28.3525,60.,-8.648333333333));
#16228=CARTESIAN_POINT('Origin',(32.00166666667,60.,-4.999166666666));
#16229=CARTESIAN_POINT('',(32.00166666667,60.,-4.999166666666));
#16230=CARTESIAN_POINT('Origin',(24.70333333333,60.,-4.999166666666));
#16231=CARTESIAN_POINT('Origin',(32.00166666667,60.,4.999166666666));
#16232=CARTESIAN_POINT('',(24.70333333333,60.,4.999166666666));
#16233=CARTESIAN_POINT('',(32.00166666667,60.,4.999166666666));
#16234=CARTESIAN_POINT('Origin',(28.3525,60.,8.648333333333));
#16235=CARTESIAN_POINT('',(28.3525,60.,8.648333333333));
#16236=CARTESIAN_POINT('Origin',(24.70333333333,60.,4.999166666666));
#16237=CARTESIAN_POINT('Origin',(22.005,60.,-2.300833333332));
#16238=CARTESIAN_POINT('',(19.70416666667,60.,-3.153033389935E-14));
#16239=CARTESIAN_POINT('',(22.005,60.,-2.300833333332));
#16240=CARTESIAN_POINT('Origin',(22.005,60.,2.300833333332));
#16241=CARTESIAN_POINT('',(22.005,60.,2.300833333332));
#16242=CARTESIAN_POINT('Origin',(19.70416666667,60.,-4.618527782441E-14));
#16243=CARTESIAN_POINT('Origin',(22.505,60.,-4.499166666666));
#16244=CARTESIAN_POINT('',(22.505,59.5,4.500833333334));
#16245=CARTESIAN_POINT('',(22.505,60.,4.500833333334));
#16246=CARTESIAN_POINT('',(22.505,59.5,-4.499166666666));
#16247=CARTESIAN_POINT('',(22.505,59.5,-4.499166666666));
#16248=CARTESIAN_POINT('',(22.505,60.,-4.499166666666));
#16249=CARTESIAN_POINT('Origin',(23.505,60.,-4.499166666666));
#16250=CARTESIAN_POINT('',(23.505,59.5,-4.499166666666));
#16251=CARTESIAN_POINT('',(23.505,59.5,-4.499166666666));
#16252=CARTESIAN_POINT('',(23.505,60.,-4.499166666666));
#16253=CARTESIAN_POINT('Origin',(23.505,60.,4.500833333334));
#16254=CARTESIAN_POINT('',(23.505,59.5,4.500833333334));
#16255=CARTESIAN_POINT('',(23.505,59.5,4.500833333334));
#16256=CARTESIAN_POINT('',(23.505,60.,4.500833333334));
#16257=CARTESIAN_POINT('Origin',(22.505,60.,4.500833333334));
#16258=CARTESIAN_POINT('',(22.505,59.5,4.500833333334));
#16259=CARTESIAN_POINT('Origin',(0.,59.5,-19.));
#16260=CARTESIAN_POINT('Origin',(32.,60.,0.));
#16261=CARTESIAN_POINT('',(29.5,61.,3.06161699786838E-16));
#16262=CARTESIAN_POINT('Origin',(32.,61.,0.));
#16263=CARTESIAN_POINT('',(29.5,60.,3.06161699786838E-16));
#16264=CARTESIAN_POINT('Origin',(0.,61.,-19.));
#16265=CARTESIAN_POINT('',(30.25,61.,2.14313189850787E-16));
#16266=CARTESIAN_POINT('Origin',(32.,61.,0.));
#16267=CARTESIAN_POINT('Origin',(32.,60.,0.));
#16268=CARTESIAN_POINT('',(30.25,60.,2.14313189850787E-16));
#16269=CARTESIAN_POINT('Origin',(3.5,47.83637043753,-15.5));
#16270=CARTESIAN_POINT('',(2.25,49.,-15.5));
#16271=CARTESIAN_POINT('Origin',(3.5,49.,-15.5));
#16272=CARTESIAN_POINT('',(2.25,47.83637043753,-15.5));
#16273=CARTESIAN_POINT('Origin',(3.5,48.66097595994,-15.5));
#16274=CARTESIAN_POINT('',(3.5,48.24892422622,-15.5));
#16275=CARTESIAN_POINT('',(2.8142307538916,48.66097595994,-15.5));
#16276=CARTESIAN_POINT('Origin',(34.5,47.83637043753,-15.5));
#16277=CARTESIAN_POINT('',(33.25,49.,-15.5));
#16278=CARTESIAN_POINT('Origin',(34.5,49.,-15.5));
#16279=CARTESIAN_POINT('',(33.25,47.83637043753,-15.5));
#16280=CARTESIAN_POINT('Origin',(34.5,48.66097595994,-15.5));
#16281=CARTESIAN_POINT('',(34.5,48.24892422622,-15.5));
#16282=CARTESIAN_POINT('',(33.8142307538916,48.66097595994,-15.5));
#16283=CARTESIAN_POINT('Origin',(3.5,47.83637043753,15.));
#16284=CARTESIAN_POINT('',(2.25,49.,15.));
#16285=CARTESIAN_POINT('Origin',(3.5,49.,15.));
#16286=CARTESIAN_POINT('',(2.25,47.83637043753,15.));
#16287=CARTESIAN_POINT('Origin',(3.5,48.66097595994,15.));
#16288=CARTESIAN_POINT('',(3.5,48.24892422622,15.));
#16289=CARTESIAN_POINT('',(2.8142307538916,48.66097595994,15.));
#16290=CARTESIAN_POINT('Origin',(34.5,47.83637043753,15.));
#16291=CARTESIAN_POINT('',(33.25,49.,15.));
#16292=CARTESIAN_POINT('Origin',(34.5,49.,15.));
#16293=CARTESIAN_POINT('',(33.25,47.83637043753,15.));
#16294=CARTESIAN_POINT('Origin',(34.5,48.66097595994,15.));
#16295=CARTESIAN_POINT('',(34.5,48.24892422622,15.));
#16296=CARTESIAN_POINT('',(33.8142307538916,48.66097595994,15.));
#16297=CARTESIAN_POINT('Origin',(29.33637043753,9.,0.));
#16298=CARTESIAN_POINT('',(30.5,10.25,1.53080849893419E-16));
#16299=CARTESIAN_POINT('Origin',(30.5,9.,0.));
#16300=CARTESIAN_POINT('',(29.33637043753,10.25,1.53080849893419E-16));
#16301=CARTESIAN_POINT('Origin',(30.16097595994,9.,0.));
#16302=CARTESIAN_POINT('',(29.74892422622,9.,0.));
#16303=CARTESIAN_POINT('',(30.16097595994,9.6857692461084,8.39825112200346E-17));
#16304=CARTESIAN_POINT('Origin',(29.33637043753,29.,0.));
#16305=CARTESIAN_POINT('',(30.5,30.25,1.53080849893419E-16));
#16306=CARTESIAN_POINT('Origin',(30.5,29.,0.));
#16307=CARTESIAN_POINT('',(29.33637043753,30.25,1.53080849893419E-16));
#16308=CARTESIAN_POINT('Origin',(30.16097595994,29.,0.));
#16309=CARTESIAN_POINT('',(29.74892422622,29.,0.));
#16310=CARTESIAN_POINT('',(30.16097595994,29.6857692461084,8.39825112200346E-17));
#16311=CARTESIAN_POINT('Origin',(-49.,18.75,0.));
#16312=CARTESIAN_POINT('',(-53.,18.75,-1.5));
#16313=CARTESIAN_POINT('',(-53.,18.9304434088727,-1.48910717418002));
#16314=CARTESIAN_POINT('Origin',(-53.,18.75,0.));
#16315=CARTESIAN_POINT('',(-50.5,18.75,-1.5));
#16316=CARTESIAN_POINT('',(-49.,18.75,-1.5));
#16317=CARTESIAN_POINT('Origin',(-50.5,18.75,0.));
#16318=CARTESIAN_POINT('Origin',(-53.,18.75,0.));
#16319=CARTESIAN_POINT('Origin',(-53.,18.75,0.));
#16320=CARTESIAN_POINT('',(-53.5,18.8702956059151,-0.992738116120016));
#16321=CARTESIAN_POINT('Origin',(-53.5,18.75,0.));
#16322=CARTESIAN_POINT('Origin',(-53.,18.8702956059151,-0.992738116120016));
#16323=CARTESIAN_POINT('Origin',(-53.5,18.75,0.));
#16324=CARTESIAN_POINT('Origin',(-50.5,18.75,0.));
#16325=CARTESIAN_POINT('Origin',(-47.5,17.25,13.75));
#16326=CARTESIAN_POINT('',(-47.5,17.25,13.75));
#16327=CARTESIAN_POINT('',(-47.5,18.75,13.75));
#16328=CARTESIAN_POINT('',(-47.5,17.25,13.75));
#16329=CARTESIAN_POINT('',(-47.5,18.75,14.25));
#16330=CARTESIAN_POINT('',(-47.5,18.75,13.75));
#16331=CARTESIAN_POINT('',(-47.5,17.25,14.25));
#16332=CARTESIAN_POINT('',(-47.5,17.25,14.25));
#16333=CARTESIAN_POINT('',(-47.5,17.25,13.75));
#16334=CARTESIAN_POINT('Origin',(0.,0.,13.75));
#16335=CARTESIAN_POINT('',(-47.5,20.25,13.75));
#16336=CARTESIAN_POINT('',(-47.5,18.75,13.75));
#16337=CARTESIAN_POINT('',(-49.,17.25,13.75));
#16338=CARTESIAN_POINT('',(-49.,17.25,13.75));
#16339=CARTESIAN_POINT('',(-49.,16.75,13.75));
#16340=CARTESIAN_POINT('',(-49.,16.75,13.75));
#16341=CARTESIAN_POINT('',(-53.5,16.75,13.75));
#16342=CARTESIAN_POINT('',(-53.5,16.75,13.75));
#16343=CARTESIAN_POINT('',(-54.5,17.75,13.75));
#16344=CARTESIAN_POINT('',(-54.5,17.75,13.75));
#16345=CARTESIAN_POINT('',(-54.5,18.75,13.75));
#16346=CARTESIAN_POINT('',(-54.5,18.75,13.75));
#16347=CARTESIAN_POINT('',(-54.5,19.75,13.75));
#16348=CARTESIAN_POINT('',(-54.5,19.75,13.75));
#16349=CARTESIAN_POINT('',(-53.5,20.75,13.75));
#16350=CARTESIAN_POINT('',(-53.5,20.75,13.75));
#16351=CARTESIAN_POINT('',(-49.,20.75,13.75));
#16352=CARTESIAN_POINT('',(-49.,20.75,13.75));
#16353=CARTESIAN_POINT('',(-49.,20.25,13.75));
#16354=CARTESIAN_POINT('',(-49.,20.25,13.75));
#16355=CARTESIAN_POINT('',(-47.5,20.25,13.75));
#16356=CARTESIAN_POINT('',(-50.5,18.75,13.75));
#16357=CARTESIAN_POINT('',(-53.5,18.75,13.75));
#16358=CARTESIAN_POINT('Origin',(-52.,18.75,13.75));
#16359=CARTESIAN_POINT('Origin',(-52.,18.75,13.75));
#16360=CARTESIAN_POINT('Ctrl Pts',(-53.5,18.75,13.745));
#16361=CARTESIAN_POINT('Ctrl Pts',(-53.5,18.75,14.255));
#16362=CARTESIAN_POINT('Ctrl Pts',(-53.5,17.75,13.745));
#16363=CARTESIAN_POINT('Ctrl Pts',(-53.5,17.75,14.255));
#16364=CARTESIAN_POINT('Ctrl Pts',(-52.,17.75,13.745));
#16365=CARTESIAN_POINT('Ctrl Pts',(-52.,17.75,14.255));
#16366=CARTESIAN_POINT('Ctrl Pts',(-50.5,17.75,13.745));
#16367=CARTESIAN_POINT('Ctrl Pts',(-50.5,17.75,14.255));
#16368=CARTESIAN_POINT('Ctrl Pts',(-50.5,18.75,13.745));
#16369=CARTESIAN_POINT('Ctrl Pts',(-50.5,18.75,14.255));
#16370=CARTESIAN_POINT('Ctrl Pts',(-50.5,19.75,13.745));
#16371=CARTESIAN_POINT('Ctrl Pts',(-50.5,19.75,14.255));
#16372=CARTESIAN_POINT('Ctrl Pts',(-52.,19.75,13.745));
#16373=CARTESIAN_POINT('Ctrl Pts',(-52.,19.75,14.255));
#16374=CARTESIAN_POINT('Ctrl Pts',(-53.5,19.75,13.745));
#16375=CARTESIAN_POINT('Ctrl Pts',(-53.5,19.75,14.255));
#16376=CARTESIAN_POINT('Ctrl Pts',(-53.5,18.75,13.745));
#16377=CARTESIAN_POINT('Ctrl Pts',(-53.5,18.75,14.255));
#16378=CARTESIAN_POINT('',(-53.5,18.75,14.25));
#16379=CARTESIAN_POINT('',(-53.5,18.75,13.75));
#16380=CARTESIAN_POINT('',(-50.5,18.75,14.25));
#16381=CARTESIAN_POINT('Origin',(-52.,18.75,14.25));
#16382=CARTESIAN_POINT('',(-50.5,18.75,13.75));
#16383=CARTESIAN_POINT('Ctrl Pts',(-53.5,18.75,13.745));
#16384=CARTESIAN_POINT('Ctrl Pts',(-53.5,18.75,14.255));
#16385=CARTESIAN_POINT('Ctrl Pts',(-53.5,17.75,13.745));
#16386=CARTESIAN_POINT('Ctrl Pts',(-53.5,17.75,14.255));
#16387=CARTESIAN_POINT('Ctrl Pts',(-52.,17.75,13.745));
#16388=CARTESIAN_POINT('Ctrl Pts',(-52.,17.75,14.255));
#16389=CARTESIAN_POINT('Ctrl Pts',(-50.5,17.75,13.745));
#16390=CARTESIAN_POINT('Ctrl Pts',(-50.5,17.75,14.255));
#16391=CARTESIAN_POINT('Ctrl Pts',(-50.5,18.75,13.745));
#16392=CARTESIAN_POINT('Ctrl Pts',(-50.5,18.75,14.255));
#16393=CARTESIAN_POINT('Ctrl Pts',(-50.5,19.75,13.745));
#16394=CARTESIAN_POINT('Ctrl Pts',(-50.5,19.75,14.255));
#16395=CARTESIAN_POINT('Ctrl Pts',(-52.,19.75,13.745));
#16396=CARTESIAN_POINT('Ctrl Pts',(-52.,19.75,14.255));
#16397=CARTESIAN_POINT('Ctrl Pts',(-53.5,19.75,13.745));
#16398=CARTESIAN_POINT('Ctrl Pts',(-53.5,19.75,14.255));
#16399=CARTESIAN_POINT('Ctrl Pts',(-53.5,18.75,13.745));
#16400=CARTESIAN_POINT('Ctrl Pts',(-53.5,18.75,14.255));
#16401=CARTESIAN_POINT('Origin',(-52.,18.75,14.25));
#16402=CARTESIAN_POINT('Origin',(0.,0.,14.25));
#16403=CARTESIAN_POINT('',(-47.5,20.25,14.25));
#16404=CARTESIAN_POINT('',(-47.5,18.75,14.25));
#16405=CARTESIAN_POINT('',(-49.,20.25,14.25));
#16406=CARTESIAN_POINT('',(-47.5,20.25,14.25));
#16407=CARTESIAN_POINT('',(-49.,20.75,14.25));
#16408=CARTESIAN_POINT('',(-49.,20.25,14.25));
#16409=CARTESIAN_POINT('',(-53.5,20.75,14.25));
#16410=CARTESIAN_POINT('',(-49.,20.75,14.25));
#16411=CARTESIAN_POINT('',(-54.5,19.75,14.25));
#16412=CARTESIAN_POINT('',(-53.5,20.75,14.25));
#16413=CARTESIAN_POINT('',(-54.5,18.75,14.25));
#16414=CARTESIAN_POINT('',(-54.5,19.75,14.25));
#16415=CARTESIAN_POINT('',(-54.5,17.75,14.25));
#16416=CARTESIAN_POINT('',(-54.5,18.75,14.25));
#16417=CARTESIAN_POINT('',(-53.5,16.75,14.25));
#16418=CARTESIAN_POINT('',(-54.5,17.75,14.25));
#16419=CARTESIAN_POINT('',(-49.,16.75,14.25));
#16420=CARTESIAN_POINT('',(-53.5,16.75,14.25));
#16421=CARTESIAN_POINT('',(-49.,17.25,14.25));
#16422=CARTESIAN_POINT('',(-49.,16.75,14.25));
#16423=CARTESIAN_POINT('',(-49.,17.25,14.25));
#16424=CARTESIAN_POINT('Origin',(-47.5,18.75,13.75));
#16425=CARTESIAN_POINT('',(-47.5,20.25,13.75));
#16426=CARTESIAN_POINT('Origin',(-47.5,20.25,13.75));
#16427=CARTESIAN_POINT('',(-49.,20.25,13.75));
#16428=CARTESIAN_POINT('Origin',(-49.,20.25,13.75));
#16429=CARTESIAN_POINT('',(-49.,20.75,13.75));
#16430=CARTESIAN_POINT('Origin',(-49.,20.75,13.75));
#16431=CARTESIAN_POINT('',(-53.5,20.75,13.75));
#16432=CARTESIAN_POINT('Origin',(-53.5,20.75,13.75));
#16433=CARTESIAN_POINT('',(-54.5,19.75,13.75));
#16434=CARTESIAN_POINT('Origin',(-54.5,19.75,13.75));
#16435=CARTESIAN_POINT('',(-54.5,18.75,13.75));
#16436=CARTESIAN_POINT('Origin',(-54.5,18.75,13.75));
#16437=CARTESIAN_POINT('',(-54.5,17.75,13.75));
#16438=CARTESIAN_POINT('Origin',(-54.5,17.75,13.75));
#16439=CARTESIAN_POINT('',(-53.5,16.75,13.75));
#16440=CARTESIAN_POINT('Origin',(-53.5,16.75,13.75));
#16441=CARTESIAN_POINT('',(-49.,16.75,13.75));
#16442=CARTESIAN_POINT('Origin',(-49.,16.75,13.75));
#16443=CARTESIAN_POINT('',(-49.,17.25,13.75));
#16444=CARTESIAN_POINT('Origin',(-49.,17.25,13.75));
#16445=CARTESIAN_POINT('Origin',(-47.5,17.25,-13.75));
#16446=CARTESIAN_POINT('',(-47.5,17.25,-13.75));
#16447=CARTESIAN_POINT('',(-47.5,18.75,-13.75));
#16448=CARTESIAN_POINT('',(-47.5,17.25,-13.75));
#16449=CARTESIAN_POINT('',(-47.5,17.25,-14.25));
#16450=CARTESIAN_POINT('',(-47.5,17.25,-13.75));
#16451=CARTESIAN_POINT('',(-47.5,18.75,-14.25));
#16452=CARTESIAN_POINT('',(-47.5,17.25,-14.25));
#16453=CARTESIAN_POINT('',(-47.5,18.75,-13.75));
#16454=CARTESIAN_POINT('Origin',(0.,0.,-13.75));
#16455=CARTESIAN_POINT('',(-47.5,20.25,-13.75));
#16456=CARTESIAN_POINT('',(-47.5,18.75,-13.75));
#16457=CARTESIAN_POINT('',(-49.,20.25,-13.75));
#16458=CARTESIAN_POINT('',(-47.5,20.25,-13.75));
#16459=CARTESIAN_POINT('',(-49.,20.75,-13.75));
#16460=CARTESIAN_POINT('',(-49.,20.25,-13.75));
#16461=CARTESIAN_POINT('',(-53.5,20.75,-13.75));
#16462=CARTESIAN_POINT('',(-49.,20.75,-13.75));
#16463=CARTESIAN_POINT('',(-54.5,19.75,-13.75));
#16464=CARTESIAN_POINT('',(-53.5,20.75,-13.75));
#16465=CARTESIAN_POINT('',(-54.5,18.75,-13.75));
#16466=CARTESIAN_POINT('',(-54.5,19.75,-13.75));
#16467=CARTESIAN_POINT('',(-54.5,17.75,-13.75));
#16468=CARTESIAN_POINT('',(-54.5,18.75,-13.75));
#16469=CARTESIAN_POINT('',(-53.5,16.75,-13.75));
#16470=CARTESIAN_POINT('',(-54.5,17.75,-13.75));
#16471=CARTESIAN_POINT('',(-49.,16.75,-13.75));
#16472=CARTESIAN_POINT('',(-53.5,16.75,-13.75));
#16473=CARTESIAN_POINT('',(-49.,17.25,-13.75));
#16474=CARTESIAN_POINT('',(-49.,16.75,-13.75));
#16475=CARTESIAN_POINT('',(-49.,17.25,-13.75));
#16476=CARTESIAN_POINT('',(-50.5,18.75,-13.75));
#16477=CARTESIAN_POINT('',(-53.5,18.75,-13.75));
#16478=CARTESIAN_POINT('Origin',(-52.,18.75,-13.75));
#16479=CARTESIAN_POINT('Origin',(-52.,18.75,-13.75));
#16480=CARTESIAN_POINT('Ctrl Pts',(-53.5,18.75,-14.255));
#16481=CARTESIAN_POINT('Ctrl Pts',(-53.5,18.75,-13.745));
#16482=CARTESIAN_POINT('Ctrl Pts',(-53.5,19.75,-14.255));
#16483=CARTESIAN_POINT('Ctrl Pts',(-53.5,19.75,-13.745));
#16484=CARTESIAN_POINT('Ctrl Pts',(-52.,19.75,-14.255));
#16485=CARTESIAN_POINT('Ctrl Pts',(-52.,19.75,-13.745));
#16486=CARTESIAN_POINT('Ctrl Pts',(-50.5,19.75,-14.255));
#16487=CARTESIAN_POINT('Ctrl Pts',(-50.5,19.75,-13.745));
#16488=CARTESIAN_POINT('Ctrl Pts',(-50.5,18.75,-14.255));
#16489=CARTESIAN_POINT('Ctrl Pts',(-50.5,18.75,-13.745));
#16490=CARTESIAN_POINT('Ctrl Pts',(-50.5,17.75,-14.255));
#16491=CARTESIAN_POINT('Ctrl Pts',(-50.5,17.75,-13.745));
#16492=CARTESIAN_POINT('Ctrl Pts',(-52.,17.75,-14.255));
#16493=CARTESIAN_POINT('Ctrl Pts',(-52.,17.75,-13.745));
#16494=CARTESIAN_POINT('Ctrl Pts',(-53.5,17.75,-14.255));
#16495=CARTESIAN_POINT('Ctrl Pts',(-53.5,17.75,-13.745));
#16496=CARTESIAN_POINT('Ctrl Pts',(-53.5,18.75,-14.255));
#16497=CARTESIAN_POINT('Ctrl Pts',(-53.5,18.75,-13.745));
#16498=CARTESIAN_POINT('',(-50.5,18.75,-14.25));
#16499=CARTESIAN_POINT('',(-50.5,18.75,-13.75));
#16500=CARTESIAN_POINT('',(-53.5,18.75,-14.25));
#16501=CARTESIAN_POINT('Origin',(-52.,18.75,-14.25));
#16502=CARTESIAN_POINT('',(-53.5,18.75,-13.75));
#16503=CARTESIAN_POINT('Ctrl Pts',(-53.5,18.75,-14.255));
#16504=CARTESIAN_POINT('Ctrl Pts',(-53.5,18.75,-13.745));
#16505=CARTESIAN_POINT('Ctrl Pts',(-53.5,19.75,-14.255));
#16506=CARTESIAN_POINT('Ctrl Pts',(-53.5,19.75,-13.745));
#16507=CARTESIAN_POINT('Ctrl Pts',(-52.,19.75,-14.255));
#16508=CARTESIAN_POINT('Ctrl Pts',(-52.,19.75,-13.745));
#16509=CARTESIAN_POINT('Ctrl Pts',(-50.5,19.75,-14.255));
#16510=CARTESIAN_POINT('Ctrl Pts',(-50.5,19.75,-13.745));
#16511=CARTESIAN_POINT('Ctrl Pts',(-50.5,18.75,-14.255));
#16512=CARTESIAN_POINT('Ctrl Pts',(-50.5,18.75,-13.745));
#16513=CARTESIAN_POINT('Ctrl Pts',(-50.5,17.75,-14.255));
#16514=CARTESIAN_POINT('Ctrl Pts',(-50.5,17.75,-13.745));
#16515=CARTESIAN_POINT('Ctrl Pts',(-52.,17.75,-14.255));
#16516=CARTESIAN_POINT('Ctrl Pts',(-52.,17.75,-13.745));
#16517=CARTESIAN_POINT('Ctrl Pts',(-53.5,17.75,-14.255));
#16518=CARTESIAN_POINT('Ctrl Pts',(-53.5,17.75,-13.745));
#16519=CARTESIAN_POINT('Ctrl Pts',(-53.5,18.75,-14.255));
#16520=CARTESIAN_POINT('Ctrl Pts',(-53.5,18.75,-13.745));
#16521=CARTESIAN_POINT('Origin',(-52.,18.75,-14.25));
#16522=CARTESIAN_POINT('Origin',(0.,0.,-14.25));
#16523=CARTESIAN_POINT('',(-47.5,20.25,-14.25));
#16524=CARTESIAN_POINT('',(-47.5,18.75,-14.25));
#16525=CARTESIAN_POINT('',(-49.,17.25,-14.25));
#16526=CARTESIAN_POINT('',(-49.,17.25,-14.25));
#16527=CARTESIAN_POINT('',(-49.,16.75,-14.25));
#16528=CARTESIAN_POINT('',(-49.,16.75,-14.25));
#16529=CARTESIAN_POINT('',(-53.5,16.75,-14.25));
#16530=CARTESIAN_POINT('',(-53.5,16.75,-14.25));
#16531=CARTESIAN_POINT('',(-54.5,17.75,-14.25));
#16532=CARTESIAN_POINT('',(-54.5,17.75,-14.25));
#16533=CARTESIAN_POINT('',(-54.5,18.75,-14.25));
#16534=CARTESIAN_POINT('',(-54.5,18.75,-14.25));
#16535=CARTESIAN_POINT('',(-54.5,19.75,-14.25));
#16536=CARTESIAN_POINT('',(-54.5,19.75,-14.25));
#16537=CARTESIAN_POINT('',(-53.5,20.75,-14.25));
#16538=CARTESIAN_POINT('',(-53.5,20.75,-14.25));
#16539=CARTESIAN_POINT('',(-49.,20.75,-14.25));
#16540=CARTESIAN_POINT('',(-49.,20.75,-14.25));
#16541=CARTESIAN_POINT('',(-49.,20.25,-14.25));
#16542=CARTESIAN_POINT('',(-49.,20.25,-14.25));
#16543=CARTESIAN_POINT('',(-47.5,20.25,-14.25));
#16544=CARTESIAN_POINT('Origin',(-47.5,18.75,-13.75));
#16545=CARTESIAN_POINT('',(-47.5,20.25,-13.75));
#16546=CARTESIAN_POINT('Origin',(-47.5,20.25,-13.75));
#16547=CARTESIAN_POINT('',(-49.,20.25,-13.75));
#16548=CARTESIAN_POINT('Origin',(-49.,20.25,-13.75));
#16549=CARTESIAN_POINT('',(-49.,20.75,-13.75));
#16550=CARTESIAN_POINT('Origin',(-49.,20.75,-13.75));
#16551=CARTESIAN_POINT('',(-53.5,20.75,-13.75));
#16552=CARTESIAN_POINT('Origin',(-53.5,20.75,-13.75));
#16553=CARTESIAN_POINT('',(-54.5,19.75,-13.75));
#16554=CARTESIAN_POINT('Origin',(-54.5,19.75,-13.75));
#16555=CARTESIAN_POINT('',(-54.5,18.75,-13.75));
#16556=CARTESIAN_POINT('Origin',(-54.5,18.75,-13.75));
#16557=CARTESIAN_POINT('',(-54.5,17.75,-13.75));
#16558=CARTESIAN_POINT('Origin',(-54.5,17.75,-13.75));
#16559=CARTESIAN_POINT('',(-53.5,16.75,-13.75));
#16560=CARTESIAN_POINT('Origin',(-53.5,16.75,-13.75));
#16561=CARTESIAN_POINT('',(-49.,16.75,-13.75));
#16562=CARTESIAN_POINT('Origin',(-49.,16.75,-13.75));
#16563=CARTESIAN_POINT('',(-49.,17.25,-13.75));
#16564=CARTESIAN_POINT('Origin',(-49.,17.25,-13.75));
#16565=CARTESIAN_POINT('Origin',(3.5,47.83637043753,-15.5));
#16566=CARTESIAN_POINT('',(2.,50.5,-15.5));
#16567=CARTESIAN_POINT('Origin',(3.5,50.5,-15.5));
#16568=CARTESIAN_POINT('',(2.,56.5,-15.5));
#16569=CARTESIAN_POINT('',(2.,47.83637043753,-15.5));
#16570=CARTESIAN_POINT('Origin',(3.5,56.5,-15.5));
#16571=CARTESIAN_POINT('Origin',(3.5,50.5,-15.5));
#16572=CARTESIAN_POINT('',(2.25,50.5,-15.5));
#16573=CARTESIAN_POINT('Origin',(3.5,50.5,-15.5));
#16574=CARTESIAN_POINT('Origin',(34.5,47.83637043753,-15.5));
#16575=CARTESIAN_POINT('',(33.,50.5,-15.5));
#16576=CARTESIAN_POINT('Origin',(34.5,50.5,-15.5));
#16577=CARTESIAN_POINT('',(33.,56.5,-15.5));
#16578=CARTESIAN_POINT('',(33.,47.83637043753,-15.5));
#16579=CARTESIAN_POINT('Origin',(34.5,56.5,-15.5));
#16580=CARTESIAN_POINT('Origin',(34.5,50.5,-15.5));
#16581=CARTESIAN_POINT('',(33.25,50.5,-15.5));
#16582=CARTESIAN_POINT('Origin',(34.5,50.5,-15.5));
#16583=CARTESIAN_POINT('Origin',(3.5,47.83637043753,15.));
#16584=CARTESIAN_POINT('',(2.,50.5,15.));
#16585=CARTESIAN_POINT('Origin',(3.5,50.5,15.));
#16586=CARTESIAN_POINT('',(2.,56.5,15.));
#16587=CARTESIAN_POINT('',(2.,47.83637043753,15.));
#16588=CARTESIAN_POINT('Origin',(3.5,56.5,15.));
#16589=CARTESIAN_POINT('Origin',(3.5,50.5,15.));
#16590=CARTESIAN_POINT('',(2.25,50.5,15.));
#16591=CARTESIAN_POINT('Origin',(3.5,50.5,15.));
#16592=CARTESIAN_POINT('Origin',(34.5,47.83637043753,15.));
#16593=CARTESIAN_POINT('',(33.,50.5,15.));
#16594=CARTESIAN_POINT('Origin',(34.5,50.5,15.));
#16595=CARTESIAN_POINT('',(33.,56.5,15.));
#16596=CARTESIAN_POINT('',(33.,47.83637043753,15.));
#16597=CARTESIAN_POINT('Origin',(34.5,56.5,15.));
#16598=CARTESIAN_POINT('Origin',(34.5,50.5,15.));
#16599=CARTESIAN_POINT('',(33.25,50.5,15.));
#16600=CARTESIAN_POINT('Origin',(34.5,50.5,15.));
#16601=CARTESIAN_POINT('Origin',(29.33637043753,9.,0.));
#16602=CARTESIAN_POINT('',(32.,10.5,1.83697019872103E-16));
#16603=CARTESIAN_POINT('Origin',(32.,9.,0.));
#16604=CARTESIAN_POINT('',(38.,10.5,1.83697019872103E-16));
#16605=CARTESIAN_POINT('',(29.33637043753,10.5,1.83697019872103E-16));
#16606=CARTESIAN_POINT('Origin',(38.,9.,0.));
#16607=CARTESIAN_POINT('Origin',(32.,9.,0.));
#16608=CARTESIAN_POINT('',(32.,10.25,0.));
#16609=CARTESIAN_POINT('Origin',(32.,9.,0.));
#16610=CARTESIAN_POINT('Origin',(29.33637043753,29.,0.));
#16611=CARTESIAN_POINT('',(32.,30.5,1.83697019872103E-16));
#16612=CARTESIAN_POINT('Origin',(32.,29.,0.));
#16613=CARTESIAN_POINT('',(38.,30.5,1.83697019872103E-16));
#16614=CARTESIAN_POINT('',(29.33637043753,30.5,1.83697019872103E-16));
#16615=CARTESIAN_POINT('Origin',(38.,29.,0.));
#16616=CARTESIAN_POINT('Origin',(32.,29.,0.));
#16617=CARTESIAN_POINT('',(32.,30.25,0.));
#16618=CARTESIAN_POINT('Origin',(32.,29.,0.));
#16619=CARTESIAN_POINT('',(0.,0.,0.));
#16620=CARTESIAN_POINT('Origin',(0.,0.449999999999001,6.99999932944775));
#16621=CARTESIAN_POINT('',(-7.34788079488412E-17,-0.6,6.99999932944775));
#16622=CARTESIAN_POINT('Origin',(0.,0.,6.99999932944775));
#16623=CARTESIAN_POINT('',(-5.51091059616309E-17,-0.45,6.99999932944775));
#16624=CARTESIAN_POINT('Origin',(0.,0.,6.99999932944775));
#16625=CARTESIAN_POINT('Origin',(0.,0.,19.9999991059303));
#16626=CARTESIAN_POINT('',(-7.34788079488412E-17,-0.6,40.0000001625581));
#16627=CARTESIAN_POINT('',(-7.34788079488412E-17,-0.6,19.9999991059303));
#16628=CARTESIAN_POINT('Origin',(0.,0.,40.0000001625581));
#16629=CARTESIAN_POINT('Origin',(0.,0.,20.));
#16630=CARTESIAN_POINT('',(-5.51091059616309E-17,-0.45,40.));
#16631=CARTESIAN_POINT('',(-5.51091059616309E-17,-0.45,20.));
#16632=CARTESIAN_POINT('Origin',(0.,0.,40.));
#16633=CARTESIAN_POINT('Origin',(0.,0.499999988823101,40.000000054186));
#16634=CARTESIAN_POINT('',(-6.12323385887182E-17,-0.499999988824129,39.9999991059303));
#16635=CARTESIAN_POINT('Origin',(0.,0.,39.9999991059303));
#16636=CARTESIAN_POINT('Origin',(0.,0.,41.4999990724027));
#16637=CARTESIAN_POINT('',(-6.12323385887182E-17,-0.499999988824129,42.9999990388751));
#16638=CARTESIAN_POINT('',(-6.12323385887182E-17,-0.499999988824129,41.4999990724027));
#16639=CARTESIAN_POINT('Origin',(0.,0.,42.9999990388751));
#16640=CARTESIAN_POINT('Origin',(0.,1.,42.9999990388751));
#16641=CARTESIAN_POINT('',(-1.22464679914735E-16,-1.,42.9999990388751));
#16642=CARTESIAN_POINT('Origin',(0.,0.,42.9999990388751));
#16643=CARTESIAN_POINT('Origin',(0.,0.,44.4999990724027));
#16644=CARTESIAN_POINT('',(-1.22464679914735E-16,-1.,45.9999991059303));
#16645=CARTESIAN_POINT('',(-1.22464679914735E-16,-1.,44.4999990724027));
#16646=CARTESIAN_POINT('Origin',(0.,0.,45.9999991059303));
#16647=CARTESIAN_POINT('Origin',(0.,2.,45.9999991059303));
#16648=CARTESIAN_POINT('',(-2.44929359829471E-16,-2.,45.9999991059303));
#16649=CARTESIAN_POINT('Origin',(0.,0.,45.9999991059303));
#16650=CARTESIAN_POINT('Origin',(0.,0.,51.9999991059303));
#16651=CARTESIAN_POINT('',(-2.44929359829471E-16,-2.,57.9999991059303));
#16652=CARTESIAN_POINT('',(-2.44929359829471E-16,-2.,51.9999991059303));
#16653=CARTESIAN_POINT('Origin',(0.,0.,57.9999991059303));
#16654=CARTESIAN_POINT('Origin',(0.,4.00000000000001,57.9999991059303));
#16655=CARTESIAN_POINT('',(-4.89858719658942E-16,-4.00000000000001,57.9999991059303));
#16656=CARTESIAN_POINT('Origin',(0.,0.,57.9999991059303));
#16657=CARTESIAN_POINT('Origin',(0.,0.,57.4999991059303));
#16658=CARTESIAN_POINT('',(-4.89858719658942E-16,-4.00000000000001,56.9999991059303));
#16659=CARTESIAN_POINT('Origin',(0.,0.,56.9999991059303));
#16660=CARTESIAN_POINT('',(-4.89858719658942E-16,-4.00000000000001,57.4999991059303));
#16661=CARTESIAN_POINT('Origin',(0.,3.00000000000001,56.9999991059303));
#16662=CARTESIAN_POINT('',(-3.67394039744207E-16,-3.,56.9999991059303));
#16663=CARTESIAN_POINT('Origin',(0.,0.,56.9999991059303));
#16664=CARTESIAN_POINT('Origin',(0.,0.,55.4999991059303));
#16665=CARTESIAN_POINT('',(-3.67394039744207E-16,-3.,53.9999991059303));
#16666=CARTESIAN_POINT('Origin',(0.,0.,53.9999991059303));
#16667=CARTESIAN_POINT('',(-3.67394039744207E-16,-3.,55.4999991059303));
#16668=CARTESIAN_POINT('Origin',(0.,0.,47.9999998658895));
#16669=CARTESIAN_POINT('',(-2.44929359829471E-16,-2.,42.0000006258488));
#16670=CARTESIAN_POINT('Origin',(0.,0.,42.0000006258488));
#16671=CARTESIAN_POINT('',(-3.06161699786838E-16,-2.5,47.9999998658895));
#16672=CARTESIAN_POINT('Origin',(0.,0.,41.0000006109476));
#16673=CARTESIAN_POINT('',(-1.22464681739601E-16,-1.00000001490116,40.0000005960464));
#16674=CARTESIAN_POINT('Origin',(0.,0.,40.0000005960464));
#16675=CARTESIAN_POINT('',(-1.83697020784536E-16,-1.50000000745058,41.0000006109476));
#16676=CARTESIAN_POINT('Origin',(0.,0.599999999998855,40.0000001625581));
#16677=CARTESIAN_POINT('',(0.,0.,0.));
#16678=CARTESIAN_POINT('Origin',(-15.0000002235174,-20.0000002980232,0.));
#16679=CARTESIAN_POINT('',(-17.0000002235174,-20.0000002980232,22.));
#16680=CARTESIAN_POINT('Origin',(-15.0000002235174,-20.0000002980232,22.));
#16681=CARTESIAN_POINT('',(-17.0000002235174,-20.0000002980232,0.));
#16682=CARTESIAN_POINT('',(-17.0000002235174,-20.0000002980232,0.));
#16683=CARTESIAN_POINT('Origin',(-15.0000002235174,-20.0000002980232,0.));
#16684=CARTESIAN_POINT('Origin',(-15.0000002235174,-20.0000002980232,0.));
#16685=CARTESIAN_POINT('',(-18.0000002235174,-20.0000002980232,22.));
#16686=CARTESIAN_POINT('Origin',(-15.0000002235174,-20.0000002980232,22.));
#16687=CARTESIAN_POINT('',(-18.0000002235174,-20.0000002980232,0.));
#16688=CARTESIAN_POINT('',(-18.0000002235174,-20.0000002980232,0.));
#16689=CARTESIAN_POINT('Origin',(-15.0000002235174,-20.0000002980232,0.));
#16690=CARTESIAN_POINT('Origin',(-15.0000002235174,-20.0000002980232,22.));
#16691=CARTESIAN_POINT('Origin',(-15.0000002235174,-20.0000002980232,0.));
#16692=CARTESIAN_POINT('',(0.,0.,0.));
#16693=CARTESIAN_POINT('Origin',(0.,-20.,0.));
#16694=CARTESIAN_POINT('',(-3.,-20.,20.));
#16695=CARTESIAN_POINT('Origin',(0.,-20.,20.));
#16696=CARTESIAN_POINT('',(-3.,-20.,0.));
#16697=CARTESIAN_POINT('',(-3.,-20.,0.));
#16698=CARTESIAN_POINT('Origin',(0.,-20.,0.));
#16699=CARTESIAN_POINT('Origin',(0.,-20.,0.));
#16700=CARTESIAN_POINT('',(-4.,-20.,20.));
#16701=CARTESIAN_POINT('Origin',(0.,-20.,20.));
#16702=CARTESIAN_POINT('',(-4.,-20.,0.));
#16703=CARTESIAN_POINT('',(-4.,-20.,0.));
#16704=CARTESIAN_POINT('Origin',(0.,-20.,0.));
#16705=CARTESIAN_POINT('Origin',(0.,-20.,20.));
#16706=CARTESIAN_POINT('Origin',(0.,-20.,0.));
#16707=CARTESIAN_POINT('',(0.,0.,0.));
#16708=CARTESIAN_POINT('Origin',(1.30104260698261E-15,10.3,-0.28192736293199));
#16709=CARTESIAN_POINT('',(4.85359755354426,5.3,7.33504727779702));
#16710=CARTESIAN_POINT('',(3.75123010580107,5.3,7.93415349004233));
#16711=CARTESIAN_POINT('Origin',(1.30104260698261E-15,5.29999999999999,
-0.28192736293199));
#16712=CARTESIAN_POINT('',(4.85359755354426,10.3,7.33504727779702));
#16713=CARTESIAN_POINT('',(4.85359755354426,10.3,7.33504727779702));
#16714=CARTESIAN_POINT('',(1.73472347597681E-15,10.3,8.75));
#16715=CARTESIAN_POINT('Origin',(1.30104260698261E-15,10.3,-0.28192736293199));
#16716=CARTESIAN_POINT('',(1.73472347597681E-15,0.,8.75));
#16717=CARTESIAN_POINT('',(1.73472347597681E-15,10.3,8.75));
#16718=CARTESIAN_POINT('',(4.85359755354426,0.,7.33504727779702));
#16719=CARTESIAN_POINT('Origin',(1.30104260698261E-15,0.,-0.28192736293199));
#16720=CARTESIAN_POINT('',(4.85359755354426,5.00000000000001,7.33504727779702));
#16721=CARTESIAN_POINT('',(4.85359755354426,5.00000000000001,7.33504727779702));
#16722=CARTESIAN_POINT('',(3.75123010580107,5.,7.93415349004233));
#16723=CARTESIAN_POINT('Origin',(1.30104260698261E-15,5.,-0.28192736293199));
#16724=CARTESIAN_POINT('',(3.75123010580107,5.3,7.93415349004233));
#16725=CARTESIAN_POINT('',(2.05123010580107,5.,8.51399026641942));
#16726=CARTESIAN_POINT('',(2.05123010580107,5.3,8.51399026641942));
#16727=CARTESIAN_POINT('',(2.05123010580107,5.3,8.51399026641942));
#16728=CARTESIAN_POINT('',(0.851230105801086,5.,8.70979767713999));
#16729=CARTESIAN_POINT('Origin',(1.30104260698261E-15,5.,-0.28192736293199));
#16730=CARTESIAN_POINT('',(0.851230105801084,5.3,8.70979767713999));
#16731=CARTESIAN_POINT('',(0.851230105801084,5.3,8.70979767713999));
#16732=CARTESIAN_POINT('Origin',(1.30104260698261E-15,5.3,-0.28192736293199));
#16733=CARTESIAN_POINT('Origin',(4.27384769079586,10.3,7.6585751612452));
#16734=CARTESIAN_POINT('',(4.95123010580106,5.3,7.28056368924118));
#16735=CARTESIAN_POINT('',(4.95123010580106,5.3,7.28056368924118));
#16736=CARTESIAN_POINT('',(4.95123010580106,5.,7.28056368924118));
#16737=CARTESIAN_POINT('',(4.95123010580106,5.00000000000001,7.28056368924118));
#16738=CARTESIAN_POINT('',(4.85359755354426,5.,7.33504727779702));
#16739=CARTESIAN_POINT('',(13.219425744119,0.,2.6665188973731));
#16740=CARTESIAN_POINT('',(4.85359755354426,0.,7.33504727779702));
#16741=CARTESIAN_POINT('',(13.219425744119,10.3,2.6665188973731));
#16742=CARTESIAN_POINT('',(13.219425744119,10.3,2.6665188973731));
#16743=CARTESIAN_POINT('',(4.85359755354426,10.3,7.33504727779702));
#16744=CARTESIAN_POINT('Origin',(-0.664294130426175,10.3,1.16820089772726));
#16745=CARTESIAN_POINT('',(-1.32858826085235,5.30000000000001,8.75));
#16746=CARTESIAN_POINT('',(-2.04876989419891,5.3,8.65206294739575));
#16747=CARTESIAN_POINT('Origin',(-0.664294130426175,5.30000000000001,1.16820089772726));
#16748=CARTESIAN_POINT('',(-1.32858826085235,10.3,8.75));
#16749=CARTESIAN_POINT('',(-1.32858826085235,10.3,8.75));
#16750=CARTESIAN_POINT('',(-8.24609323269892,10.3,1.83249502815343));
#16751=CARTESIAN_POINT('Origin',(-0.664294130426175,10.3,1.16820089772726));
#16752=CARTESIAN_POINT('',(-8.24609323269892,0.,1.83249502815343));
#16753=CARTESIAN_POINT('',(-8.24609323269892,10.3,1.83249502815343));
#16754=CARTESIAN_POINT('',(-1.32858826085235,0.,8.75));
#16755=CARTESIAN_POINT('Origin',(-0.664294130426175,0.,1.16820089772726));
#16756=CARTESIAN_POINT('',(-1.32858826085235,5.,8.75));
#16757=CARTESIAN_POINT('',(-1.32858826085235,5.,8.75));
#16758=CARTESIAN_POINT('',(-2.04876989419891,4.99999999999999,8.65206294739575));
#16759=CARTESIAN_POINT('Origin',(-0.664294130426175,4.99999999999999,1.16820089772726));
#16760=CARTESIAN_POINT('',(-2.04876989419891,5.30000000000001,8.65206294739575));
#16761=CARTESIAN_POINT('',(-3.74876989419892,5.00423167775867,8.12600037612853));
#16762=CARTESIAN_POINT('',(-3.74876989419892,5.30423167775868,8.12600037612853));
#16763=CARTESIAN_POINT('',(-3.74876989419892,5.30423167775868,8.12600037612853));
#16764=CARTESIAN_POINT('',(-4.94876989419892,5.00423167775867,7.45852932703732));
#16765=CARTESIAN_POINT('Origin',(-0.664294130426175,5.00423167775867,1.16820089772726));
#16766=CARTESIAN_POINT('',(-4.94876989419892,5.30423167775868,7.45852932703732));
#16767=CARTESIAN_POINT('',(-4.94876989419892,5.30423167775868,7.45852932703732));
#16768=CARTESIAN_POINT('Origin',(-0.664294130426175,5.30423167775868,1.16820089772726));
#16769=CARTESIAN_POINT('Origin',(0.,10.3,8.75));
#16770=CARTESIAN_POINT('',(-0.848769894198914,5.30000000000001,8.75));
#16771=CARTESIAN_POINT('',(-0.848769894198914,5.30000000000001,8.75));
#16772=CARTESIAN_POINT('',(-0.848769894198914,4.99999999999999,8.75));
#16773=CARTESIAN_POINT('',(-0.848769894198914,4.99999999999999,8.75));
#16774=CARTESIAN_POINT('',(-1.32858826085235,4.99999999999999,8.75));
#16775=CARTESIAN_POINT('',(-1.32858826085235,0.,8.75));
#16776=CARTESIAN_POINT('',(-1.32858826085235,10.3,8.75));
#16777=CARTESIAN_POINT('Origin',(4.19745607473126,7.99,-8.75));
#16778=CARTESIAN_POINT('',(2.34745607473126,7.99,-13.9040115969649));
#16779=CARTESIAN_POINT('',(6.04745607473126,7.99,-13.9040115969649));
#16780=CARTESIAN_POINT('Origin',(4.19745607473126,7.99,-13.9040115969649));
#16781=CARTESIAN_POINT('',(6.04745607473126,7.99,-9.79297220550279));
#16782=CARTESIAN_POINT('',(6.04745607473126,7.99,-8.75));
#16783=CARTESIAN_POINT('',(2.34745607473126,7.99,-9.79297220550279));
#16784=CARTESIAN_POINT('Origin',(4.19745607473126,7.99,-9.79297220550279));
#16785=CARTESIAN_POINT('Origin',(4.19745607473126,7.99,-9.79297220550279));
#16786=CARTESIAN_POINT('Origin',(4.19745607473126,7.99,-13.9040115969649));
#16787=CARTESIAN_POINT('Origin',(-3.80625637000888,2.31,-8.75));
#16788=CARTESIAN_POINT('',(-1.95625637000888,2.31,-13.7896739010708));
#16789=CARTESIAN_POINT('Origin',(-3.80625637000888,2.31,-13.7896739010708));
#16790=CARTESIAN_POINT('',(-1.95625637000888,2.31,-9.53459065394634));
#16791=CARTESIAN_POINT('',(-1.95625637000888,2.31,-8.75));
#16792=CARTESIAN_POINT('',(-5.65625637000888,2.31,-9.53459065394634));
#16793=CARTESIAN_POINT('Origin',(-3.80625637000888,2.31,-9.53459065394634));
#16794=CARTESIAN_POINT('Origin',(-3.80625637000888,2.31,-9.53459065394634));
#16795=CARTESIAN_POINT('Origin',(0.,0.,-8.75));
#16796=CARTESIAN_POINT('',(-4.28538223712791,4.62,-8.75));
#16797=CARTESIAN_POINT('',(-6.12,2.77070816274305,-8.75));
#16798=CARTESIAN_POINT('Origin',(-3.80625637000888,2.31,-8.75));
#16799=CARTESIAN_POINT('',(-6.12,4.62,-8.75));
#16800=CARTESIAN_POINT('',(-6.12,2.77070816274305,-8.75));
#16801=CARTESIAN_POINT('',(-6.12,4.62,-8.75));
#16802=CARTESIAN_POINT('Origin',(0.,0.,-8.75));
#16803=CARTESIAN_POINT('',(-1.5,2.80683312322755,-8.75));
#16804=CARTESIAN_POINT('',(-3.32713050288984,4.62,-8.75));
#16805=CARTESIAN_POINT('Origin',(-3.80625637000888,2.31,-8.75));
#16806=CARTESIAN_POINT('',(-1.5,4.62,-8.75));
#16807=CARTESIAN_POINT('',(-3.32713050288984,4.62,-8.75));
#16808=CARTESIAN_POINT('',(-1.5,4.62,-8.75));
#16809=CARTESIAN_POINT('Origin',(0.,0.,-8.75));
#16810=CARTESIAN_POINT('',(-3.32713050288984,0.,-8.75));
#16811=CARTESIAN_POINT('',(-1.5,1.81316687677245,-8.75));
#16812=CARTESIAN_POINT('Origin',(-3.80625637000888,2.31,-8.75));
#16813=CARTESIAN_POINT('',(-1.5,0.,-8.75));
#16814=CARTESIAN_POINT('',(-1.5,1.81316687677245,-8.75));
#16815=CARTESIAN_POINT('',(-1.5,0.,-8.75));
#16816=CARTESIAN_POINT('Origin',(0.,0.,-8.75));
#16817=CARTESIAN_POINT('',(6.50745607473127,10.3,-8.75));
#16818=CARTESIAN_POINT('',(6.50745607473127,8.44996273835577,-8.75));
#16819=CARTESIAN_POINT('',(6.50745607473127,10.3,-8.75));
#16820=CARTESIAN_POINT('',(4.65741881308703,10.3,-8.75));
#16821=CARTESIAN_POINT('Origin',(4.19745607473126,7.99,-8.75));
#16822=CARTESIAN_POINT('',(4.65741881308703,10.3,-8.75));
#16823=CARTESIAN_POINT('Origin',(0.,0.,-8.75));
#16824=CARTESIAN_POINT('',(1.88745607473126,10.3,-8.75));
#16825=CARTESIAN_POINT('',(3.7374933363755,10.3,-8.75));
#16826=CARTESIAN_POINT('',(1.88745607473126,10.3,-8.75));
#16827=CARTESIAN_POINT('',(1.88745607473126,8.44996273835577,-8.75));
#16828=CARTESIAN_POINT('Origin',(4.19745607473126,7.99,-8.75));
#16829=CARTESIAN_POINT('',(1.88745607473126,8.44996273835577,-8.75));
#16830=CARTESIAN_POINT('Origin',(0.,0.,-8.75));
#16831=CARTESIAN_POINT('',(1.88745607473126,5.68,-8.75));
#16832=CARTESIAN_POINT('',(1.88745607473126,7.53003726164423,-8.75));
#16833=CARTESIAN_POINT('',(1.88745607473126,5.68,-8.75));
#16834=CARTESIAN_POINT('',(3.73749333637549,5.68,-8.75));
#16835=CARTESIAN_POINT('Origin',(4.19745607473126,7.99,-8.75));
#16836=CARTESIAN_POINT('',(3.73749333637549,5.68,-8.75));
#16837=CARTESIAN_POINT('Origin',(0.,0.,-8.75));
#16838=CARTESIAN_POINT('',(6.50745607473126,5.68,-8.75));
#16839=CARTESIAN_POINT('',(4.65741881308704,5.68,-8.75));
#16840=CARTESIAN_POINT('',(6.50745607473126,5.68,-8.75));
#16841=CARTESIAN_POINT('',(6.50745607473126,7.53003726164423,-8.75));
#16842=CARTESIAN_POINT('Origin',(4.19745607473126,7.99,-8.75));
#16843=CARTESIAN_POINT('',(6.50745607473126,7.53003726164423,-8.75));
#16844=CARTESIAN_POINT('Origin',(0.,0.,-8.75));
#16845=CARTESIAN_POINT('',(-6.12,1.84929183725696,-8.75));
#16846=CARTESIAN_POINT('',(-4.28538223712791,0.,-8.75));
#16847=CARTESIAN_POINT('Origin',(-3.80625637000888,2.31,-8.75));
#16848=CARTESIAN_POINT('',(-6.12,0.,-8.75));
#16849=CARTESIAN_POINT('',(-4.28538223712791,0.,-8.75));
#16850=CARTESIAN_POINT('',(-6.12,0.,-8.75));
#16851=CARTESIAN_POINT('Origin',(0.,10.3,-8.75));
#16852=CARTESIAN_POINT('',(0.,0.,-8.75));
#16853=CARTESIAN_POINT('',(0.387456074731265,0.,-8.75));
#16854=CARTESIAN_POINT('',(0.,0.,-8.75));
#16855=CARTESIAN_POINT('',(0.,10.3,-8.75));
#16856=CARTESIAN_POINT('',(0.,10.3,-8.75));
#16857=CARTESIAN_POINT('',(0.387456074731265,10.3,-8.75));
#16858=CARTESIAN_POINT('',(0.,10.3,-8.75));
#16859=CARTESIAN_POINT('',(0.387456074731265,10.3,-8.75));
#16860=CARTESIAN_POINT('Origin',(0.,10.3,-0.12649061169019));
#16861=CARTESIAN_POINT('',(-1.5,0.,-8.61854066867098));
#16862=CARTESIAN_POINT('Origin',(0.,0.,-0.12649061169019));
#16863=CARTESIAN_POINT('',(-1.5,4.62,-8.61854066867098));
#16864=CARTESIAN_POINT('',(-1.5,4.62,-8.61854066867098));
#16865=CARTESIAN_POINT('',(-4.68929883468386,4.62,-7.36357501145367));
#16866=CARTESIAN_POINT('Origin',(0.,4.62,-0.12649061169019));
#16867=CARTESIAN_POINT('',(-4.68929883468386,10.3,-7.36357501145367));
#16868=CARTESIAN_POINT('',(-4.68929883468386,10.3,-7.36357501145367));
#16869=CARTESIAN_POINT('Origin',(0.,10.3,-0.12649061169019));
#16870=CARTESIAN_POINT('Origin',(-4.17091637858638,10.3,-7.64634159336835));
#16871=CARTESIAN_POINT('',(-6.12,0.,-6.58315801720702));
#16872=CARTESIAN_POINT('',(-6.12,4.62,-6.58315801720702));
#16873=CARTESIAN_POINT('',(-6.12,3.46944695195361E-15,-6.58315801720702));
#16874=CARTESIAN_POINT('',(-12.5012154981326,0.,-3.10234096091252));
#16875=CARTESIAN_POINT('',(-12.5012154981326,0.,-3.10234096091252));
#16876=CARTESIAN_POINT('',(-12.5012154981326,10.3,-3.10234096091252));
#16877=CARTESIAN_POINT('',(-12.5012154981326,10.3,-3.10234096091252));
#16878=CARTESIAN_POINT('',(-12.5012154981326,10.3,-3.10234096091252));
#16879=CARTESIAN_POINT('',(-6.12,4.62,-6.58315801720702));
#16880=CARTESIAN_POINT('Origin',(-11.11,10.3,1.35935794705356E-16));
#16881=CARTESIAN_POINT('',(-14.505,0.,-0.184323085911681));
#16882=CARTESIAN_POINT('Origin',(-11.11,0.,1.35935794705356E-16));
#16883=CARTESIAN_POINT('',(-14.505,10.3,-0.184323085911681));
#16884=CARTESIAN_POINT('',(-14.505,10.3,-0.184323085911681));
#16885=CARTESIAN_POINT('Origin',(-11.11,10.3,1.35935794705356E-16));
#16886=CARTESIAN_POINT('Origin',(-14.505,10.3,0.));
#16887=CARTESIAN_POINT('',(-14.505,0.,0.184323085911682));
#16888=CARTESIAN_POINT('',(-14.505,0.,-0.184323085911681));
#16889=CARTESIAN_POINT('',(-14.505,10.3,0.184323085911682));
#16890=CARTESIAN_POINT('',(-14.505,10.3,0.184323085911682));
#16891=CARTESIAN_POINT('',(-14.505,10.3,-0.184323085911681));
#16892=CARTESIAN_POINT('Origin',(-11.11,10.3,1.35935794705356E-16));
#16893=CARTESIAN_POINT('Origin',(-11.11,0.,1.35935794705356E-16));
#16894=CARTESIAN_POINT('Origin',(-11.11,10.3,1.35935794705356E-16));
#16895=CARTESIAN_POINT('Origin',(11.11,10.3,-1.35935794705356E-16));
#16896=CARTESIAN_POINT('',(14.505,0.,0.184323085911658));
#16897=CARTESIAN_POINT('Origin',(11.11,0.,-1.35935794705356E-16));
#16898=CARTESIAN_POINT('',(14.505,10.3,0.184323085911658));
#16899=CARTESIAN_POINT('',(14.505,10.3,0.184323085911658));
#16900=CARTESIAN_POINT('Origin',(11.11,10.3,-1.35935794705356E-16));
#16901=CARTESIAN_POINT('Origin',(14.505,10.3,0.));
#16902=CARTESIAN_POINT('',(14.505,0.,-0.184323085911673));
#16903=CARTESIAN_POINT('',(14.505,0.,-0.184323085911673));
#16904=CARTESIAN_POINT('',(14.505,10.3,-0.184323085911673));
#16905=CARTESIAN_POINT('',(14.505,10.3,-0.184323085911673));
#16906=CARTESIAN_POINT('',(14.505,10.3,-0.184323085911673));
#16907=CARTESIAN_POINT('Origin',(11.11,10.3,-1.35935794705356E-16));
#16908=CARTESIAN_POINT('',(9.00057425588096,0.,-2.6665188973731));
#16909=CARTESIAN_POINT('Origin',(11.11,0.,-1.35935794705356E-16));
#16910=CARTESIAN_POINT('',(9.00057425588096,10.3,-2.6665188973731));
#16911=CARTESIAN_POINT('',(9.00057425588096,10.3,-2.6665188973731));
#16912=CARTESIAN_POINT('Origin',(11.11,10.3,-1.35935794705356E-16));
#16913=CARTESIAN_POINT('Origin',(-11.11,10.3,1.35935794705356E-16));
#16914=CARTESIAN_POINT('',(-11.11,10.3,1.95));
#16915=CARTESIAN_POINT('Origin',(-11.11,10.3,1.35935794705356E-16));
#16916=CARTESIAN_POINT('',(-11.11,0.,1.95));
#16917=CARTESIAN_POINT('',(-11.11,10.3,1.95));
#16918=CARTESIAN_POINT('Origin',(-11.11,0.,1.35935794705356E-16));
#16919=CARTESIAN_POINT('Origin',(11.11,10.3,-1.35935794705356E-16));
#16920=CARTESIAN_POINT('',(11.11,10.3,1.95));
#16921=CARTESIAN_POINT('Origin',(11.11,10.3,-1.35935794705356E-16));
#16922=CARTESIAN_POINT('',(11.11,0.,1.95));
#16923=CARTESIAN_POINT('',(11.11,10.3,1.95));
#16924=CARTESIAN_POINT('Origin',(11.11,0.,-1.35935794705356E-16));
#16925=CARTESIAN_POINT('Origin',(0.193728037365626,10.3,0.663340006980463));
#16926=CARTESIAN_POINT('',(1.88745607473126,10.3,-8.59839773358));
#16927=CARTESIAN_POINT('Origin',(0.193728037365626,10.3,0.663340006980463));
#16928=CARTESIAN_POINT('',(1.88745607473126,5.68,-8.59839773358));
#16929=CARTESIAN_POINT('',(1.88745607473126,10.3,-8.59839773358));
#16930=CARTESIAN_POINT('',(6.50745607473126,5.68,-6.32131022833294));
#16931=CARTESIAN_POINT('Origin',(0.193728037365626,5.68,0.663340006980463));
#16932=CARTESIAN_POINT('',(6.50745607473127,10.3,-6.32131022833294));
#16933=CARTESIAN_POINT('',(6.50745607473127,10.3,-6.32131022833294));
#16934=CARTESIAN_POINT('Origin',(0.193728037365626,10.3,0.663340006980463));
#16935=CARTESIAN_POINT('Origin',(0.193728037365626,0.,0.663340006980463));
#16936=CARTESIAN_POINT('Origin',(0.,10.3,0.));
#16937=CARTESIAN_POINT('',(6.50745607473127,10.3,-6.32131022833294));
#16938=CARTESIAN_POINT('',(3.7374933363755,10.3,-8.75));
#16939=CARTESIAN_POINT('',(1.88745607473126,10.3,-8.59839773358));
#16940=CARTESIAN_POINT('Origin',(0.,0.,0.));
#16941=CARTESIAN_POINT('',(-1.5,0.,-8.61854066867098));
#16942=CARTESIAN_POINT('',(-6.12,0.,-6.58315801720702));
#16943=CARTESIAN_POINT('',(-3.32713050288984,0.,-8.75));
#16944=CARTESIAN_POINT('Origin',(1.88745607473126,10.3,1.25));
#16945=CARTESIAN_POINT('',(1.88745607473126,7.99,-8.75));
#16946=CARTESIAN_POINT('',(1.88745607473126,7.99,-8.75));
#16947=CARTESIAN_POINT('',(1.88745607473126,7.53003726164423,-8.75));
#16948=CARTESIAN_POINT('',(1.88745607473126,5.68,-8.59839773358));
#16949=CARTESIAN_POINT('Origin',(6.50745607473127,10.3,1.25));
#16950=CARTESIAN_POINT('',(6.50745607473126,5.68,-6.32131022833294));
#16951=CARTESIAN_POINT('',(6.50745607473127,8.44996273835577,-8.75));
#16952=CARTESIAN_POINT('Origin',(6.50745607473126,5.68,1.25));
#16953=CARTESIAN_POINT('',(4.65741881308704,5.68,-8.75));
#16954=CARTESIAN_POINT('Origin',(-1.5,4.62,1.25));
#16955=CARTESIAN_POINT('',(-1.5,4.62,-8.61854066867098));
#16956=CARTESIAN_POINT('',(-4.28538223712791,4.62,-8.75));
#16957=CARTESIAN_POINT('',(-6.12,4.62,-6.58315801720702));
#16958=CARTESIAN_POINT('Origin',(-1.5,4.62,1.25));
#16959=CARTESIAN_POINT('',(-1.5,2.80683312322755,-8.75));
#16960=CARTESIAN_POINT('Origin',(-6.12,4.62,1.25));
#16961=CARTESIAN_POINT('',(-6.12,2.31,-8.75));
#16962=CARTESIAN_POINT('',(-6.12,2.31,-8.75));
#16963=CARTESIAN_POINT('',(-6.12,1.84929183725696,-8.75));
#16964=CARTESIAN_POINT('Origin',(6.50745607473127,8.44996273835577,-8.75));
#16965=CARTESIAN_POINT('',(1.84210775215226,7.99,-8.75));
#16966=CARTESIAN_POINT('',(1.84210775215226,7.99,-8.75));
#16967=CARTESIAN_POINT('Origin',(4.19745607473126,7.99,-8.75));
#16968=CARTESIAN_POINT('Origin',(6.50745607473127,8.44996273835577,-8.75));
#16969=CARTESIAN_POINT('Origin',(4.19745607473126,7.99,-8.75));
#16970=CARTESIAN_POINT('Origin',(1.84210775215226,7.99,-8.75));
#16971=CARTESIAN_POINT('Origin',(4.19745607473126,7.99,-8.75));
#16972=CARTESIAN_POINT('Origin',(1.84210775215226,7.99,-8.75));
#16973=CARTESIAN_POINT('Origin',(4.19745607473126,7.99,-8.75));
#16974=CARTESIAN_POINT('Origin',(1.84210775215226,7.99,-8.75));
#16975=CARTESIAN_POINT('Origin',(4.19745607473126,7.99,-8.75));
#16976=CARTESIAN_POINT('Origin',(4.19745607473126,7.99,-9.79297220550279));
#16977=CARTESIAN_POINT('',(2.34745607473126,7.99,-9.79297220550279));
#16978=CARTESIAN_POINT('Origin',(-6.12,1.84929183725696,-8.75));
#16979=CARTESIAN_POINT('',(-6.16542181493693,2.31,-8.75));
#16980=CARTESIAN_POINT('',(-6.12,2.31,-8.75));
#16981=CARTESIAN_POINT('Origin',(-3.80625637000888,2.31,-8.75));
#16982=CARTESIAN_POINT('Origin',(-6.12,1.84929183725696,-8.75));
#16983=CARTESIAN_POINT('Origin',(-3.80625637000888,2.31,-8.75));
#16984=CARTESIAN_POINT('Origin',(-6.12,1.84929183725696,-8.75));
#16985=CARTESIAN_POINT('Origin',(-3.80625637000888,2.31,-8.75));
#16986=CARTESIAN_POINT('Origin',(-3.80625637000888,2.31,-8.75));
#16987=CARTESIAN_POINT('Origin',(-3.80625637000888,2.31,-8.75));
#16988=CARTESIAN_POINT('',(-6.16542181493693,2.31,-8.75));
#16989=CARTESIAN_POINT('Origin',(-3.80625637000888,2.31,-8.75));
#16990=CARTESIAN_POINT('Origin',(-6.16542181493693,2.31,-8.75));
#16991=CARTESIAN_POINT('Origin',(-6.12,1.84929183725696,-8.75));
#16992=CARTESIAN_POINT('Origin',(-3.80625637000888,2.31,-18.1168999560879));
#16993=CARTESIAN_POINT('',(-6.65518634118466,2.31,-13.8573237004424));
#16994=CARTESIAN_POINT('',(-0.957326398833099,2.31,-13.8573237004424));
#16995=CARTESIAN_POINT('Origin',(-3.80625637000888,2.31,-13.8573237004424));
#16996=CARTESIAN_POINT('',(-5.65625637000888,2.31,-17.7129063577304));
#16997=CARTESIAN_POINT('',(-5.55158702443031,2.31,-18.1168999560879));
#16998=CARTESIAN_POINT('',(-1.95625637000888,2.31,-17.7129063577304));
#16999=CARTESIAN_POINT('Origin',(-3.80625637000888,2.31,-17.7129063577304));
#17000=CARTESIAN_POINT('Origin',(-3.80625637000888,2.31,-17.7129063577304));
#17001=CARTESIAN_POINT('Origin',(-3.80625637000888,2.31,-13.8573237004424));
#17002=CARTESIAN_POINT('Origin',(-3.80625637000888,2.31,-13.8573237004424));
#17003=CARTESIAN_POINT('',(-0.9573263988331,2.31,-13.8573237004424));
#17004=CARTESIAN_POINT('Origin',(0.,0.,-8.75));
#17005=CARTESIAN_POINT('',(-2.80625637000888,2.31,-8.75));
#17006=CARTESIAN_POINT('Origin',(-3.80625637000888,2.31,-8.75));
#17007=CARTESIAN_POINT('Origin',(-3.80625637000888,2.31,-8.75));
#17008=CARTESIAN_POINT('',(-2.80625637000888,2.31,-19.42));
#17009=CARTESIAN_POINT('',(-2.80625637000888,2.31,-8.75));
#17010=CARTESIAN_POINT('Origin',(-3.80625637000888,2.31,-19.42));
#17011=CARTESIAN_POINT('Origin',(0.,0.,-19.42));
#17012=CARTESIAN_POINT('',(-1.95625637000888,2.31,-19.42));
#17013=CARTESIAN_POINT('Origin',(-3.80625637000888,2.31,-19.42));
#17014=CARTESIAN_POINT('Origin',(-3.80625637000888,2.31,-8.75));
#17015=CARTESIAN_POINT('',(-1.95625637000888,2.31,-8.75));
#17016=CARTESIAN_POINT('Origin',(4.19745607473126,7.99,-13.9040782354282));
#17017=CARTESIAN_POINT('',(6.04745607473126,7.99,-15.847349239589));
#17018=CARTESIAN_POINT('Origin',(4.19745607473126,7.99,-15.847349239589));
#17019=CARTESIAN_POINT('',(6.05456308229521,7.99,-17.6958240512773));
#17020=CARTESIAN_POINT('',(6.03998459519687,7.99,-13.9040782354282));
#17021=CARTESIAN_POINT('',(2.34034906716732,7.99,-17.6958240512773));
#17022=CARTESIAN_POINT('Origin',(4.19745607473126,7.99,-17.6958240512773));
#17023=CARTESIAN_POINT('Origin',(4.19745607473126,7.99,-17.6958240512773));
#17024=CARTESIAN_POINT('Origin',(4.19745607473126,7.99,-17.6958240512773));
#17025=CARTESIAN_POINT('',(1.30938884727786,7.99,-13.8947530284952));
#17026=CARTESIAN_POINT('Origin',(4.19745607473126,7.99,-13.8947530284952));
#17027=CARTESIAN_POINT('',(2.34034906716732,7.99,-17.6958240512773));
#17028=CARTESIAN_POINT('Origin',(4.19745607473126,7.99,-13.8947530284952));
#17029=CARTESIAN_POINT('',(1.30938884727785,7.99,-13.8947530284952));
#17030=CARTESIAN_POINT('Origin',(0.,0.,-8.75));
#17031=CARTESIAN_POINT('',(5.19745607473126,7.99,-8.75));
#17032=CARTESIAN_POINT('Origin',(4.19745607473126,7.99,-8.75));
#17033=CARTESIAN_POINT('Origin',(4.19745607473126,7.99,-8.75));
#17034=CARTESIAN_POINT('',(5.19745607473126,7.99,-19.42));
#17035=CARTESIAN_POINT('',(5.19745607473126,7.99,-8.75));
#17036=CARTESIAN_POINT('Origin',(4.19745607473126,7.99,-19.42));
#17037=CARTESIAN_POINT('Origin',(1.72563323017096E-30,9.28443326026944E-15,
-19.42));
#17038=CARTESIAN_POINT('',(6.04745607473126,7.99,-19.42));
#17039=CARTESIAN_POINT('Origin',(4.19745607473126,7.99,-19.42));
#17040=CARTESIAN_POINT('Origin',(4.19745607473126,7.99,-8.75));
#17041=CARTESIAN_POINT('',(6.04745607473126,7.99,-8.75));
#17042=CARTESIAN_POINT('Origin',(-2.04876989419891,5.3,10.75));
#17043=CARTESIAN_POINT('',(-2.04876989419891,5.3,10.75));
#17044=CARTESIAN_POINT('',(-2.04876989419891,5.3,10.75));
#17045=CARTESIAN_POINT('',(-2.04876989419891,4.99999999999999,10.75));
#17046=CARTESIAN_POINT('',(-2.04876989419891,4.99999999999999,10.75));
#17047=CARTESIAN_POINT('',(-2.04876989419891,5.3,10.75));
#17048=CARTESIAN_POINT('Origin',(-0.848769894198914,4.99999999999999,10.75));
#17049=CARTESIAN_POINT('',(-0.848769894198914,4.99999999999999,10.75));
#17050=CARTESIAN_POINT('',(-0.848769894198914,4.99999999999999,10.75));
#17051=CARTESIAN_POINT('',(-0.848769894198914,5.30000000000001,10.75));
#17052=CARTESIAN_POINT('',(-0.848769894198914,5.30000000000001,10.75));
#17053=CARTESIAN_POINT('',(-0.848769894198914,4.99999999999999,10.75));
#17054=CARTESIAN_POINT('Origin',(-0.848769894198914,5.30000000000001,10.75));
#17055=CARTESIAN_POINT('',(-0.848769894198914,5.30000000000001,10.75));
#17056=CARTESIAN_POINT('Origin',(-2.04876989419891,4.99999999999999,10.75));
#17057=CARTESIAN_POINT('',(-2.04876989419891,4.99999999999999,10.75));
#17058=CARTESIAN_POINT('Origin',(0.,0.,10.75));
#17059=CARTESIAN_POINT('',(-1.3482759391103,5.15,10.75));
#17060=CARTESIAN_POINT('Origin',(-1.44876989419892,5.15,10.75));
#17061=CARTESIAN_POINT('Origin',(-3.74876989419892,5.00423167775867,10.75));
#17062=CARTESIAN_POINT('',(-3.74876989419892,5.00423167775867,10.75));
#17063=CARTESIAN_POINT('',(-3.74876989419892,5.00423167775867,10.75));
#17064=CARTESIAN_POINT('',(-3.74876989419892,5.30423167775868,10.75));
#17065=CARTESIAN_POINT('',(-3.74876989419892,5.30423167775868,10.75));
#17066=CARTESIAN_POINT('',(-3.74876989419892,5.00423167775867,10.75));
#17067=CARTESIAN_POINT('Origin',(-4.94876989419892,5.30423167775868,10.75));
#17068=CARTESIAN_POINT('',(-4.94876989419892,5.30423167775868,10.75));
#17069=CARTESIAN_POINT('',(-4.94876989419892,5.30423167775868,10.75));
#17070=CARTESIAN_POINT('',(-4.94876989419892,5.00423167775867,10.75));
#17071=CARTESIAN_POINT('',(-4.94876989419892,5.00423167775867,10.75));
#17072=CARTESIAN_POINT('',(-4.94876989419892,5.30423167775868,10.75));
#17073=CARTESIAN_POINT('Origin',(-3.74876989419892,5.30423167775868,10.75));
#17074=CARTESIAN_POINT('',(-3.74876989419892,5.30423167775868,10.75));
#17075=CARTESIAN_POINT('Origin',(-4.94876989419892,5.00423167775867,10.75));
#17076=CARTESIAN_POINT('',(-4.94876989419892,5.00423167775867,10.75));
#17077=CARTESIAN_POINT('Origin',(0.,0.,10.75));
#17078=CARTESIAN_POINT('',(-4.2482759391103,5.15423167775868,10.75));
#17079=CARTESIAN_POINT('Origin',(-4.34876989419891,5.15423167775868,10.75));
#17080=CARTESIAN_POINT('Origin',(2.05123010580107,5.,10.75));
#17081=CARTESIAN_POINT('',(2.05123010580107,5.,10.75));
#17082=CARTESIAN_POINT('',(2.05123010580107,5.,10.75));
#17083=CARTESIAN_POINT('',(2.05123010580107,5.3,10.75));
#17084=CARTESIAN_POINT('',(2.05123010580107,5.3,10.75));
#17085=CARTESIAN_POINT('',(2.05123010580107,5.,10.75));
#17086=CARTESIAN_POINT('Origin',(0.851230105801086,5.3,10.75));
#17087=CARTESIAN_POINT('',(0.851230105801086,5.3,10.75));
#17088=CARTESIAN_POINT('',(0.851230105801086,5.3,10.75));
#17089=CARTESIAN_POINT('',(0.851230105801086,5.,10.75));
#17090=CARTESIAN_POINT('',(0.851230105801086,5.,10.75));
#17091=CARTESIAN_POINT('',(0.851230105801086,5.3,10.75));
#17092=CARTESIAN_POINT('Origin',(2.05123010580107,5.3,10.75));
#17093=CARTESIAN_POINT('',(2.05123010580107,5.3,10.75));
#17094=CARTESIAN_POINT('Origin',(0.851230105801086,5.,10.75));
#17095=CARTESIAN_POINT('',(0.851230105801086,5.,10.75));
#17096=CARTESIAN_POINT('Origin',(0.,0.,10.75));
#17097=CARTESIAN_POINT('',(1.5517240608897,5.15,10.75));
#17098=CARTESIAN_POINT('Origin',(1.45123010580109,5.15,10.75));
#17099=CARTESIAN_POINT('Origin',(3.75123010580107,5.3,10.75));
#17100=CARTESIAN_POINT('',(3.75123010580107,5.3,10.75));
#17101=CARTESIAN_POINT('',(3.75123010580107,5.3,10.75));
#17102=CARTESIAN_POINT('',(3.75123010580107,5.,10.75));
#17103=CARTESIAN_POINT('',(3.75123010580107,5.,10.75));
#17104=CARTESIAN_POINT('',(3.75123010580107,5.3,10.75));
#17105=CARTESIAN_POINT('Origin',(4.95123010580106,5.,10.75));
#17106=CARTESIAN_POINT('',(4.95123010580106,5.,10.75));
#17107=CARTESIAN_POINT('',(4.95123010580106,5.,10.75));
#17108=CARTESIAN_POINT('',(4.95123010580106,5.3,10.75));
#17109=CARTESIAN_POINT('',(4.95123010580106,5.3,10.75));
#17110=CARTESIAN_POINT('',(4.95123010580106,5.,10.75));
#17111=CARTESIAN_POINT('Origin',(4.95123010580106,5.3,10.75));
#17112=CARTESIAN_POINT('',(4.95123010580106,5.3,10.75));
#17113=CARTESIAN_POINT('Origin',(3.75123010580107,5.,10.75));
#17114=CARTESIAN_POINT('',(3.75123010580107,5.,10.75));
#17115=CARTESIAN_POINT('Origin',(0.,0.,10.75));
#17116=CARTESIAN_POINT('',(4.46581084376413,5.15,10.75));
#17117=CARTESIAN_POINT('Origin',(4.35123010580107,5.15,10.75));
#17118=CARTESIAN_POINT('Origin',(-4.34876989419891,5.15423167775868,16.65));
#17119=CARTESIAN_POINT('',(-4.2482759391103,5.15423167775868,16.65));
#17120=CARTESIAN_POINT('',(-4.2482759391103,5.15423167775868,16.65));
#17121=CARTESIAN_POINT('Origin',(-4.34876989419891,5.15423167775868,16.65));
#17122=CARTESIAN_POINT('Origin',(-4.34876989419891,5.15423167775868,16.65));
#17123=CARTESIAN_POINT('Origin',(-1.44876989419892,5.15,16.65));
#17124=CARTESIAN_POINT('',(-1.3482759391103,5.15,16.65));
#17125=CARTESIAN_POINT('',(-1.3482759391103,5.15,16.65));
#17126=CARTESIAN_POINT('Origin',(-1.44876989419892,5.15,16.65));
#17127=CARTESIAN_POINT('Origin',(-1.44876989419892,5.15,16.65));
#17128=CARTESIAN_POINT('Origin',(1.45123010580109,5.15,16.65));
#17129=CARTESIAN_POINT('',(1.5517240608897,5.15,16.65));
#17130=CARTESIAN_POINT('',(1.5517240608897,5.15,16.65));
#17131=CARTESIAN_POINT('Origin',(1.45123010580109,5.15,16.65));
#17132=CARTESIAN_POINT('Origin',(1.45123010580109,5.15,16.65));
#17133=CARTESIAN_POINT('Origin',(4.35123010580107,5.15,16.65));
#17134=CARTESIAN_POINT('',(4.46581084376413,5.15,16.65));
#17135=CARTESIAN_POINT('',(4.46581084376412,5.15,16.65));
#17136=CARTESIAN_POINT('Origin',(4.35123010580107,5.15,16.65));
#17137=CARTESIAN_POINT('Origin',(4.35123010580107,5.15,16.65));
#17138=CARTESIAN_POINT('',(0.,0.,0.));
#17139=CARTESIAN_POINT('Origin',(-15.0000002235174,-20.0000002980232,0.));
#17140=CARTESIAN_POINT('',(-17.0000002235174,-20.0000002980232,24.));
#17141=CARTESIAN_POINT('Origin',(-15.0000002235174,-20.0000002980232,24.));
#17142=CARTESIAN_POINT('',(-17.0000002235174,-20.0000002980232,0.));
#17143=CARTESIAN_POINT('',(-17.0000002235174,-20.0000002980232,0.));
#17144=CARTESIAN_POINT('Origin',(-15.0000002235174,-20.0000002980232,0.));
#17145=CARTESIAN_POINT('Origin',(-15.0000002235174,-20.0000002980232,0.));
#17146=CARTESIAN_POINT('',(-18.0000002235174,-20.0000002980232,24.));
#17147=CARTESIAN_POINT('Origin',(-15.0000002235174,-20.0000002980232,24.));
#17148=CARTESIAN_POINT('',(-18.0000002235174,-20.0000002980232,0.));
#17149=CARTESIAN_POINT('',(-18.0000002235174,-20.0000002980232,0.));
#17150=CARTESIAN_POINT('Origin',(-15.0000002235174,-20.0000002980232,0.));
#17151=CARTESIAN_POINT('Origin',(-15.0000002235174,-20.0000002980232,24.));
#17152=CARTESIAN_POINT('Origin',(-15.0000002235174,-20.0000002980232,0.));
#17153=CARTESIAN_POINT('',(0.,0.,0.));
#17154=CARTESIAN_POINT('Origin',(12.8124117228946,-45.51,-28.9914750709095));
#17155=CARTESIAN_POINT('',(2.81241172289464,-45.51,-32.3289750709095));
#17156=CARTESIAN_POINT('',(12.8124117228946,-55.51,-32.3289750709095));
#17157=CARTESIAN_POINT('Origin',(12.8124117228946,-45.51,-32.3289750709096));
#17158=CARTESIAN_POINT('',(12.8124117228947,-55.51,-26.9789750709096));
#17159=CARTESIAN_POINT('',(12.8124117228946,-55.51,-28.9914750709095));
#17160=CARTESIAN_POINT('',(5.67098329435181,-52.51,-26.9789750709096));
#17161=CARTESIAN_POINT('Origin',(12.8124117228947,-45.51,-26.9789750709096));
#17162=CARTESIAN_POINT('',(5.6709832943518,-52.51,-28.3289750709095));
#17163=CARTESIAN_POINT('',(5.6709832943518,-52.51,-28.9914750709095));
#17164=CARTESIAN_POINT('',(2.81241172289465,-45.51,-28.3289750709095));
#17165=CARTESIAN_POINT('Origin',(12.8124117228947,-45.51,-28.3289750709096));
#17166=CARTESIAN_POINT('',(2.81241172289465,-45.51,-28.9914750709095));
#17167=CARTESIAN_POINT('Origin',(40.8124117228947,-52.51,-26.9789750709096));
#17168=CARTESIAN_POINT('',(30.8124117228947,-55.51,-26.9789750709096));
#17169=CARTESIAN_POINT('',(31.3124117228947,-55.51,-26.9789750709096));
#17170=CARTESIAN_POINT('',(37.9538401514375,-52.51,-26.9789750709096));
#17171=CARTESIAN_POINT('Origin',(30.8124117228947,-45.51,-26.9789750709096));
#17172=CARTESIAN_POINT('',(31.3124117228947,-52.51,-26.9789750709096));
#17173=CARTESIAN_POINT('Origin',(21.8124117228947,-55.51,-29.6539750709096));
#17174=CARTESIAN_POINT('',(30.8124117228947,-55.51,-32.3289750709096));
#17175=CARTESIAN_POINT('',(12.3124117228946,-55.51,-32.3289750709095));
#17176=CARTESIAN_POINT('',(30.8124117228947,-55.51,-30.9914750709096));
#17177=CARTESIAN_POINT('Origin',(45.1624117228947,11.49,-32.3289750709096));
#17178=CARTESIAN_POINT('',(2.81241172289464,-16.51,-32.3289750709095));
#17179=CARTESIAN_POINT('',(2.81241172289464,11.49,-32.3289750709095));
#17180=CARTESIAN_POINT('',(-1.53758827710533,-16.51,-32.3289750709095));
#17181=CARTESIAN_POINT('',(10.1374117228947,-16.51,-32.3289750709095));
#17182=CARTESIAN_POINT('',(-1.53758827710533,18.24,-32.3289750709095));
#17183=CARTESIAN_POINT('',(-1.53758827710533,11.49,-32.3289750709095));
#17184=CARTESIAN_POINT('',(45.1624117228947,18.24,-32.3289750709096));
#17185=CARTESIAN_POINT('',(33.4874117228947,18.24,-32.3289750709096));
#17186=CARTESIAN_POINT('',(45.1624117228947,-16.51,-32.3289750709096));
#17187=CARTESIAN_POINT('',(45.1624117228947,11.49,-32.3289750709096));
#17188=CARTESIAN_POINT('',(40.8124117228947,-16.51,-32.3289750709096));
#17189=CARTESIAN_POINT('',(31.3124117228947,-16.51,-32.3289750709096));
#17190=CARTESIAN_POINT('',(40.8124117228947,-45.51,-32.3289750709096));
#17191=CARTESIAN_POINT('',(40.8124117228947,11.49,-32.3289750709096));
#17192=CARTESIAN_POINT('Origin',(30.8124117228947,-45.51,-32.3289750709096));
#17193=CARTESIAN_POINT('Origin',(30.8124117228947,-45.51,-30.9914750709096));
#17194=CARTESIAN_POINT('',(40.8124117228947,-45.51,-28.3289750709096));
#17195=CARTESIAN_POINT('',(40.8124117228947,-45.51,-30.9914750709096));
#17196=CARTESIAN_POINT('',(37.9538401514375,-52.51,-28.3289750709096));
#17197=CARTESIAN_POINT('Origin',(30.8124117228947,-45.51,-28.3289750709096));
#17198=CARTESIAN_POINT('',(37.9538401514375,-52.51,-30.9914750709096));
#17199=CARTESIAN_POINT('Origin',(45.8124117228948,14.24,39.8710249290904));
#17200=CARTESIAN_POINT('',(45.292411722895,14.24,44.8439114148248));
#17201=CARTESIAN_POINT('',(40.8124117228948,14.24,39.8710249290904));
#17202=CARTESIAN_POINT('Origin',(45.8124117228948,14.24,39.8710249290904));
#17203=CARTESIAN_POINT('',(40.8124117228948,18.24,39.8710249290904));
#17204=CARTESIAN_POINT('',(40.8124117228948,14.24,39.8710249290904));
#17205=CARTESIAN_POINT('',(45.8124117228948,18.24,44.8710249290904));
#17206=CARTESIAN_POINT('Origin',(45.8124117228948,18.24,39.8710249290904));
#17207=CARTESIAN_POINT('',(45.8124117228948,13.7200000000002,44.8710249290904));
#17208=CARTESIAN_POINT('',(45.8124117228948,14.24,44.8710249290904));
#17209=CARTESIAN_POINT('Origin',(45.8124117228948,13.7200000000002,39.8710249290904));
#17210=CARTESIAN_POINT('Origin',(40.8124117228948,14.24,44.8710249290904));
#17211=CARTESIAN_POINT('',(40.8124117228948,14.24,17.1210249290905));
#17212=CARTESIAN_POINT('',(40.8124117228948,14.24,37.2460249290904));
#17213=CARTESIAN_POINT('',(40.8124117228948,11.49,14.3710249290905));
#17214=CARTESIAN_POINT('',(40.8124117228948,20.49,23.3710249290905));
#17215=CARTESIAN_POINT('',(40.8124117228948,18.24,14.3710249290904));
#17216=CARTESIAN_POINT('',(40.8124117228948,14.24,14.3710249290904));
#17217=CARTESIAN_POINT('',(40.8124117228948,18.24,37.2460249290904));
#17218=CARTESIAN_POINT('Origin',(21.8124117228947,17.24,-21.9789750709095));
#17219=CARTESIAN_POINT('',(23.6124117228947,18.24,-21.9789750709095));
#17220=CARTESIAN_POINT('Origin',(21.8124117228947,18.24,-21.9789750709095));
#17221=CARTESIAN_POINT('',(23.3124117228947,16.24,-21.9789750709095));
#17222=CARTESIAN_POINT('',(23.4624117228947,17.24,-21.9789750709095));
#17223=CARTESIAN_POINT('Origin',(21.8124117228947,16.24,-21.9789750709095));
#17224=CARTESIAN_POINT('Origin',(21.8124117228947,18.24,-21.9789750709095));
#17225=CARTESIAN_POINT('',(23.3124117228947,12.49,-21.9789750709095));
#17226=CARTESIAN_POINT('',(23.3124117228947,18.24,-21.9789750709095));
#17227=CARTESIAN_POINT('Origin',(21.8124117228947,12.49,-21.9789750709095));
#17228=CARTESIAN_POINT('Origin',(33.022411722895,18.24,61.474752966456));
#17229=CARTESIAN_POINT('',(7.81241172289501,18.24,78.0784810038217));
#17230=CARTESIAN_POINT('',(2.812411722895,18.24,73.0784810038217));
#17231=CARTESIAN_POINT('Origin',(7.812411722895,18.24,73.0784810038217));
#17232=CARTESIAN_POINT('',(58.232411722895,18.24,78.0784810038216));
#17233=CARTESIAN_POINT('',(17.917411722895,18.24,78.0784810038217));
#17234=CARTESIAN_POINT('',(63.232411722895,18.24,73.0784810038216));
#17235=CARTESIAN_POINT('Origin',(58.232411722895,18.24,73.0784810038216));
#17236=CARTESIAN_POINT('',(63.232411722895,18.24,49.8710249290904));
#17237=CARTESIAN_POINT('',(63.232411722895,18.24,69.7766169851389));
#17238=CARTESIAN_POINT('',(58.232411722895,18.24,44.8710249290904));
#17239=CARTESIAN_POINT('Origin',(58.232411722895,18.24,49.8710249290904));
#17240=CARTESIAN_POINT('',(48.127411722895,18.24,44.8710249290904));
#17241=CARTESIAN_POINT('',(45.1624117228948,18.24,14.3710249290904));
#17242=CARTESIAN_POINT('',(10.1374117228948,18.24,14.3710249290905));
#17243=CARTESIAN_POINT('',(45.1624117228948,18.24,2.69602492909044));
#17244=CARTESIAN_POINT('',(-1.5375882771052,18.24,14.3710249290905));
#17245=CARTESIAN_POINT('',(-1.53758827710532,18.24,-20.6539750709095));
#17246=CARTESIAN_POINT('',(2.81241172289482,18.24,14.3710249290905));
#17247=CARTESIAN_POINT('',(10.1374117228948,18.24,14.3710249290905));
#17248=CARTESIAN_POINT('',(2.81241172289487,18.24,21.9960249290905));
#17249=CARTESIAN_POINT('',(56.282411722895,18.24,73.0784810038217));
#17250=CARTESIAN_POINT('Origin',(58.232411722895,18.24,73.0784810038217));
#17251=CARTESIAN_POINT('',(56.2824117228949,18.24,50.8584810038217));
#17252=CARTESIAN_POINT('Origin',(58.232411722895,18.24,50.8584810038217));
#17253=CARTESIAN_POINT('',(20.062411722895,18.24,49.8710249290905));
#17254=CARTESIAN_POINT('Origin',(21.7124117228949,18.24,49.8710249290905));
#17255=CARTESIAN_POINT('',(20.062411722895,18.24,65.6710249290905));
#17256=CARTESIAN_POINT('Origin',(21.712411722895,18.24,65.6710249290905));
#17257=CARTESIAN_POINT('',(32.4326117170173,18.24,26.5961168635589));
#17258=CARTESIAN_POINT('Origin',(29.9326117170173,18.24,26.5961168635589));
#17259=CARTESIAN_POINT('',(32.4326117170173,18.24,46.5961168635589));
#17260=CARTESIAN_POINT('Origin',(29.9326117170173,18.24,46.5961168635589));
#17261=CARTESIAN_POINT('Origin',(29.9326117170173,18.24,46.5961168635589));
#17262=CARTESIAN_POINT('',(32.4326117170173,14.24,46.5961168635589));
#17263=CARTESIAN_POINT('',(32.4326117170173,18.24,46.5961168635589));
#17264=CARTESIAN_POINT('Origin',(29.9326117170173,14.24,46.5961168635589));
#17265=CARTESIAN_POINT('Origin',(29.9326117170173,18.24,26.5961168635589));
#17266=CARTESIAN_POINT('',(32.4326117170173,14.24,26.5961168635589));
#17267=CARTESIAN_POINT('',(32.4326117170173,18.24,26.5961168635589));
#17268=CARTESIAN_POINT('Origin',(29.9326117170173,14.24,26.5961168635589));
#17269=CARTESIAN_POINT('Origin',(21.8124117228947,11.49,-21.9789750709095));
#17270=CARTESIAN_POINT('',(24.3124117228947,11.49,-21.9789750709095));
#17271=CARTESIAN_POINT('Origin',(21.8124117228947,11.49,-21.9789750709095));
#17272=CARTESIAN_POINT('',(24.3124117228947,12.49,-21.9789750709095));
#17273=CARTESIAN_POINT('',(24.3124117228947,11.49,-21.9789750709095));
#17274=CARTESIAN_POINT('Origin',(21.8124117228947,12.49,-21.9789750709095));
#17275=CARTESIAN_POINT('Origin',(21.8124117228947,12.49,-21.9789750709095));
#17276=CARTESIAN_POINT('Origin',(21.8124117228948,11.49,-8.97897507090949));
#17277=CARTESIAN_POINT('',(2.46241172289465,11.49,-28.3289750709095));
#17278=CARTESIAN_POINT('',(41.1624117228947,11.49,-28.3289750709096));
#17279=CARTESIAN_POINT('',(12.3124117228947,11.49,-28.3289750709095));
#17280=CARTESIAN_POINT('',(41.1624117228948,11.49,10.3710249290905));
#17281=CARTESIAN_POINT('',(41.1624117228948,11.49,0.69602492909045));
#17282=CARTESIAN_POINT('',(34.8124117228948,11.49,10.3710249290905));
#17283=CARTESIAN_POINT('',(28.3124117228948,11.49,10.3710249290905));
#17284=CARTESIAN_POINT('',(34.8124117228949,11.49,14.3710249290904));
#17285=CARTESIAN_POINT('',(34.8124117228948,11.49,2.69602492909042));
#17286=CARTESIAN_POINT('',(8.81241172289481,11.49,14.3710249290905));
#17287=CARTESIAN_POINT('',(10.1374117228948,11.49,14.3710249290905));
#17288=CARTESIAN_POINT('',(8.8124117228948,11.49,10.3710249290905));
#17289=CARTESIAN_POINT('',(8.81241172289478,11.49,0.696024929090495));
#17290=CARTESIAN_POINT('',(2.8124117228948,11.49,10.3710249290905));
#17291=CARTESIAN_POINT('',(12.3124117228948,11.49,10.3710249290904));
#17292=CARTESIAN_POINT('',(2.8124117228948,11.49,10.0210249290906));
#17293=CARTESIAN_POINT('',(2.81241172289475,11.49,0.521024929090593));
#17294=CARTESIAN_POINT('',(2.4624117228948,11.49,10.0210249290906));
#17295=CARTESIAN_POINT('',(12.1374117228948,11.49,10.0210249290905));
#17296=CARTESIAN_POINT('',(2.46241172289469,11.49,-18.6539750709094));
#17297=CARTESIAN_POINT('Origin',(40.8124117228948,-13.51,9.02102492909042));
#17298=CARTESIAN_POINT('',(40.8124117228948,-13.51,10.3710249290905));
#17299=CARTESIAN_POINT('',(40.8124117228948,-13.51,9.02102492909042));
#17300=CARTESIAN_POINT('',(40.8124117228948,-13.51,0.0210249290904418));
#17301=CARTESIAN_POINT('',(40.8124117228948,-16.51,10.3710249290905));
#17302=CARTESIAN_POINT('',(40.8124117228948,-13.51,10.3710249290905));
#17303=CARTESIAN_POINT('',(40.8124117228948,-16.51,9.02102492909042));
#17304=CARTESIAN_POINT('',(40.8124117228948,-16.51,0.0210249290904418));
#17305=CARTESIAN_POINT('',(40.8124117228948,-13.51,9.02102492909042));
#17306=CARTESIAN_POINT('Origin',(34.8124117228948,-13.51,9.02102492909042));
#17307=CARTESIAN_POINT('',(34.8124117228948,-13.51,9.02102492909042));
#17308=CARTESIAN_POINT('',(28.3124117228948,-13.51,9.02102492909042));
#17309=CARTESIAN_POINT('',(34.8124117228948,-16.51,9.02102492909042));
#17310=CARTESIAN_POINT('',(28.3124117228948,-16.51,9.02102492909042));
#17311=CARTESIAN_POINT('',(34.8124117228948,-13.51,9.02102492909042));
#17312=CARTESIAN_POINT('Origin',(21.8124117228948,-13.51,-8.97897507090953));
#17313=CARTESIAN_POINT('',(34.8124117228948,-13.51,10.3710249290905));
#17314=CARTESIAN_POINT('',(31.4874117228948,-13.51,10.3710249290905));
#17315=CARTESIAN_POINT('',(34.8124117228948,-13.51,2.6960249290904));
#17316=CARTESIAN_POINT('Origin',(21.8124117228948,-16.51,-8.97897507090953));
#17317=CARTESIAN_POINT('',(45.1624117228948,-16.51,14.3710249290904));
#17318=CARTESIAN_POINT('',(34.8124117228949,-16.51,14.3710249290904));
#17319=CARTESIAN_POINT('',(33.4874117228948,-16.51,14.3710249290904));
#17320=CARTESIAN_POINT('',(34.8124117228948,-16.51,2.6960249290904));
#17321=CARTESIAN_POINT('',(41.1624117228948,-16.51,10.3710249290905));
#17322=CARTESIAN_POINT('',(31.3124117228948,-16.51,10.3710249290905));
#17323=CARTESIAN_POINT('',(41.1624117228947,-16.51,-28.3289750709096));
#17324=CARTESIAN_POINT('',(41.1624117228948,-16.51,0.696024929090428));
#17325=CARTESIAN_POINT('',(40.8124117228947,-16.51,-28.3289750709096));
#17326=CARTESIAN_POINT('',(31.4874117228947,-16.51,-28.3289750709096));
#17327=CARTESIAN_POINT('',(40.8124117228947,-16.51,-20.6539750709096));
#17328=CARTESIAN_POINT('',(45.1624117228948,-16.51,-20.6539750709096));
#17329=CARTESIAN_POINT('Origin',(2.8124117228948,-13.51,9.02102492909057));
#17330=CARTESIAN_POINT('',(8.8124117228948,-13.51,9.02102492909057));
#17331=CARTESIAN_POINT('',(2.8124117228948,-13.51,9.02102492909057));
#17332=CARTESIAN_POINT('',(12.3124117228948,-13.51,9.02102492909057));
#17333=CARTESIAN_POINT('',(8.8124117228948,-16.51,9.02102492909057));
#17334=CARTESIAN_POINT('',(8.8124117228948,-13.51,9.02102492909057));
#17335=CARTESIAN_POINT('',(2.8124117228948,-16.51,9.02102492909057));
#17336=CARTESIAN_POINT('',(12.3124117228948,-16.51,9.02102492909057));
#17337=CARTESIAN_POINT('',(2.8124117228948,-13.51,9.02102492909057));
#17338=CARTESIAN_POINT('Origin',(2.8124117228948,-13.51,10.0210249290906));
#17339=CARTESIAN_POINT('',(2.8124117228948,-13.51,10.0210249290906));
#17340=CARTESIAN_POINT('',(2.81241172289478,-13.51,0.521024929090538));
#17341=CARTESIAN_POINT('',(2.8124117228948,-16.51,10.0210249290906));
#17342=CARTESIAN_POINT('',(2.81241172289478,-16.51,0.521024929090538));
#17343=CARTESIAN_POINT('',(2.8124117228948,-13.51,10.0210249290906));
#17344=CARTESIAN_POINT('Origin',(21.8124117228948,-13.51,-8.97897507090953));
#17345=CARTESIAN_POINT('',(2.8124117228948,-13.51,10.3710249290905));
#17346=CARTESIAN_POINT('',(8.8124117228948,-13.51,10.3710249290905));
#17347=CARTESIAN_POINT('',(15.3124117228948,-13.51,10.3710249290904));
#17348=CARTESIAN_POINT('',(8.81241172289478,-13.51,0.0210249290905334));
#17349=CARTESIAN_POINT('',(2.81241172289475,-13.51,0.696024929090526));
#17350=CARTESIAN_POINT('Origin',(21.8124117228948,-16.51,-8.97897507090953));
#17351=CARTESIAN_POINT('',(2.81241172289465,-16.51,-28.3289750709095));
#17352=CARTESIAN_POINT('',(2.46241172289465,-16.51,-28.3289750709095));
#17353=CARTESIAN_POINT('',(12.3124117228947,-16.51,-28.3289750709095));
#17354=CARTESIAN_POINT('',(2.4624117228948,-16.51,10.0210249290906));
#17355=CARTESIAN_POINT('',(2.46241172289469,-16.51,-18.6539750709095));
#17356=CARTESIAN_POINT('',(12.1374117228948,-16.51,10.0210249290905));
#17357=CARTESIAN_POINT('',(8.81241172289481,-16.51,14.3710249290905));
#17358=CARTESIAN_POINT('',(8.81241172289478,-16.51,0.0210249290905334));
#17359=CARTESIAN_POINT('',(-1.5375882771052,-16.51,14.3710249290905));
#17360=CARTESIAN_POINT('',(15.3124117228948,-16.51,14.3710249290905));
#17361=CARTESIAN_POINT('',(-1.53758827710528,-16.51,2.69602492909052));
#17362=CARTESIAN_POINT('',(2.81241172289467,-16.51,-18.6539750709095));
#17363=CARTESIAN_POINT('Origin',(2.4624117228948,11.49,10.0210249290906));
#17364=CARTESIAN_POINT('',(2.8124117228948,11.49,10.0210249290906));
#17365=CARTESIAN_POINT('',(2.4624117228948,11.49,10.0210249290906));
#17366=CARTESIAN_POINT('Origin',(2.46241172289465,11.49,-28.3289750709095));
#17367=CARTESIAN_POINT('',(2.46241172289465,11.49,-28.3289750709095));
#17368=CARTESIAN_POINT('Origin',(8.8124117228948,11.49,10.3710249290905));
#17369=CARTESIAN_POINT('',(8.81241172289481,11.49,14.3710249290905));
#17370=CARTESIAN_POINT('',(8.8124117228948,11.49,10.3710249290905));
#17371=CARTESIAN_POINT('Origin',(2.8124117228948,11.49,10.3710249290905));
#17372=CARTESIAN_POINT('',(2.8124117228948,11.49,10.3710249290905));
#17373=CARTESIAN_POINT('Origin',(2.8124117228948,11.49,10.0210249290906));
#17374=CARTESIAN_POINT('Origin',(2.81241172289465,11.49,-28.3289750709095));
#17375=CARTESIAN_POINT('',(2.81241172289465,11.49,-28.3289750709095));
#17376=CARTESIAN_POINT('Origin',(41.1624117228948,11.49,10.3710249290905));
#17377=CARTESIAN_POINT('',(41.1624117228947,11.49,-28.3289750709096));
#17378=CARTESIAN_POINT('',(41.1624117228948,11.49,10.3710249290905));
#17379=CARTESIAN_POINT('Origin',(34.8124117228948,11.49,10.3710249290905));
#17380=CARTESIAN_POINT('',(34.8124117228948,11.49,10.3710249290905));
#17381=CARTESIAN_POINT('Origin',(34.8124117228949,11.49,14.3710249290904));
#17382=CARTESIAN_POINT('',(34.8124117228949,11.49,14.3710249290904));
#17383=CARTESIAN_POINT('Origin',(40.8124117228947,11.49,-32.3289750709096));
#17384=CARTESIAN_POINT('',(40.8124117228947,11.49,-28.3289750709096));
#17385=CARTESIAN_POINT('Origin',(21.8124117228947,-52.51,-29.6539750709096));
#17386=CARTESIAN_POINT('',(12.3124117228947,-52.51,-28.3289750709095));
#17387=CARTESIAN_POINT('Origin',(40.8124117228947,11.49,-28.3289750709096));
#17388=CARTESIAN_POINT('Origin',(15.7424117228949,12.865,15.7460249290905));
#17389=CARTESIAN_POINT('',(2.81241172289484,14.24,17.1210249290905));
#17390=CARTESIAN_POINT('',(15.7424117228949,14.24,17.1210249290905));
#17391=CARTESIAN_POINT('',(2.81241172289499,11.49,14.3710249290905));
#17392=CARTESIAN_POINT('',(2.81241172289499,20.49,23.3710249290905));
#17393=CARTESIAN_POINT('',(10.1374117228948,11.49,14.3710249290905));
#17394=CARTESIAN_POINT('',(10.1374117228948,11.49,14.3710249290905));
#17395=CARTESIAN_POINT('Origin',(33.022411722895,14.24,61.474752966456));
#17396=CARTESIAN_POINT('',(45.292411722895,14.24,78.0784810038217));
#17397=CARTESIAN_POINT('',(45.292411722895,14.24,69.7766169851389));
#17398=CARTESIAN_POINT('',(7.81241172289501,14.24,78.0784810038217));
#17399=CARTESIAN_POINT('',(17.917411722895,14.24,78.0784810038217));
#17400=CARTESIAN_POINT('',(2.812411722895,14.24,73.0784810038217));
#17401=CARTESIAN_POINT('Origin',(7.812411722895,14.24,73.0784810038217));
#17402=CARTESIAN_POINT('',(2.81241172289487,14.24,21.9960249290905));
#17403=CARTESIAN_POINT('',(20.062411722895,14.24,65.6710249290905));
#17404=CARTESIAN_POINT('Origin',(21.712411722895,14.24,65.6710249290905));
#17405=CARTESIAN_POINT('',(20.062411722895,14.24,49.8710249290905));
#17406=CARTESIAN_POINT('Origin',(21.7124117228949,14.24,49.8710249290905));
#17407=CARTESIAN_POINT('Origin',(-1.5375882771052,11.49,14.3710249290905));
#17408=CARTESIAN_POINT('',(45.1624117228948,11.49,14.3710249290904));
#17409=CARTESIAN_POINT('Origin',(45.1624117228948,11.49,14.3710249290904));
#17410=CARTESIAN_POINT('Origin',(-1.5375882771052,11.49,14.3710249290905));
#17411=CARTESIAN_POINT('',(2.81241172289482,14.24,14.3710249290905));
#17412=CARTESIAN_POINT('',(-1.5375882771052,11.49,14.3710249290905));
#17413=CARTESIAN_POINT('Origin',(-1.53758827710533,11.49,-32.3289750709095));
#17414=CARTESIAN_POINT('Origin',(7.812411722895,14.24,73.0784810038217));
#17415=CARTESIAN_POINT('',(2.812411722895,14.24,73.0784810038217));
#17416=CARTESIAN_POINT('',(7.812411722895,14.24,78.0784810038217));
#17417=CARTESIAN_POINT('Origin',(2.812411722895,14.24,44.8710249290904));
#17418=CARTESIAN_POINT('Origin',(58.232411722895,14.24,49.8710249290904));
#17419=CARTESIAN_POINT('',(63.232411722895,10.3,49.8710249290904));
#17420=CARTESIAN_POINT('',(58.232411722895,10.3,44.8710249290904));
#17421=CARTESIAN_POINT('Origin',(58.232411722895,10.3,49.8710249290904));
#17422=CARTESIAN_POINT('',(58.232411722895,14.24,44.8710249290904));
#17423=CARTESIAN_POINT('',(63.232411722895,14.24,49.8710249290904));
#17424=CARTESIAN_POINT('Origin',(56.232411722895,10.3,61.474752966456));
#17425=CARTESIAN_POINT('',(63.232411722895,10.3,73.0784810038216));
#17426=CARTESIAN_POINT('',(63.232411722895,10.3,53.1728889477732));
#17427=CARTESIAN_POINT('',(58.232411722895,10.3,78.0784810038217));
#17428=CARTESIAN_POINT('Origin',(58.232411722895,10.3,73.0784810038216));
#17429=CARTESIAN_POINT('',(49.232411722895,10.3,78.0784810038217));
#17430=CARTESIAN_POINT('',(59.732411722895,10.3,78.0784810038217));
#17431=CARTESIAN_POINT('',(49.232411722895,10.3,44.8710249290904));
#17432=CARTESIAN_POINT('',(49.232411722895,10.3,69.7766169851388));
#17433=CARTESIAN_POINT('',(52.732411722895,10.3,44.8710249290904));
#17434=CARTESIAN_POINT('',(56.2824117228949,10.3,50.8584810038217));
#17435=CARTESIAN_POINT('Origin',(58.232411722895,10.3,50.8584810038217));
#17436=CARTESIAN_POINT('',(56.282411722895,10.3,73.0784810038217));
#17437=CARTESIAN_POINT('Origin',(58.232411722895,10.3,73.0784810038217));
#17438=CARTESIAN_POINT('Origin',(63.232411722895,14.24,78.0784810038217));
#17439=CARTESIAN_POINT('',(63.232411722895,14.24,73.0784810038216));
#17440=CARTESIAN_POINT('Origin',(58.232411722895,14.24,73.0784810038216));
#17441=CARTESIAN_POINT('',(58.232411722895,14.24,78.0784810038216));
#17442=CARTESIAN_POINT('Origin',(47.262411722895,12.27,69.7766169851389));
#17443=CARTESIAN_POINT('',(50.762411722895,8.77000000000001,44.8710249290904));
#17444=CARTESIAN_POINT('',(35.657411722895,23.875,78.0784810038217));
#17445=CARTESIAN_POINT('Origin',(58.232411722895,14.24,73.0784810038217));
#17446=CARTESIAN_POINT('',(56.282411722895,14.24,73.0784810038217));
#17447=CARTESIAN_POINT('Origin',(58.232411722895,14.24,50.8584810038217));
#17448=CARTESIAN_POINT('',(56.2824117228949,14.24,50.8584810038217));
#17449=CARTESIAN_POINT('Origin',(21.7124117228949,14.24,49.8710249290905));
#17450=CARTESIAN_POINT('',(20.062411722895,14.24,49.8710249290905));
#17451=CARTESIAN_POINT('Origin',(21.712411722895,14.24,65.6710249290905));
#17452=CARTESIAN_POINT('',(20.062411722895,14.24,65.6710249290905));
#17453=CARTESIAN_POINT('Origin',(2.812411722895,14.24,78.0784810038217));
#17454=CARTESIAN_POINT('Origin',(63.232411722895,14.24,44.8710249290904));
#17455=CARTESIAN_POINT('',(0.,0.,0.));
#17456=CARTESIAN_POINT('Origin',(15.,-20.,0.));
#17457=CARTESIAN_POINT('',(13.75,-20.,12.));
#17458=CARTESIAN_POINT('Origin',(15.,-20.,12.));
#17459=CARTESIAN_POINT('',(13.75,-20.,0.));
#17460=CARTESIAN_POINT('',(13.75,-20.,0.));
#17461=CARTESIAN_POINT('Origin',(15.,-20.,0.));
#17462=CARTESIAN_POINT('Origin',(15.,-20.,0.));
#17463=CARTESIAN_POINT('',(13.,-20.,12.));
#17464=CARTESIAN_POINT('Origin',(15.,-20.,12.));
#17465=CARTESIAN_POINT('',(13.,-20.,0.));
#17466=CARTESIAN_POINT('',(13.,-20.,0.));
#17467=CARTESIAN_POINT('Origin',(15.,-20.,0.));
#17468=CARTESIAN_POINT('Origin',(15.,-20.,12.));
#17469=CARTESIAN_POINT('Origin',(15.,-20.,0.));
#17470=CARTESIAN_POINT('',(0.,0.,0.));
#17471=CARTESIAN_POINT('Origin',(-15.0000002235174,-20.0000002980232,0.));
#17472=CARTESIAN_POINT('',(-17.0000002235174,-20.0000002980232,650.));
#17473=CARTESIAN_POINT('Origin',(-15.0000002235174,-20.0000002980232,650.));
#17474=CARTESIAN_POINT('',(-17.0000002235174,-20.0000002980232,0.));
#17475=CARTESIAN_POINT('',(-17.0000002235174,-20.0000002980232,0.));
#17476=CARTESIAN_POINT('Origin',(-15.0000002235174,-20.0000002980232,0.));
#17477=CARTESIAN_POINT('Origin',(-15.0000002235174,-20.0000002980232,0.));
#17478=CARTESIAN_POINT('',(-18.0000002235174,-20.0000002980232,650.));
#17479=CARTESIAN_POINT('Origin',(-15.0000002235174,-20.0000002980232,650.));
#17480=CARTESIAN_POINT('',(-18.0000002235174,-20.0000002980232,0.));
#17481=CARTESIAN_POINT('',(-18.0000002235174,-20.0000002980232,0.));
#17482=CARTESIAN_POINT('Origin',(-15.0000002235174,-20.0000002980232,0.));
#17483=CARTESIAN_POINT('Origin',(-15.0000002235174,-20.0000002980232,650.));
#17484=CARTESIAN_POINT('Origin',(-15.0000002235174,-20.0000002980232,0.));
#17485=CARTESIAN_POINT('',(0.,0.,0.));
#17486=CARTESIAN_POINT('Origin',(-15.0000002235174,-20.0000002980232,0.));
#17487=CARTESIAN_POINT('',(-17.0000002235174,-20.0000002980232,675.));
#17488=CARTESIAN_POINT('Origin',(-15.0000002235174,-20.0000002980232,675.));
#17489=CARTESIAN_POINT('',(-17.0000002235174,-20.0000002980232,0.));
#17490=CARTESIAN_POINT('',(-17.0000002235174,-20.0000002980232,0.));
#17491=CARTESIAN_POINT('Origin',(-15.0000002235174,-20.0000002980232,0.));
#17492=CARTESIAN_POINT('Origin',(-15.0000002235174,-20.0000002980232,0.));
#17493=CARTESIAN_POINT('',(-18.0000002235174,-20.0000002980232,675.));
#17494=CARTESIAN_POINT('Origin',(-15.0000002235174,-20.0000002980232,675.));
#17495=CARTESIAN_POINT('',(-18.0000002235174,-20.0000002980232,0.));
#17496=CARTESIAN_POINT('',(-18.0000002235174,-20.0000002980232,0.));
#17497=CARTESIAN_POINT('Origin',(-15.0000002235174,-20.0000002980232,0.));
#17498=CARTESIAN_POINT('Origin',(-15.0000002235174,-20.0000002980232,675.));
#17499=CARTESIAN_POINT('Origin',(-15.0000002235174,-20.0000002980232,0.));
#17500=CARTESIAN_POINT('',(0.,0.,0.));
#17501=CARTESIAN_POINT('Origin',(91.0000013560057,0.,-2.0000000224));
#17502=CARTESIAN_POINT('',(89.3500013560057,2.02066721859313E-16,0.9999999776));
#17503=CARTESIAN_POINT('Origin',(91.0000013560057,0.,0.9999999776));
#17504=CARTESIAN_POINT('',(89.3500013560057,-2.02066721859313E-16,-1.00000000372529));
#17505=CARTESIAN_POINT('',(89.3500013560057,2.02066721859313E-16,-2.0000000224));
#17506=CARTESIAN_POINT('Origin',(91.0000013560057,0.,-1.00000000372529));
#17507=CARTESIAN_POINT('Origin',(109.000001624227,0.,-2.0000000224));
#17508=CARTESIAN_POINT('',(107.350001624227,2.02066721859313E-16,0.9999999776));
#17509=CARTESIAN_POINT('Origin',(109.000001624227,0.,0.9999999776));
#17510=CARTESIAN_POINT('',(107.350001624227,-2.02066721859313E-16,-1.00000000372529));
#17511=CARTESIAN_POINT('',(107.350001624227,2.02066721859313E-16,-2.0000000224));
#17512=CARTESIAN_POINT('Origin',(109.000001624227,0.,-1.00000000372529));
#17513=CARTESIAN_POINT('Origin',(100.000001490116,9.00000013411045,-2.0000000224));
#17514=CARTESIAN_POINT('',(98.3500014901161,9.00000013411045,0.9999999776));
#17515=CARTESIAN_POINT('Origin',(100.000001490116,9.00000013411045,0.9999999776));
#17516=CARTESIAN_POINT('',(98.3500014901161,9.00000013411045,-1.00000000372529));
#17517=CARTESIAN_POINT('',(98.3500014901161,9.00000013411045,-2.0000000224));
#17518=CARTESIAN_POINT('Origin',(100.000001490116,9.00000013411045,-1.00000000372529));
#17519=CARTESIAN_POINT('Origin',(100.000001490116,-9.00000013411045,-2.0000000224));
#17520=CARTESIAN_POINT('',(98.3500014901161,-9.00000013411045,0.9999999776));
#17521=CARTESIAN_POINT('Origin',(100.000001490116,-9.00000013411045,0.9999999776));
#17522=CARTESIAN_POINT('',(98.3500014901161,-9.00000013411045,-1.00000000372529));
#17523=CARTESIAN_POINT('',(98.3500014901161,-9.00000013411045,-2.0000000224));
#17524=CARTESIAN_POINT('Origin',(100.000001490116,-9.00000013411045,-1.00000000372529));
#17525=CARTESIAN_POINT('Origin',(104.000001549721,0.,0.9999999776));
#17526=CARTESIAN_POINT('',(87.5000013038516,-1.53080852174502E-15,0.99999999627471));
#17527=CARTESIAN_POINT('Origin',(100.000001490116,0.,0.99999999627471));
#17528=CARTESIAN_POINT('',(96.0000014305115,-4.89858726958405E-16,0.9999999776));
#17529=CARTESIAN_POINT('Origin',(100.000001490116,0.,0.9999999776));
#17530=CARTESIAN_POINT('Origin',(100.000001490116,0.,0.4999999888));
#17531=CARTESIAN_POINT('',(96.0000014305115,-4.89858726958405E-16,0.));
#17532=CARTESIAN_POINT('',(96.0000014305115,-4.89858726958405E-16,0.4999999888));
#17533=CARTESIAN_POINT('Origin',(100.000001490116,0.,0.));
#17534=CARTESIAN_POINT('Origin',(103.100001490116,0.,-1.8982025386784E-16));
#17535=CARTESIAN_POINT('',(96.9000014901161,-3.7964050773568E-16,-2.77555756156289E-16));
#17536=CARTESIAN_POINT('Origin',(100.000001490116,0.,-1.90819582357449E-16));
#17537=CARTESIAN_POINT('Origin',(100.000001490116,0.,-1.99190085277862));
#17538=CARTESIAN_POINT('',(96.9000014901161,-3.7964050773568E-16,-3.98380170555724));
#17539=CARTESIAN_POINT('',(96.9000014901161,-3.7964050773568E-16,-1.99190085277862));
#17540=CARTESIAN_POINT('Origin',(100.000001490116,0.,-3.98380170555724));
#17541=CARTESIAN_POINT('Origin',(100.000001490116,0.,-7.98380170555724));
#17542=CARTESIAN_POINT('',(97.7000014901161,-2.81668763803891E-16,-11.9838017055572));
#17543=CARTESIAN_POINT('',(97.3000014901161,-3.30654635769785E-16,-7.98380170555724));
#17544=CARTESIAN_POINT('Origin',(100.000001490116,0.,-11.9838017055572));
#17545=CARTESIAN_POINT('Origin',(104.30997661434,0.,-11.9838017055572));
#17546=CARTESIAN_POINT('',(95.6900263658921,-5.27819724028567E-16,-11.9838017055572));
#17547=CARTESIAN_POINT('Origin',(100.000001490116,0.,-11.9838017055572));
#17548=CARTESIAN_POINT('Origin',(100.000001490116,0.,-8.03368026514337));
#17549=CARTESIAN_POINT('',(94.9000020778092,-6.24569795593499E-16,-4.08355882472949));
#17550=CARTESIAN_POINT('Origin',(100.000001490116,0.,-4.08355882472949));
#17551=CARTESIAN_POINT('',(95.2950142218507,-5.76194759811033E-16,-8.03368026514337));
#17552=CARTESIAN_POINT('Origin',(100.000001490116,0.,-2.54177941422739));
#17553=CARTESIAN_POINT('',(94.9000020410447,-6.24569800095859E-16,-1.00000000372529));
#17554=CARTESIAN_POINT('Origin',(100.000001490116,0.,-1.00000000372529));
#17555=CARTESIAN_POINT('',(94.9000020410447,-6.24569800095859E-16,-2.54177941422739));
#17556=CARTESIAN_POINT('Origin',(112.500001676381,0.,-1.00000000372529));
#17557=CARTESIAN_POINT('',(87.5000013038516,-1.53080852174502E-15,-1.00000000372529));
#17558=CARTESIAN_POINT('Origin',(100.000001490116,0.,-1.00000000372529));
#17559=CARTESIAN_POINT('Origin',(100.000001490116,0.,-3.72529035397307E-9));
#17560=CARTESIAN_POINT('',(87.5000013038516,-1.53080852174502E-15,-3.72529035397307E-9));
#17561=CARTESIAN_POINT('',(0.,0.,0.));
#17562=CARTESIAN_POINT('',(0.,0.,0.));
#17563=CARTESIAN_POINT('Origin',(80.6645470549565,-16.8878613324343,18.7538624277698));
#17564=CARTESIAN_POINT('',(87.1645470549565,-16.8878613324343,13.7538624277698));
#17565=CARTESIAN_POINT('Origin',(80.6645470549565,-16.8878613324343,13.7538624277698));
#17566=CARTESIAN_POINT('',(86.1645470549565,-16.8878613324343,23.7538624277698));
#17567=CARTESIAN_POINT('',(86.6645470549565,-16.8878613324343,18.7538624277698));
#17568=CARTESIAN_POINT('Origin',(80.6645470549565,-16.8878613324343,23.7538624277698));
#17569=CARTESIAN_POINT('Origin',(84.6645471145611,-16.8878613324343,13.7538624277698));
#17570=CARTESIAN_POINT('',(68.164546868692,-16.8878613324343,13.7538624464445));
#17571=CARTESIAN_POINT('Origin',(80.6645470549565,-16.8878613324343,13.7538624464445));
#17572=CARTESIAN_POINT('',(79.0145470549565,-25.8878614665448,13.7538624277698));
#17573=CARTESIAN_POINT('Origin',(80.6645470549565,-25.8878614665448,13.7538624277698));
#17574=CARTESIAN_POINT('',(79.0145470549565,-7.88786119832389,13.7538624277698));
#17575=CARTESIAN_POINT('Origin',(80.6645470549565,-7.88786119832389,13.7538624277698));
#17576=CARTESIAN_POINT('',(88.0145471890669,-16.8878613324343,13.7538624277698));
#17577=CARTESIAN_POINT('Origin',(89.6645471890669,-16.8878613324343,13.7538624277698));
#17578=CARTESIAN_POINT('',(70.014546920846,-16.8878613324343,13.7538624277698));
#17579=CARTESIAN_POINT('Origin',(71.664546920846,-16.8878613324343,13.7538624277698));
#17580=CARTESIAN_POINT('Origin',(80.6645470549565,-16.8878613324343,23.7538624277698));
#17581=CARTESIAN_POINT('',(83.7645470549565,-16.8878613324343,23.7538624277698));
#17582=CARTESIAN_POINT('Origin',(80.6645470549565,-16.8878613324343,23.7538624277698));
#17583=CARTESIAN_POINT('Origin',(80.6645470549565,-16.8878613324343,13.7538624277698));
#17584=CARTESIAN_POINT('',(83.7645470549565,-16.8878613324343,9.75386242776982));
#17585=CARTESIAN_POINT('Origin',(80.6645470549565,-16.8878613324343,9.75386242776982));
#17586=CARTESIAN_POINT('',(83.7645470549565,-16.8878613324343,13.7538624277698));
#17587=CARTESIAN_POINT('Origin',(80.6645470549565,-25.8878614665448,9.75386242776981));
#17588=CARTESIAN_POINT('',(79.0145470549565,-25.8878614665448,9.75386242776981));
#17589=CARTESIAN_POINT('',(79.0145470549565,-25.8878614665448,9.75386242776981));
#17590=CARTESIAN_POINT('Origin',(80.6645470549565,-25.8878614665448,9.75386242776981));
#17591=CARTESIAN_POINT('Origin',(80.6645470549565,-7.88786119832389,9.75386242776982));
#17592=CARTESIAN_POINT('',(79.0145470549565,-7.88786119832389,9.75386242776982));
#17593=CARTESIAN_POINT('',(79.0145470549565,-7.88786119832389,9.75386242776982));
#17594=CARTESIAN_POINT('Origin',(80.6645470549565,-7.88786119832389,9.75386242776982));
#17595=CARTESIAN_POINT('Origin',(89.6645471890669,-16.8878613324343,9.75386242776982));
#17596=CARTESIAN_POINT('',(88.0145471890669,-16.8878613324343,9.75386242776982));
#17597=CARTESIAN_POINT('',(88.0145471890669,-16.8878613324343,9.75386242776982));
#17598=CARTESIAN_POINT('Origin',(89.6645471890669,-16.8878613324343,9.75386242776982));
#17599=CARTESIAN_POINT('Origin',(71.664546920846,-16.8878613324343,9.75386242776982));
#17600=CARTESIAN_POINT('',(70.014546920846,-16.8878613324343,9.75386242776982));
#17601=CARTESIAN_POINT('',(70.014546920846,-16.8878613324343,9.75386242776982));
#17602=CARTESIAN_POINT('Origin',(71.664546920846,-16.8878613324343,9.75386242776982));
#17603=CARTESIAN_POINT('Origin',(80.6645470549565,-16.8878613324343,9.75386244644453));
#17604=CARTESIAN_POINT('',(68.164546868692,-16.8878613324343,9.75386244644453));
#17605=CARTESIAN_POINT('',(68.164546868692,-16.8878613324343,9.75386244644453));
#17606=CARTESIAN_POINT('Origin',(80.6645470549565,-16.8878613324343,9.75386244644453));
#17607=CARTESIAN_POINT('Origin',(84.6645471145611,-16.8878613324343,9.75386242776982));
#17608=CARTESIAN_POINT('',(20.,50.,-4.44089209850063E-15));
#17609=CARTESIAN_POINT('',(21.8124117228948,-48.51,10.0210249290905));
#17610=CARTESIAN_POINT('',(98.4255242949091,0.8731159075183,-46.2481286528493));
#17611=CARTESIAN_POINT('',(28.8124119464123,27.9900002980232,29.0210249290905));
#17612=CARTESIAN_POINT('',(13.8124117228948,27.99,16.0210249290905));
#17613=CARTESIAN_POINT('',(58.232411722895,9.05187073862006E-30,61.9684810038217));
#17614=CARTESIAN_POINT('',(47.8124117228951,27.9900002980232,72.7710251526079));
#17615=CARTESIAN_POINT('',(0.,0.,0.));
#17616=CARTESIAN_POINT('',(83.4255242949091,20.8731159075183,6.75187045308093));
#17617=CARTESIAN_POINT('',(28.8124119464125,27.9900002980232,73.2210249290906));
#17618=CARTESIAN_POINT('',(113.425524518427,20.8731162055415,10.7518704530809));
#17619=CARTESIAN_POINT('',(-1.574477195207,0.873115907518298,10.751870453081));
#17620=CARTESIAN_POINT('',(0.,0.,0.));
#17621=CARTESIAN_POINT('',(17.7609772399526,17.7609772399526,6.99800800291118));
#17622=CARTESIAN_POINT('Origin',(0.,0.,0.));
#17623=UNCERTAINTY_MEASURE_WITH_UNIT(LENGTH_MEASURE(0.01),#17657,
'DISTANCE_ACCURACY_VALUE',
'Maximum model space distance between geometric entities at asserted c
onnectivities');
#17624=UNCERTAINTY_MEASURE_WITH_UNIT(LENGTH_MEASURE(0.01),#17657,
'DISTANCE_ACCURACY_VALUE',
'Maximum model space distance between geometric entities at asserted c
onnectivities');
#17625=UNCERTAINTY_MEASURE_WITH_UNIT(LENGTH_MEASURE(0.01),#17657,
'DISTANCE_ACCURACY_VALUE',
'Maximum model space distance between geometric entities at asserted c
onnectivities');
#17626=UNCERTAINTY_MEASURE_WITH_UNIT(LENGTH_MEASURE(0.01),#17657,
'DISTANCE_ACCURACY_VALUE',
'Maximum model space distance between geometric entities at asserted c
onnectivities');
#17627=UNCERTAINTY_MEASURE_WITH_UNIT(LENGTH_MEASURE(0.01),#17657,
'DISTANCE_ACCURACY_VALUE',
'Maximum model space distance between geometric entities at asserted c
onnectivities');
#17628=UNCERTAINTY_MEASURE_WITH_UNIT(LENGTH_MEASURE(0.01),#17657,
'DISTANCE_ACCURACY_VALUE',
'Maximum model space distance between geometric entities at asserted c
onnectivities');
#17629=UNCERTAINTY_MEASURE_WITH_UNIT(LENGTH_MEASURE(0.01),#17657,
'DISTANCE_ACCURACY_VALUE',
'Maximum model space distance between geometric entities at asserted c
onnectivities');
#17630=UNCERTAINTY_MEASURE_WITH_UNIT(LENGTH_MEASURE(0.01),#17657,
'DISTANCE_ACCURACY_VALUE',
'Maximum model space distance between geometric entities at asserted c
onnectivities');
#17631=UNCERTAINTY_MEASURE_WITH_UNIT(LENGTH_MEASURE(0.01),#17657,
'DISTANCE_ACCURACY_VALUE',
'Maximum model space distance between geometric entities at asserted c
onnectivities');
#17632=UNCERTAINTY_MEASURE_WITH_UNIT(LENGTH_MEASURE(0.01),#17657,
'DISTANCE_ACCURACY_VALUE',
'Maximum model space distance between geometric entities at asserted c
onnectivities');
#17633=UNCERTAINTY_MEASURE_WITH_UNIT(LENGTH_MEASURE(0.01),#17657,
'DISTANCE_ACCURACY_VALUE',
'Maximum model space distance between geometric entities at asserted c
onnectivities');
#17634=UNCERTAINTY_MEASURE_WITH_UNIT(LENGTH_MEASURE(0.01),#17657,
'DISTANCE_ACCURACY_VALUE',
'Maximum model space distance between geometric entities at asserted c
onnectivities');
#17635=UNCERTAINTY_MEASURE_WITH_UNIT(LENGTH_MEASURE(0.01),#17657,
'DISTANCE_ACCURACY_VALUE',
'Maximum model space distance between geometric entities at asserted c
onnectivities');
#17636=UNCERTAINTY_MEASURE_WITH_UNIT(LENGTH_MEASURE(0.01),#17657,
'DISTANCE_ACCURACY_VALUE',
'Maximum model space distance between geometric entities at asserted c
onnectivities');
#17637=UNCERTAINTY_MEASURE_WITH_UNIT(LENGTH_MEASURE(0.01),#17657,
'DISTANCE_ACCURACY_VALUE',
'Maximum model space distance between geometric entities at asserted c
onnectivities');
#17638=UNCERTAINTY_MEASURE_WITH_UNIT(LENGTH_MEASURE(0.01),#17657,
'DISTANCE_ACCURACY_VALUE',
'Maximum model space distance between geometric entities at asserted c
onnectivities');
#17639=UNCERTAINTY_MEASURE_WITH_UNIT(LENGTH_MEASURE(0.01),#17657,
'DISTANCE_ACCURACY_VALUE',
'Maximum model space distance between geometric entities at asserted c
onnectivities');
#17640=(
GEOMETRIC_REPRESENTATION_CONTEXT(3)
GLOBAL_UNCERTAINTY_ASSIGNED_CONTEXT((#17623))
GLOBAL_UNIT_ASSIGNED_CONTEXT((#17657,#17659,#17660))
REPRESENTATION_CONTEXT('','3D')
);
#17641=(
GEOMETRIC_REPRESENTATION_CONTEXT(3)
GLOBAL_UNCERTAINTY_ASSIGNED_CONTEXT((#17624))
GLOBAL_UNIT_ASSIGNED_CONTEXT((#17657,#17659,#17660))
REPRESENTATION_CONTEXT('','3D')
);
#17642=(
GEOMETRIC_REPRESENTATION_CONTEXT(3)
GLOBAL_UNCERTAINTY_ASSIGNED_CONTEXT((#17625))
GLOBAL_UNIT_ASSIGNED_CONTEXT((#17657,#17659,#17660))
REPRESENTATION_CONTEXT('','3D')
);
#17643=(
GEOMETRIC_REPRESENTATION_CONTEXT(3)
GLOBAL_UNCERTAINTY_ASSIGNED_CONTEXT((#17626))
GLOBAL_UNIT_ASSIGNED_CONTEXT((#17657,#17659,#17660))
REPRESENTATION_CONTEXT('','3D')
);
#17644=(
GEOMETRIC_REPRESENTATION_CONTEXT(3)
GLOBAL_UNCERTAINTY_ASSIGNED_CONTEXT((#17627))
GLOBAL_UNIT_ASSIGNED_CONTEXT((#17657,#17659,#17660))
REPRESENTATION_CONTEXT('','3D')
);
#17645=(
GEOMETRIC_REPRESENTATION_CONTEXT(3)
GLOBAL_UNCERTAINTY_ASSIGNED_CONTEXT((#17628))
GLOBAL_UNIT_ASSIGNED_CONTEXT((#17657,#17659,#17660))
REPRESENTATION_CONTEXT('','3D')
);
#17646=(
GEOMETRIC_REPRESENTATION_CONTEXT(3)
GLOBAL_UNCERTAINTY_ASSIGNED_CONTEXT((#17629))
GLOBAL_UNIT_ASSIGNED_CONTEXT((#17657,#17659,#17660))
REPRESENTATION_CONTEXT('','3D')
);
#17647=(
GEOMETRIC_REPRESENTATION_CONTEXT(3)
GLOBAL_UNCERTAINTY_ASSIGNED_CONTEXT((#17630))
GLOBAL_UNIT_ASSIGNED_CONTEXT((#17657,#17659,#17660))
REPRESENTATION_CONTEXT('','3D')
);
#17648=(
GEOMETRIC_REPRESENTATION_CONTEXT(3)
GLOBAL_UNCERTAINTY_ASSIGNED_CONTEXT((#17631))
GLOBAL_UNIT_ASSIGNED_CONTEXT((#17657,#17659,#17660))
REPRESENTATION_CONTEXT('','3D')
);
#17649=(
GEOMETRIC_REPRESENTATION_CONTEXT(3)
GLOBAL_UNCERTAINTY_ASSIGNED_CONTEXT((#17632))
GLOBAL_UNIT_ASSIGNED_CONTEXT((#17657,#17659,#17660))
REPRESENTATION_CONTEXT('','3D')
);
#17650=(
GEOMETRIC_REPRESENTATION_CONTEXT(3)
GLOBAL_UNCERTAINTY_ASSIGNED_CONTEXT((#17633))
GLOBAL_UNIT_ASSIGNED_CONTEXT((#17657,#17659,#17660))
REPRESENTATION_CONTEXT('','3D')
);
#17651=(
GEOMETRIC_REPRESENTATION_CONTEXT(3)
GLOBAL_UNCERTAINTY_ASSIGNED_CONTEXT((#17634))
GLOBAL_UNIT_ASSIGNED_CONTEXT((#17657,#17659,#17660))
REPRESENTATION_CONTEXT('','3D')
);
#17652=(
GEOMETRIC_REPRESENTATION_CONTEXT(3)
GLOBAL_UNCERTAINTY_ASSIGNED_CONTEXT((#17635))
GLOBAL_UNIT_ASSIGNED_CONTEXT((#17657,#17659,#17660))
REPRESENTATION_CONTEXT('','3D')
);
#17653=(
GEOMETRIC_REPRESENTATION_CONTEXT(3)
GLOBAL_UNCERTAINTY_ASSIGNED_CONTEXT((#17636))
GLOBAL_UNIT_ASSIGNED_CONTEXT((#17657,#17659,#17660))
REPRESENTATION_CONTEXT('','3D')
);
#17654=(
GEOMETRIC_REPRESENTATION_CONTEXT(3)
GLOBAL_UNCERTAINTY_ASSIGNED_CONTEXT((#17637))
GLOBAL_UNIT_ASSIGNED_CONTEXT((#17657,#17659,#17660))
REPRESENTATION_CONTEXT('','3D')
);
#17655=(
GEOMETRIC_REPRESENTATION_CONTEXT(3)
GLOBAL_UNCERTAINTY_ASSIGNED_CONTEXT((#17638))
GLOBAL_UNIT_ASSIGNED_CONTEXT((#17657,#17659,#17660))
REPRESENTATION_CONTEXT('','3D')
);
#17656=(
GEOMETRIC_REPRESENTATION_CONTEXT(3)
GLOBAL_UNCERTAINTY_ASSIGNED_CONTEXT((#17639))
GLOBAL_UNIT_ASSIGNED_CONTEXT((#17657,#17659,#17660))
REPRESENTATION_CONTEXT('','3D')
);
#17657=(
LENGTH_UNIT()
NAMED_UNIT(*)
SI_UNIT(.MILLI.,.METRE.)
);
#17658=(
LENGTH_UNIT()
NAMED_UNIT(*)
SI_UNIT($,.METRE.)
);
#17659=(
NAMED_UNIT(*)
PLANE_ANGLE_UNIT()
SI_UNIT($,.RADIAN.)
);
#17660=(
NAMED_UNIT(*)
SI_UNIT($,.STERADIAN.)
SOLID_ANGLE_UNIT()
);
#17661=SHAPE_DEFINITION_REPRESENTATION(#17677,#17708);
#17662=SHAPE_DEFINITION_REPRESENTATION(#17678,#17709);
#17663=SHAPE_DEFINITION_REPRESENTATION(#17679,#17710);
#17664=SHAPE_DEFINITION_REPRESENTATION(#17681,#17711);
#17665=SHAPE_DEFINITION_REPRESENTATION(#17682,#17712);
#17666=SHAPE_DEFINITION_REPRESENTATION(#17683,#17713);
#17667=SHAPE_DEFINITION_REPRESENTATION(#17684,#17714);
#17668=SHAPE_DEFINITION_REPRESENTATION(#17685,#17715);
#17669=SHAPE_DEFINITION_REPRESENTATION(#17686,#17716);
#17670=SHAPE_DEFINITION_REPRESENTATION(#17687,#17717);
#17671=SHAPE_DEFINITION_REPRESENTATION(#17688,#17718);
#17672=SHAPE_DEFINITION_REPRESENTATION(#17689,#17719);
#17673=SHAPE_DEFINITION_REPRESENTATION(#17690,#17720);
#17674=SHAPE_DEFINITION_REPRESENTATION(#17691,#17721);
#17675=SHAPE_DEFINITION_REPRESENTATION(#17692,#17722);
#17676=SHAPE_DEFINITION_REPRESENTATION(#17693,#17723);
#17677=PRODUCT_DEFINITION_SHAPE('',$,#17725);
#17678=PRODUCT_DEFINITION_SHAPE('',$,#17726);
#17679=PRODUCT_DEFINITION_SHAPE('',$,#17727);
#17680=PRODUCT_DEFINITION_SHAPE($,$,#81);
#17681=PRODUCT_DEFINITION_SHAPE('',$,#17728);
#17682=PRODUCT_DEFINITION_SHAPE('',$,#17729);
#17683=PRODUCT_DEFINITION_SHAPE('',$,#17730);
#17684=PRODUCT_DEFINITION_SHAPE('',$,#17731);
#17685=PRODUCT_DEFINITION_SHAPE('',$,#17732);
#17686=PRODUCT_DEFINITION_SHAPE('',$,#17733);
#17687=PRODUCT_DEFINITION_SHAPE('',$,#17734);
#17688=PRODUCT_DEFINITION_SHAPE('',$,#17735);
#17689=PRODUCT_DEFINITION_SHAPE('',$,#17736);
#17690=PRODUCT_DEFINITION_SHAPE('',$,#17737);
#17691=PRODUCT_DEFINITION_SHAPE('',$,#17738);
#17692=PRODUCT_DEFINITION_SHAPE('',$,#17739);
#17693=PRODUCT_DEFINITION_SHAPE('',$,#17740);
#17694=PRODUCT_DEFINITION_SHAPE($,$,#82);
#17695=PRODUCT_DEFINITION_SHAPE($,$,#83);
#17696=PRODUCT_DEFINITION_SHAPE($,$,#84);
#17697=PRODUCT_DEFINITION_SHAPE($,$,#85);
#17698=PRODUCT_DEFINITION_SHAPE($,$,#86);
#17699=PRODUCT_DEFINITION_SHAPE($,$,#87);
#17700=PRODUCT_DEFINITION_SHAPE($,$,#88);
#17701=PRODUCT_DEFINITION_SHAPE($,$,#89);
#17702=PRODUCT_DEFINITION_SHAPE($,$,#90);
#17703=PRODUCT_DEFINITION_SHAPE($,$,#91);
#17704=PRODUCT_DEFINITION_SHAPE($,$,#92);
#17705=PRODUCT_DEFINITION_SHAPE($,$,#93);
#17706=PRODUCT_DEFINITION_SHAPE($,$,#94);
#17707=PRODUCT_DEFINITION_SHAPE($,$,#95);
#17708=SHAPE_REPRESENTATION('',(#10271,#11314,#11315,#11316,#11317,#11318,
#11319,#11320,#11321,#11322,#11323,#11324,#11325,#11326,#11327),#17640);
#17709=SHAPE_REPRESENTATION('',(#10272,#10410),#17641);
#17710=SHAPE_REPRESENTATION('',(#10273),#17642);
#17711=SHAPE_REPRESENTATION('',(#10411,#20,#21,#22,#23,#24,#25),#17643);
#17712=SHAPE_REPRESENTATION('',(#10915),#17644);
#17713=SHAPE_REPRESENTATION('',(#10948),#17645);
#17714=SHAPE_REPRESENTATION('',(#10957),#17646);
#17715=SHAPE_REPRESENTATION('',(#10966),#17647);
#17716=SHAPE_REPRESENTATION('',(#11132),#17648);
#17717=SHAPE_REPRESENTATION('',(#11141),#17649);
#17718=SHAPE_REPRESENTATION('',(#11228),#17650);
#17719=SHAPE_REPRESENTATION('',(#11237),#17651);
#17720=SHAPE_REPRESENTATION('',(#11246),#17652);
#17721=SHAPE_REPRESENTATION('',(#11255),#17653);
#17722=SHAPE_REPRESENTATION('',(#11288),#17654);
#17723=SHAPE_REPRESENTATION('',(#11289),#17655);
#17724=PRODUCT_DEFINITION_CONTEXT('part definition',#17774,'design');
#17725=PRODUCT_DEFINITION('Seed Placer 4','Seed Placer 4 v23',#17741,#17724);
#17726=PRODUCT_DEFINITION('UNI\X\C3O T','UNI\X\C3O T v2',#17742,#17724);
#17727=PRODUCT_DEFINITION('\X\D86 UNI\X\C3O T (C00600600)',
'\X\D86 UNI\X\C3O T (C00600600)',#17743,#17724);
#17728=PRODUCT_DEFINITION('SPARKFUN_VACUUM_PUMP',
'sparkfun_vacuum_pump v2',#17744,#17724);
#17729=PRODUCT_DEFINITION('Parametric Needle','Parametric Needle v4',#17745,
#17724);
#17730=PRODUCT_DEFINITION('Component1','Component1',#17746,#17724);
#17731=PRODUCT_DEFINITION('Component2','Component2',#17747,#17724);
#17732=PRODUCT_DEFINITION('mpx2050','mpx2050 v2',#17748,#17724);
#17733=PRODUCT_DEFINITION('Component4','Component4',#17749,#17724);
#17734=PRODUCT_DEFINITION('Component5','Component5',#17750,#17724);
#17735=PRODUCT_DEFINITION('Component7','Component7',#17751,#17724);
#17736=PRODUCT_DEFINITION('Component9','Component9',#17752,#17724);
#17737=PRODUCT_DEFINITION('Component10','Component10',#17753,#17724);
#17738=PRODUCT_DEFINITION('Component14','Component14',#17754,#17724);
#17739=PRODUCT_DEFINITION('Component15','Component15',#17755,#17724);
#17740=PRODUCT_DEFINITION('Component16','Component16',#17756,#17724);
#17741=PRODUCT_DEFINITION_FORMATION('',$,#17776);
#17742=PRODUCT_DEFINITION_FORMATION('',$,#17777);
#17743=PRODUCT_DEFINITION_FORMATION('',$,#17778);
#17744=PRODUCT_DEFINITION_FORMATION('',$,#17779);
#17745=PRODUCT_DEFINITION_FORMATION('',$,#17780);
#17746=PRODUCT_DEFINITION_FORMATION('',$,#17781);
#17747=PRODUCT_DEFINITION_FORMATION('',$,#17782);
#17748=PRODUCT_DEFINITION_FORMATION('',$,#17783);
#17749=PRODUCT_DEFINITION_FORMATION('',$,#17784);
#17750=PRODUCT_DEFINITION_FORMATION('',$,#17785);
#17751=PRODUCT_DEFINITION_FORMATION('',$,#17786);
#17752=PRODUCT_DEFINITION_FORMATION('',$,#17787);
#17753=PRODUCT_DEFINITION_FORMATION('',$,#17788);
#17754=PRODUCT_DEFINITION_FORMATION('',$,#17789);
#17755=PRODUCT_DEFINITION_FORMATION('',$,#17790);
#17756=PRODUCT_DEFINITION_FORMATION('',$,#17791);
#17757=PRODUCT_RELATED_PRODUCT_CATEGORY('Seed Placer 4 v23',
'Seed Placer 4 v23',(#17776));
#17758=PRODUCT_RELATED_PRODUCT_CATEGORY('UNI\X\C3O T v2','UNI\X\C3O T 
v2',(#17777));
#17759=PRODUCT_RELATED_PRODUCT_CATEGORY('\X\D86 UNI\X\C3O T (C00600600
)','\X\D86 UNI\X\C3O T (C00600600)',(#17778));
#17760=PRODUCT_RELATED_PRODUCT_CATEGORY('sparkfun_vacuum_pump v2',
'sparkfun_vacuum_pump v2',(#17779));
#17761=PRODUCT_RELATED_PRODUCT_CATEGORY('Parametric Needle v4',
'Parametric Needle v4',(#17780));
#17762=PRODUCT_RELATED_PRODUCT_CATEGORY('Component1','Component1',(#17781));
#17763=PRODUCT_RELATED_PRODUCT_CATEGORY('Component2','Component2',(#17782));
#17764=PRODUCT_RELATED_PRODUCT_CATEGORY('mpx2050 v2','mpx2050 v2',(#17783));
#17765=PRODUCT_RELATED_PRODUCT_CATEGORY('Component4','Component4',(#17784));
#17766=PRODUCT_RELATED_PRODUCT_CATEGORY('Component5','Component5',(#17785));
#17767=PRODUCT_RELATED_PRODUCT_CATEGORY('Component7','Component7',(#17786));
#17768=PRODUCT_RELATED_PRODUCT_CATEGORY('Component9','Component9',(#17787));
#17769=PRODUCT_RELATED_PRODUCT_CATEGORY('Component10','Component10',(#17788));
#17770=PRODUCT_RELATED_PRODUCT_CATEGORY('Component14','Component14',(#17789));
#17771=PRODUCT_RELATED_PRODUCT_CATEGORY('Component15','Component15',(#17790));
#17772=PRODUCT_RELATED_PRODUCT_CATEGORY('Component16','Component16',(#17791));
#17773=APPLICATION_PROTOCOL_DEFINITION('international standard',
'automotive_design',2009,#17774);
#17774=APPLICATION_CONTEXT(
'Core Data for Automotive Mechanical Design Process');
#17775=PRODUCT_CONTEXT('part definition',#17774,'mechanical');
#17776=PRODUCT('Seed Placer 4','Seed Placer 4 v23',$,(#17775));
#17777=PRODUCT('UNI\X\C3O T','UNI\X\C3O T v2','STEP AP214',(#17775));
#17778=PRODUCT('\X\D86 UNI\X\C3O T (C00600600)',
'\X\D86 UNI\X\C3O T (C00600600)',$,(#17775));
#17779=PRODUCT('SPARKFUN_VACUUM_PUMP','sparkfun_vacuum_pump v2',$,(#17775));
#17780=PRODUCT('Parametric Needle','Parametric Needle v4',$,(#17775));
#17781=PRODUCT('Component1','Component1',$,(#17775));
#17782=PRODUCT('Component2','Component2',$,(#17775));
#17783=PRODUCT('mpx2050','mpx2050 v2',$,(#17775));
#17784=PRODUCT('Component4','Component4',$,(#17775));
#17785=PRODUCT('Component5','Component5',$,(#17775));
#17786=PRODUCT('Component7','Component7',$,(#17775));
#17787=PRODUCT('Component9','Component9',$,(#17775));
#17788=PRODUCT('Component10','Component10',$,(#17775));
#17789=PRODUCT('Component14','Component14',$,(#17775));
#17790=PRODUCT('Component15','Component15',$,(#17775));
#17791=PRODUCT('Component16','Component16',$,(#17775));
#17792=PRESENTATION_STYLE_ASSIGNMENT((#17808));
#17793=PRESENTATION_STYLE_ASSIGNMENT((#17809));
#17794=PRESENTATION_STYLE_ASSIGNMENT((#17810));
#17795=PRESENTATION_STYLE_ASSIGNMENT((#17811));
#17796=PRESENTATION_STYLE_ASSIGNMENT((#17812));
#17797=PRESENTATION_STYLE_ASSIGNMENT((#17813));
#17798=PRESENTATION_STYLE_ASSIGNMENT((#17814));
#17799=PRESENTATION_STYLE_ASSIGNMENT((#17815));
#17800=PRESENTATION_STYLE_ASSIGNMENT((#17816));
#17801=PRESENTATION_STYLE_ASSIGNMENT((#17817));
#17802=PRESENTATION_STYLE_ASSIGNMENT((#17818));
#17803=PRESENTATION_STYLE_ASSIGNMENT((#17819));
#17804=PRESENTATION_STYLE_ASSIGNMENT((#17820));
#17805=PRESENTATION_STYLE_ASSIGNMENT((#17821));
#17806=PRESENTATION_STYLE_ASSIGNMENT((#17822));
#17807=PRESENTATION_STYLE_ASSIGNMENT((NULL_STYLE(.NULL.)));
#17808=SURFACE_STYLE_USAGE(.BOTH.,#17823);
#17809=SURFACE_STYLE_USAGE(.BOTH.,#17824);
#17810=SURFACE_STYLE_USAGE(.BOTH.,#17825);
#17811=SURFACE_STYLE_USAGE(.BOTH.,#17826);
#17812=SURFACE_STYLE_USAGE(.BOTH.,#17827);
#17813=SURFACE_STYLE_USAGE(.BOTH.,#17828);
#17814=SURFACE_STYLE_USAGE(.BOTH.,#17829);
#17815=SURFACE_STYLE_USAGE(.BOTH.,#17830);
#17816=SURFACE_STYLE_USAGE(.BOTH.,#17831);
#17817=SURFACE_STYLE_USAGE(.BOTH.,#17832);
#17818=SURFACE_STYLE_USAGE(.BOTH.,#17833);
#17819=SURFACE_STYLE_USAGE(.BOTH.,#17834);
#17820=SURFACE_STYLE_USAGE(.BOTH.,#17835);
#17821=SURFACE_STYLE_USAGE(.BOTH.,#17836);
#17822=SURFACE_STYLE_USAGE(.BOTH.,#17837);
#17823=SURFACE_SIDE_STYLE('',(#17838));
#17824=SURFACE_SIDE_STYLE('',(#17839));
#17825=SURFACE_SIDE_STYLE('',(#17840));
#17826=SURFACE_SIDE_STYLE('',(#17841));
#17827=SURFACE_SIDE_STYLE('',(#17842));
#17828=SURFACE_SIDE_STYLE('',(#17843));
#17829=SURFACE_SIDE_STYLE('',(#17844));
#17830=SURFACE_SIDE_STYLE('',(#17845));
#17831=SURFACE_SIDE_STYLE('',(#17846));
#17832=SURFACE_SIDE_STYLE('',(#17847));
#17833=SURFACE_SIDE_STYLE('',(#17848));
#17834=SURFACE_SIDE_STYLE('',(#17849));
#17835=SURFACE_SIDE_STYLE('',(#17850));
#17836=SURFACE_SIDE_STYLE('',(#17851));
#17837=SURFACE_SIDE_STYLE('',(#17852));
#17838=SURFACE_STYLE_FILL_AREA(#17853);
#17839=SURFACE_STYLE_FILL_AREA(#17854);
#17840=SURFACE_STYLE_FILL_AREA(#17855);
#17841=SURFACE_STYLE_FILL_AREA(#17856);
#17842=SURFACE_STYLE_FILL_AREA(#17857);
#17843=SURFACE_STYLE_FILL_AREA(#17858);
#17844=SURFACE_STYLE_FILL_AREA(#17859);
#17845=SURFACE_STYLE_FILL_AREA(#17860);
#17846=SURFACE_STYLE_FILL_AREA(#17861);
#17847=SURFACE_STYLE_FILL_AREA(#17862);
#17848=SURFACE_STYLE_FILL_AREA(#17863);
#17849=SURFACE_STYLE_FILL_AREA(#17864);
#17850=SURFACE_STYLE_FILL_AREA(#17865);
#17851=SURFACE_STYLE_FILL_AREA(#17866);
#17852=SURFACE_STYLE_FILL_AREA(#17867);
#17853=FILL_AREA_STYLE('Steel - Satin',(#17868));
#17854=FILL_AREA_STYLE('Plastic - Matte (Black)',(#17869));
#17855=FILL_AREA_STYLE('Opaque(198,198,209)',(#17870));
#17856=FILL_AREA_STYLE('Opaque(28,28,28)',(#17871));
#17857=FILL_AREA_STYLE('Plastic - Matte (Red)',(#17872));
#17858=FILL_AREA_STYLE('Opaque(217,217,217)',(#17873));
#17859=FILL_AREA_STYLE('Steel - Brushed Linear Short',(#17874));
#17860=FILL_AREA_STYLE('Plastic - Translucent Matte (Red)',(#17875));
#17861=FILL_AREA_STYLE('Stainless Steel - Polished',(#17876));
#17862=FILL_AREA_STYLE('Plastic - Translucent Glossy (White)',(#17877));
#17863=FILL_AREA_STYLE('Plastic - Translucent Matte (Blue)',(#17878));
#17864=FILL_AREA_STYLE('Polycarbonate (Clear)',(#17879));
#17865=FILL_AREA_STYLE('Plastic - Glossy (Black)',(#17880));
#17866=FILL_AREA_STYLE('Opaque(218,212,78)',(#17881));
#17867=FILL_AREA_STYLE('Glass - Heavy Color (Blue)',(#17882));
#17868=FILL_AREA_STYLE_COLOUR('Steel - Satin',#17883);
#17869=FILL_AREA_STYLE_COLOUR('Plastic - Matte (Black)',#17884);
#17870=FILL_AREA_STYLE_COLOUR('Opaque(198,198,209)',#17885);
#17871=FILL_AREA_STYLE_COLOUR('Opaque(28,28,28)',#17886);
#17872=FILL_AREA_STYLE_COLOUR('Plastic - Matte (Red)',#17887);
#17873=FILL_AREA_STYLE_COLOUR('Opaque(217,217,217)',#17888);
#17874=FILL_AREA_STYLE_COLOUR('Steel - Brushed Linear Short',#17889);
#17875=FILL_AREA_STYLE_COLOUR('Plastic - Translucent Matte (Red)',#17890);
#17876=FILL_AREA_STYLE_COLOUR('Stainless Steel - Polished',#17891);
#17877=FILL_AREA_STYLE_COLOUR('Plastic - Translucent Glossy (White)',#17892);
#17878=FILL_AREA_STYLE_COLOUR('Plastic - Translucent Matte (Blue)',#17893);
#17879=FILL_AREA_STYLE_COLOUR('Polycarbonate (Clear)',#17894);
#17880=FILL_AREA_STYLE_COLOUR('Plastic - Glossy (Black)',#17895);
#17881=FILL_AREA_STYLE_COLOUR('Opaque(218,212,78)',#17896);
#17882=FILL_AREA_STYLE_COLOUR('Glass - Heavy Color (Blue)',#17897);
#17883=COLOUR_RGB('Steel - Satin',0.627450980392157,0.627450980392157,0.627450980392157);
#17884=COLOUR_RGB('Plastic - Matte (Black)',0.0980392156862745,0.0980392156862745,
0.0980392156862745);
#17885=COLOUR_RGB('Opaque(198,198,209)',0.776470588235294,0.776470588235294,
0.819607843137255);
#17886=COLOUR_RGB('Opaque(28,28,28)',0.109803921568627,0.109803921568627,
0.109803921568627);
#17887=COLOUR_RGB('Plastic - Matte (Red)',0.768627450980392,0.207843137254902,
0.152941176470588);
#17888=COLOUR_RGB('Opaque(217,217,217)',0.850980392156863,0.850980392156863,
0.850980392156863);
#17889=COLOUR_RGB('Steel - Brushed Linear Short',0.627450980392157,0.627450980392157,
0.627450980392157);
#17890=COLOUR_RGB('Plastic - Translucent Matte (Red)',0.768627450980392,
0.207843137254902,0.152941176470588);
#17891=COLOUR_RGB('Stainless Steel - Polished',0.796078431372549,0.796078431372549,
0.796078431372549);
#17892=COLOUR_RGB('Plastic - Translucent Glossy (White)',0.964705882352941,
0.964705882352941,0.952941176470588);
#17893=COLOUR_RGB('Plastic - Translucent Matte (Blue)',0.188235294117647,
0.231372549019608,0.588235294117647);
#17894=COLOUR_RGB('Polycarbonate (Clear)',0.964705882352941,0.964705882352941,
0.952941176470588);
#17895=COLOUR_RGB('Plastic - Glossy (Black)',0.0980392156862745,0.0980392156862745,
0.0980392156862745);
#17896=COLOUR_RGB('Opaque(218,212,78)',0.854901960784314,0.831372549019608,
0.305882352941176);
#17897=COLOUR_RGB('Glass - Heavy Color (Blue)',0.423529411764706,0.768627450980392,
0.854901960784314);
ENDSEC;
END-ISO-10303-21;
